brand,model,weekstart,spend,nd,visits,promo_presidents_day,promo_friends_&_family,promo_easter_pre-peak,promo_easter_peak,promo_spring_sale,promo_stylecash_redeem,promo_memorial_day_pre-peak,promo_memorial_day_peak,promo_july_4th_pre-peak,promo_july_4th_peak,promo_summer_sale,promo_labor_day_pre-peak,promo_labor_day_peak,promo_october_peak,promo_holiday_preview,promo_black_friday_pre-peak,promo_black_friday_peak,promo_cyber_monday,promo_holiday_1,promo_holiday_2,promo_winter_sale,promo_flash_sale,promo_mlk,promo_victoria_day,promo_memorial_day,promo_summer_sale_phase_1,promo_summer_sale_phase_2,promo_summer_sale_phase_3,promo_summer_sale_phase_4,promo_black_friday,promo_december_gifting,promo_winter_sale_phase_1,promo_winter_sale_phase_2,promo_winter_sale_phase_3,promo_easter,promo_labor_day,promo_winter_sale_preview,discount_0_5,discount_0_4,discount_0_7,discount_0_6,discount_0_2,discount_0_3
banana republic,Social | Awareness | AWE Social Meta,2025-02-02,12501.4601,118679.1845,13795.6329,0,0,0,0,0,0,0,0,0,0,0,0,0,0,0,0,0,0,0,0,0,0,0,0,0,0,0,0,0,0,0,0,0,0,0,0,0,0,0,0,0,0,0
banana republic,Social | Awareness | AWE Social Meta,2025-02-09,13166.41,125842.6389,14617.6805,0,0,0,0,0,0,0,0,0,0,0,0,0,0,0,0,0,0,0,0,0,0,0,0,0,0,0,0,0,0,0,0,0,0,0,0,0,0,0,0,0,0,0
banana republic,Social | Awareness | AWE Social Meta,2025-02-16,17410.7301,173416.8917,20157.0183,0,0,0,0,0,0,0,0,0,0,0,0,0,0,0,0,0,0,0,0,0,0,0,0,0,0,0,0,0,0,0,0,0,0,0,0,0,0,0,0,0,0,0
banana republic,Social | Awareness | AWE Social Meta,2025-02-23,14551.68,139022.3327,16130.5997,0,0,0,0,0,0,0,0,0,0,0,0,0,0,0,0,0,0,0,0,0,0,0,0,0,0,0,0,0,0,0,0,0,0,0,0,0,0,0,0,0,0,0
banana republic,Social | Awareness | AWE Social Meta,2025-03-02,22963.3,161703.7629,19188.0692,0,0,0,0,0,0,0,0,0,0,0,0,0,0,0,0,0,0,0,0,0,0,0,0,0,0,0,0,0,0,0,0,0,0,0,0,0,0,0,0,0,0,0
banana republic,Social | Awareness | AWE Social Meta,2025-03-09,22341.58,152464.1126,18126.8472,0,0,0,0,0,0,0,0,0,0,0,0,0,0,0,0,0,0,0,0,0,0,0,0,0,0,0,0,0,0,0,0,0,0,0,0,0,0,0,0,0,0,0
banana republic,Social | Awareness | AWE Social Meta,2025-03-16,63364.88,383904.3464,45810.7469,0,0,0,0,0,0,0,0,0,0,0,0,0,0,0,0,0,0,0,0,0,0,0,0,0,0,0,0,0,0,0,0,0,0,0,0,0,0,0,0,0,0,0
banana republic,Social | Awareness | AWE Social Meta,2025-03-23,203758.74,1106278.2422,132042.8643,0,2,0,0,0,0,0,0,0,0,0,0,0,0,0,0,0,0,0,0,0,0,0,0,0,0,0,0,0,0,0,0,0,0,0,0,0,0,2,0,0,0,0
banana republic,Social | Awareness | AWE Social Meta,2025-03-30,37036.52,354573.8077,42017.4254,0,1,0,0,0,0,0,0,0,0,0,0,0,0,0,0,0,0,0,0,0,0,0,0,0,0,0,0,0,0,0,0,0,0,0,0,0,0,1,0,0,0,0
banana republic,Social | Awareness | AWE Social Meta,2025-04-06,43279.0001,318345.0089,37562.5149,0,0,0,0,0,0,0,0,0,0,0,0,0,0,0,0,0,0,0,0,0,0,0,0,0,0,0,0,0,0,0,0,0,0,0,0,0,0,0,0,0,0,0
banana republic,Social | Awareness | AWE Social Meta,2025-04-13,42107.62,282397.7469,33390.9112,0,0,0,0,0,0,0,0,0,0,0,0,0,0,0,0,0,0,0,0,0,0,0,0,0,0,0,0,0,0,0,0,0,0,1,0,0,0,0,0,0,0,1
banana republic,Social | Awareness | AWE Social Meta,2025-04-20,43262.61,284709.7379,33743.4059,0,0,0,0,0,0,0,0,0,0,0,0,0,0,0,0,0,0,0,0,0,0,0,0,0,0,0,0,0,0,0,0,0,0,1,0,0,0,0,0,0,0,1
banana republic,Social | Awareness | AWE Social Meta,2025-04-27,40487.8,263674.1171,31255.1129,0,0,0,0,0,0,0,0,0,0,0,0,0,0,0,0,0,0,0,0,0,0,0,0,0,0,0,0,0,0,0,0,0,0,0,0,0,0,0,0,0,0,0
banana republic,Social | Awareness | AWE Social Meta,2025-05-04,47798.2799,303909.6722,45876.0132,0,0,0,0,0,0,0,0,0,0,0,0,0,0,0,0,0,0,0,0,0,0,0,0,0,0,0,0,0,0,0,0,0,0,0,0,0,0,0,0,0,0,0
banana republic,Social | Awareness | AWE Social Meta,2025-05-11,34033.88,230901.3399,35453.9344,0,0,0,0,0,0,0,0,0,0,0,0,0,0,0,0,0,0,0,0,0,0,0,0,0,0,0,0,0,0,0,0,0,0,0,0,0,0,0,0,0,0,0
banana republic,Social | Awareness | AWE Social Meta,2025-05-18,32887.4801,201967.4676,31061.9893,0,0,0,0,0,0,0,0,0,0,0,0,0,0,0,0,0,0,0,0,0,0,0,0,1,0,0,0,0,0,0,0,0,0,0,0,0,0,0,0,0,0,1
banana republic,Social | Awareness | AWE Social Meta,2025-05-25,33234.5201,204008.8858,31430.787,0,0,0,0,0,0,0,0,0,0,0,0,0,0,0,0,0,0,0,0,0,0,0,0,1,0,0,0,0,0,0,0,0,0,0,0,0,0,0,0,0,0,1
banana republic,Social | Awareness | AWE Social Meta,2025-06-01,27993.67,206548.4669,32039.242,0,0,0,0,0,0,0,0,0,0,0,0,0,0,0,0,0,0,0,0,0,0,0,0,0,0,0,0,0,0,0,0,0,0,0,0,0,0,0,0,0,0,0
banana republic,Social | Awareness | AWE Social Meta,2025-06-08,33196.6001,224691.175,35038.4097,0,0,0,0,0,0,0,0,0,0,0,0,0,0,0,0,0,0,0,0,0,0,0,0,0,0,0,0,0,0,0,0,0,0,0,0,0,0,0,0,0,0,0
banana republic,Social | Awareness | AWE Social Meta,2025-06-15,32089.97,217574.9685,33887.7552,0,0,0,0,0,0,0,0,0,0,0,0,0,0,0,0,0,0,0,0,0,0,0,0,0,0,0,0,0,0,0,0,0,0,0,0,0,0,0,0,0,0,0
banana republic,Social | Awareness | AWE Social Meta,2025-06-22,25297.37,159289.2089,24714.1926,0,0,0,0,0,0,0,0,0,0,0,0,0,0,0,0,0,0,0,0,0,0,0,0,0,1,0,0,0,0,0,0,0,0,0,0,0,0,0,0,1,0,0
banana republic,Social | Awareness | AWE Social Meta,2025-06-29,23381.3902,133987.8045,20811.0285,0,0,0,0,0,0,0,0,0,0,0,0,0,0,0,0,0,0,0,0,0,0,0,0,0,1,2,0,0,0,0,0,0,0,0,0,0,0,0,0,2,0,0
banana republic,Social | Awareness | AWE Social Meta,2025-07-06,41641.53,190124.5381,40620.8668,0,0,0,0,0,0,0,0,0,0,0,0,0,0,0,0,0,0,0,0,0,0,0,0,0,0,2,1,0,0,0,0,0,0,0,0,0,0,0,0,2,0,0
banana republic,Social | Awareness | AWE Social Meta,2025-07-13,41530.13,198440.3613,42784.0007,0,0,0,0,0,0,0,0,0,0,0,0,0,0,0,0,0,0,0,0,0,0,0,0,0,0,0,2,0,0,0,0,0,0,0,0,0,0,0,0,2,0,0
banana republic,Social | Awareness | AWE Social Meta,2025-07-20,41002.14,193463.7051,41548.696,0,0,0,0,0,0,0,0,0,0,0,0,0,0,0,0,0,0,0,0,0,0,0,0,0,0,0,1,2,0,0,0,0,0,0,0,0,0,0,0,2,0,0
banana republic,Social | Awareness | AWE Social Meta,2025-07-27,41612.38,201318.9421,43318.4714,0,0,0,0,0,0,0,0,0,0,0,0,0,0,0,0,0,0,0,0,0,0,0,0,0,0,0,0,2,0,0,0,0,0,0,0,0,0,0,0,2,0,0
banana republic,Social | Awareness | AWE Social Meta,2025-08-03,50726.3,251146.2975,53969.7542,0,0,0,0,0,0,0,0,0,0,0,0,0,0,0,0,0,0,0,0,0,0,0,0,0,0,0,0,1,0,0,0,0,0,0,0,0,0,0,0,1,0,0
banana republic,Social | Awareness | AWE Social Meta,2025-08-10,51557.13,252431.708,54216.5314,0,0,0,0,0,0,0,0,0,0,0,0,0,0,0,0,0,0,0,0,0,0,0,0,0,0,0,0,0,0,0,0,0,0,0,0,0,0,0,0,0,0,0
banana republic,Social | Awareness | AWE Social Meta,2025-08-17,50158.27,241757.4473,51921.3854,0,0,0,0,0,0,0,0,0,0,0,0,0,0,0,0,0,0,0,0,0,0,0,0,0,0,0,0,0,0,0,0,0,0,0,0,0,0,0,0,0,0,0
banana republic,Social | Awareness | AWE Social Meta,2025-08-24,49424.6,231897.1086,49834.3645,0,0,0,0,0,0,0,0,0,0,0,0,0,0,0,0,0,0,0,0,0,0,0,0,0,0,0,0,0,0,0,0,0,0,0,1,0,1,0,0,0,0,0
banana republic,Social | Awareness | AWE Social Meta,2025-08-31,107251.36,292152.1385,95068.6584,0,0,0,0,0,0,0,0,0,0,0,0,0,0,0,0,0,0,0,0,0,0,0,0,0,0,0,0,0,0,0,0,0,0,0,1,0,1,0,0,0,0,0
banana republic,Social | Awareness | AWE Social Meta,2025-09-07,186853.8201,482119.7696,160572.8587,0,1,0,0,0,0,0,0,0,0,0,0,0,0,0,0,0,0,0,0,0,0,0,0,0,0,0,0,0,0,0,0,0,0,0,0,0,0,1,0,0,0,0
banana republic,Social | Awareness | AWE Social Meta,2025-09-14,235896.2702,575905.3288,191774.0296,0,2,0,0,0,0,0,0,0,0,0,0,0,0,0,0,0,0,0,0,0,0,0,0,0,0,0,0,0,0,0,0,0,0,0,0,0,0,2,0,0,0,0
banana republic,Social | Awareness | AWE Social Meta,2025-09-21,73320.4,245093.3624,80867.4579,0,1,0,0,0,0,0,0,0,0,0,0,0,0,0,0,0,0,0,0,0,0,0,0,0,0,0,0,0,0,0,0,0,0,0,0,0,0,1,0,0,0,0
banana republic,Social | Awareness | AWE Social Meta,2025-09-28,59777.71,192096.9883,63609.193,0,0,0,0,0,0,0,0,0,0,0,0,0,0,0,0,0,0,0,0,0,0,0,0,0,0,0,0,0,0,0,0,0,0,0,0,0,0,0,0,0,0,0
banana republic,Social | Awareness | AWE Social Meta,2025-10-05,81331.3802,241703.7349,80282.3134,0,0,0,0,0,0,0,0,0,0,0,0,0,0,0,0,0,0,0,0,0,0,0,0,0,0,0,0,0,0,0,0,0,0,0,0,0,0,0,0,0,0,0
banana republic,Social | Awareness | AWE Social Meta,2025-10-12,82408.6601,250370.9138,83092.2349,0,0,0,0,0,0,0,0,0,0,0,0,0,0,0,0,0,0,0,0,0,0,0,0,0,0,0,0,0,0,0,0,0,0,0,0,0,0,0,0,0,0,0
banana republic,Social | Awareness | AWE Social Meta,2025-10-19,84486.9302,261052.5022,86612.7637,0,0,0,0,0,0,0,0,0,0,0,0,0,0,0,0,0,0,0,0,0,0,0,0,0,0,0,0,0,0,0,0,0,0,0,0,0,0,0,0,0,0,0
banana republic,Social | Awareness | AWE Social Meta,2025-10-26,82113.6402,225318.5784,74650.322,0,0,0,0,0,0,0,0,0,0,0,0,0,0,0,0,0,0,0,0,0,0,0,0,0,0,0,0,0,0,0,0,0,0,0,0,0,0,0,0,0,0,0
banana republic,Social | Awareness | AWE Social Meta,2025-11-02,126733.2901,321308.9709,83992.6459,0,0,0,0,0,0,0,0,0,0,0,0,0,0,2,0,0,0,0,0,0,0,0,0,0,0,0,0,0,0,0,0,0,0,0,0,0,0,2,0,0,0,0
banana republic,Social | Awareness | AWE Social Meta,2025-11-09,327574.0,561172.2385,144292.4286,0,0,0,0,0,0,0,0,0,0,0,0,0,0,1,0,0,0,0,0,0,0,0,0,0,0,0,0,0,0,0,0,0,0,0,0,0,0,1,0,0,0,0
banana republic,Social | Awareness | AWE Social Meta,2025-11-16,78758.9802,289471.6961,74027.0341,0,0,0,0,0,0,0,0,0,0,0,0,0,0,0,0,0,0,0,0,0,0,0,0,0,0,0,0,0,0,0,0,0,0,0,0,0,0,0,0,0,0,0
banana republic,Social | Awareness | AWE Social Meta,2025-11-23,201124.9301,504159.7284,129972.8395,0,0,0,0,0,0,0,0,0,0,0,0,0,0,0,0,0,0,0,0,0,0,0,0,0,0,0,0,0,2,0,0,0,0,0,0,0,0,2,0,0,0,0
banana republic,Social | Awareness | AWE Social Meta,2025-11-30,201611.11,516534.929,133147.4122,0,0,0,0,0,0,0,0,0,0,0,0,0,0,0,0,0,2,0,0,0,0,0,0,0,0,0,0,0,0,0,0,0,0,0,0,0,0,2,0,0,0,0
banana republic,Social | Awareness | AWE Social Meta,2025-12-07,59869.38,225074.0188,57545.6489,0,0,0,0,0,0,0,0,0,0,0,0,0,0,0,0,0,0,0,0,0,0,0,0,0,0,0,0,0,0,2,0,0,0,0,0,0,0,2,0,0,0,0
banana republic,Social | Awareness | AWE Social Meta,2025-12-14,49089.3901,173462.1379,44344.6858,0,0,0,0,0,0,0,0,0,0,0,0,0,0,0,0,0,0,0,0,0,0,0,0,0,0,0,0,0,0,1,0,0,0,0,0,2,2,1,0,0,0,0
banana republic,Social | Awareness | AWE Social Meta,2025-12-21,55263.8202,213821.7798,54917.2891,0,0,0,0,0,0,0,0,0,0,0,0,0,0,0,0,0,0,0,0,0,0,0,0,0,0,0,0,0,0,0,1,0,0,0,0,2,2,0,0,1,0,0
banana republic,Social | Awareness | AWE Social Meta,2025-12-28,54470.0001,278282.9857,71581.0052,0,0,0,0,0,0,0,0,0,0,0,0,0,0,0,0,0,0,0,0,0,0,0,0,0,0,0,0,0,0,0,2,0,0,0,0,0,0,0,0,2,0,0
banana republic,Social | Awareness | AWE Social Meta,2026-01-04,15152.75,115096.7629,36254.0458,0,0,0,0,0,0,0,0,0,0,0,0,0,0,0,0,0,0,0,0,0,0,0,0,0,0,0,0,0,0,0,1,2,0,0,0,0,0,0,0,2,0,0
banana republic,Social | Awareness | AWE Social Meta,2026-01-11,15527.67,90770.1241,30185.7877,0,0,0,0,0,0,0,0,0,0,0,0,0,0,0,0,0,0,0,0,0,0,0,0,0,0,0,0,0,0,0,0,1,2,0,0,0,0,0,0,2,0,0
banana republic,Social | Awareness | AWE Social Meta,2026-01-18,15572.24,84840.0179,28442.963,0,0,0,0,0,0,0,0,0,0,0,0,0,0,0,0,0,0,0,0,0,0,0,0,0,0,0,0,0,0,0,0,0,2,0,0,0,0,0,0,2,0,0
banana republic,Social | Awareness | AWE Social Meta,2026-01-25,15471.4,83646.7392,28082.4301,0,0,0,0,0,0,0,0,0,0,0,0,0,0,0,0,0,0,0,0,0,0,0,0,0,0,0,0,0,0,0,0,0,0,0,0,0,0,0,0,0,0,0
banana republic,Social | Awareness | AWE Social Meta,2026-02-01,23357.04,113949.6984,38013.2165,0,0,0,0,0,0,0,0,0,0,0,0,0,0,0,0,0,0,0,0,0,0,0,0,0,0,0,0,0,0,0,0,0,0,0,0,0,0,0,0,0,0,0
banana republic,Social | Awareness | AWE Social Meta,2026-02-08,19559.91,95873.957,31867.8753,0,0,0,0,0,0,0,0,0,0,0,0,0,0,0,0,0,0,0,0,0,0,0,0,0,0,0,0,0,0,0,0,0,0,0,0,0,0,0,0,0,0,0
banana republic,Social | Awareness | AWE Social Meta,2026-02-15,14553.04,74791.5446,24797.0567,0,0,0,0,0,0,0,0,0,0,0,0,0,0,0,0,0,0,0,0,0,0,0,0,0,0,0,0,0,0,0,0,0,0,0,0,0,0,0,0,0,0,0
banana republic,Social | Awareness | AWE Social Meta,2026-02-22,9543.19,50440.3032,16636.2262,0,0,0,0,0,0,0,0,0,0,0,0,0,0,0,0,0,0,0,0,0,0,0,0,0,0,0,0,0,0,0,0,0,0,0,0,0,0,0,0,0,0,0
banana republic,Social | Awareness | AWE Social Meta Influencer,2025-04-13,1214.51,6918.8966,818.1259,0,0,0,0,0,0,0,0,0,0,0,0,0,0,0,0,0,0,0,0,0,0,0,0,0,0,0,0,0,0,0,0,0,0,1,0,0,0,0,0,0,0,1
banana republic,Social | Awareness | AWE Social Meta Influencer,2025-04-20,1285.45,7580.7379,894.6853,0,0,0,0,0,0,0,0,0,0,0,0,0,0,0,0,0,0,0,0,0,0,0,0,0,0,0,0,0,0,0,0,0,0,1,0,0,0,0,0,0,0,1
banana republic,Social | Awareness | AWE Social Meta Influencer,2025-04-27,624.61,4037.9719,473.0327,0,0,0,0,0,0,0,0,0,0,0,0,0,0,0,0,0,0,0,0,0,0,0,0,0,0,0,0,0,0,0,0,0,0,0,0,0,0,0,0,0,0,0
banana republic,Social | Awareness | AWE Social Meta Influencer,2025-05-11,13607.92,75095.9742,8990.2566,0,0,0,0,0,0,0,0,0,0,0,0,0,0,0,0,0,0,0,0,0,0,0,0,0,0,0,0,0,0,0,0,0,0,0,0,0,0,0,0,0,0,0
banana republic,Social | Awareness | AWE Social Meta Influencer,2025-05-18,15739.72,88151.3126,10518.5413,0,0,0,0,0,0,0,0,0,0,0,0,0,0,0,0,0,0,0,0,0,0,0,0,1,0,0,0,0,0,0,0,0,0,0,0,0,0,0,0,0,0,1
banana republic,Social | Awareness | AWE Social Meta Influencer,2025-05-25,15256.11,81663.0249,9725.1634,0,0,0,0,0,0,0,0,0,0,0,0,0,0,0,0,0,0,0,0,0,0,0,0,1,0,0,0,0,0,0,0,0,0,0,0,0,0,0,0,0,0,1
banana republic,Social | Awareness | AWE Social Meta Influencer,2025-06-01,1210.51,14145.4181,1454.5987,0,0,0,0,0,0,0,0,0,0,0,0,0,0,0,0,0,0,0,0,0,0,0,0,0,0,0,0,0,0,0,0,0,0,0,0,0,0,0,0,0,0,0
banana republic,Social | Awareness | AWE Social Meta Influencer,2025-06-08,1340.99,7293.7696,641.4646,0,0,0,0,0,0,0,0,0,0,0,0,0,0,0,0,0,0,0,0,0,0,0,0,0,0,0,0,0,0,0,0,0,0,0,0,0,0,0,0,0,0,0
banana republic,Social | Awareness | AWE Social Meta Influencer,2025-06-15,2073.38,10373.2794,889.041,0,0,0,0,0,0,0,0,0,0,0,0,0,0,0,0,0,0,0,0,0,0,0,0,0,0,0,0,0,0,0,0,0,0,0,0,0,0,0,0,0,0,0
banana republic,Social | Awareness | AWE Social Meta Influencer,2025-06-22,1923.52,7645.4004,652.6733,0,0,0,0,0,0,0,0,0,0,0,0,0,0,0,0,0,0,0,0,0,0,0,0,0,1,0,0,0,0,0,0,0,0,0,0,0,0,0,0,1,0,0
banana republic,Social | Awareness | AWE Social Meta Influencer,2025-06-29,1634.8,8103.4446,695.4204,0,0,0,0,0,0,0,0,0,0,0,0,0,0,0,0,0,0,0,0,0,0,0,0,0,1,2,0,0,0,0,0,0,0,0,0,0,0,0,0,2,0,0
banana republic,Social | Awareness | AWE Social Meta Influencer,2025-07-06,281.43,2442.0845,288.0368,0,0,0,0,0,0,0,0,0,0,0,0,0,0,0,0,0,0,0,0,0,0,0,0,0,0,2,1,0,0,0,0,0,0,0,0,0,0,0,0,2,0,0
banana republic,Social | Awareness | AWE Social Meta Influencer,2025-07-13,633.56,4493.3816,534.7969,0,0,0,0,0,0,0,0,0,0,0,0,0,0,0,0,0,0,0,0,0,0,0,0,0,0,0,2,0,0,0,0,0,0,0,0,0,0,0,0,2,0,0
banana republic,Social | Awareness | AWE Social Meta Influencer,2025-07-20,1061.36,7591.7991,904.9239,0,0,0,0,0,0,0,0,0,0,0,0,0,0,0,0,0,0,0,0,0,0,0,0,0,0,0,1,2,0,0,0,0,0,0,0,0,0,0,0,2,0,0
banana republic,Social | Awareness | AWE Social Meta Influencer,2025-07-27,272.07,2645.6814,312.624,0,0,0,0,0,0,0,0,0,0,0,0,0,0,0,0,0,0,0,0,0,0,0,0,0,0,0,0,2,0,0,0,0,0,0,0,0,0,0,0,2,0,0
banana republic,Social | Awareness | AWE Social Meta Influencer,2025-08-03,345.57,2401.9034,467.4173,0,0,0,0,0,0,0,0,0,0,0,0,0,0,0,0,0,0,0,0,0,0,0,0,0,0,0,0,1,0,0,0,0,0,0,0,0,0,0,0,1,0,0
banana republic,Social | Awareness | AWE Social Meta Influencer,2025-08-17,1166.22,4653.6748,1030.0238,0,0,0,0,0,0,0,0,0,0,0,0,0,0,0,0,0,0,0,0,0,0,0,0,0,0,0,0,0,0,0,0,0,0,0,0,0,0,0,0,0,0,0
banana republic,Social | Awareness | AWE Social Meta Influencer,2025-08-24,1929.26,7992.7715,1789.478,0,0,0,0,0,0,0,0,0,0,0,0,0,0,0,0,0,0,0,0,0,0,0,0,0,0,0,0,0,0,0,0,0,0,0,1,0,1,0,0,0,0,0
banana republic,Social | Awareness | AWE Social Meta Influencer,2025-08-31,7348.6201,34623.6255,4219.4865,0,0,0,0,0,0,0,0,0,0,0,0,0,0,0,0,0,0,0,0,0,0,0,0,0,0,0,0,0,0,0,0,0,0,0,1,0,1,0,0,0,0,0
banana republic,Social | Awareness | AWE Social Meta Influencer,2025-09-07,13418.65,65786.4253,7913.7186,0,1,0,0,0,0,0,0,0,0,0,0,0,0,0,0,0,0,0,0,0,0,0,0,0,0,0,0,0,0,0,0,0,0,0,0,0,0,1,0,0,0,0
banana republic,Social | Awareness | AWE Social Meta Influencer,2025-09-14,9010.38,43566.7076,5413.736,0,2,0,0,0,0,0,0,0,0,0,0,0,0,0,0,0,0,0,0,0,0,0,0,0,0,0,0,0,0,0,0,0,0,0,0,0,0,2,0,0,0,0
banana republic,Social | Awareness | AWE Social Meta Influencer,2025-09-21,2393.6699,15634.7725,2058.2051,0,1,0,0,0,0,0,0,0,0,0,0,0,0,0,0,0,0,0,0,0,0,0,0,0,0,0,0,0,0,0,0,0,0,0,0,0,0,1,0,0,0,0
banana republic,Social | Awareness | AWE Social Meta Influencer,2025-09-28,1841.91,10927.1541,1389.7471,0,0,0,0,0,0,0,0,0,0,0,0,0,0,0,0,0,0,0,0,0,0,0,0,0,0,0,0,0,0,0,0,0,0,0,0,0,0,0,0,0,0,0
banana republic,Social | Awareness | AWE Social Meta Influencer,2025-10-26,2662.91,6916.1912,811.3663,0,0,0,0,0,0,0,0,0,0,0,0,0,0,0,0,0,0,0,0,0,0,0,0,0,0,0,0,0,0,0,0,0,0,0,0,0,0,0,0,0,0,0
banana republic,Social | Awareness | AWE Social Meta Influencer,2025-11-02,2096.27,8115.5182,992.2987,0,0,0,0,0,0,0,0,0,0,0,0,0,0,2,0,0,0,0,0,0,0,0,0,0,0,0,0,0,0,0,0,0,0,0,0,0,0,2,0,0,0,0
banana republic,Social | Awareness | AWE Social Meta Influencer,2025-11-16,801.73,3418.204,414.5844,0,0,0,0,0,0,0,0,0,0,0,0,0,0,0,0,0,0,0,0,0,0,0,0,0,0,0,0,0,0,0,0,0,0,0,0,0,0,0,0,0,0,0
banana republic,Social | Awareness | AWE Social Meta Influencer,2025-11-23,33191.56,143521.7089,17212.5235,0,0,0,0,0,0,0,0,0,0,0,0,0,0,0,0,0,0,0,0,0,0,0,0,0,0,0,0,0,2,0,0,0,0,0,0,0,0,2,0,0,0,0
banana republic,Social | Awareness | AWE Social Meta Influencer,2025-11-30,6398.71,40559.4491,5275.5258,0,0,0,0,0,0,0,0,0,0,0,0,0,0,0,0,0,2,0,0,0,0,0,0,0,0,0,0,0,0,0,0,0,0,0,0,0,0,2,0,0,0,0
banana republic,Social | Awareness | AWE Social Meta Influencer,2026-01-18,0.97,6.8145,1.1579,0,0,0,0,0,0,0,0,0,0,0,0,0,0,0,0,0,0,0,0,0,0,0,0,0,0,0,0,0,0,0,0,0,2,0,0,0,0,0,0,2,0,0
banana republic,Social | Awareness | AWE Social Meta Influencer,2026-01-25,44.92,268.0615,45.2388,0,0,0,0,0,0,0,0,0,0,0,0,0,0,0,0,0,0,0,0,0,0,0,0,0,0,0,0,0,0,0,0,0,0,0,0,0,0,0,0,0,0,0
banana republic,Social | Awareness | AWE Social Meta Influencer,2026-02-15,80.01,221.6302,37.384,0,0,0,0,0,0,0,0,0,0,0,0,0,0,0,0,0,0,0,0,0,0,0,0,0,0,0,0,0,0,0,0,0,0,0,0,0,0,0,0,0,0,0
banana republic,Social | Awareness | AWE Social Meta Influencer,2026-02-22,943.97,2354.4759,396.2528,0,0,0,0,0,0,0,0,0,0,0,0,0,0,0,0,0,0,0,0,0,0,0,0,0,0,0,0,0,0,0,0,0,0,0,0,0,0,0,0,0,0,0
banana republic,Social | Awareness | AWE Social Meta RTN,2026-02-01,5493.91,17740.3866,5925.532,0,0,0,0,0,0,0,0,0,0,0,0,0,0,0,0,0,0,0,0,0,0,0,0,0,0,0,0,0,0,0,0,0,0,0,0,0,0,0,0,0,0,0
banana republic,Social | Awareness | AWE Social Meta RTN,2026-02-08,5720.37,18517.9268,6182.0393,0,0,0,0,0,0,0,0,0,0,0,0,0,0,0,0,0,0,0,0,0,0,0,0,0,0,0,0,0,0,0,0,0,0,0,0,0,0,0,0,0,0,0
banana republic,Social | Awareness | AWE Social Meta RTN,2026-02-15,5605.86,18169.2077,6064.4373,0,0,0,0,0,0,0,0,0,0,0,0,0,0,0,0,0,0,0,0,0,0,0,0,0,0,0,0,0,0,0,0,0,0,0,0,0,0,0,0,0,0,0
banana republic,Social | Awareness | AWE Social Meta RTN,2026-02-22,4713.08,15241.8579,5087.1469,0,0,0,0,0,0,0,0,0,0,0,0,0,0,0,0,0,0,0,0,0,0,0,0,0,0,0,0,0,0,0,0,0,0,0,0,0,0,0,0,0,0,0
banana republic,Social | Awareness | AWE Social Pinterest,2025-02-02,22258.86,179072.1418,76091.2411,0,0,0,0,0,0,0,0,0,0,0,0,0,0,0,0,0,0,0,0,0,0,0,0,0,0,0,0,0,0,0,0,0,0,0,0,0,0,0,0,0,0,0
banana republic,Social | Awareness | AWE Social Pinterest,2025-02-09,22938.68,191829.7348,81645.596,0,0,0,0,0,0,0,0,0,0,0,0,0,0,0,0,0,0,0,0,0,0,0,0,0,0,0,0,0,0,0,0,0,0,0,0,0,0,0,0,0,0,0
banana republic,Social | Awareness | AWE Social Pinterest,2025-02-16,28079.1,224671.2853,95649.9781,0,0,0,0,0,0,0,0,0,0,0,0,0,0,0,0,0,0,0,0,0,0,0,0,0,0,0,0,0,0,0,0,0,0,0,0,0,0,0,0,0,0,0
banana republic,Social | Awareness | AWE Social Pinterest,2025-02-23,26665.19,207707.7814,88408.1267,0,0,0,0,0,0,0,0,0,0,0,0,0,0,0,0,0,0,0,0,0,0,0,0,0,0,0,0,0,0,0,0,0,0,0,0,0,0,0,0,0,0,0
banana republic,Social | Awareness | AWE Social Pinterest,2025-03-02,22841.6,139398.1446,60460.7044,0,0,0,0,0,0,0,0,0,0,0,0,0,0,0,0,0,0,0,0,0,0,0,0,0,0,0,0,0,0,0,0,0,0,0,0,0,0,0,0,0,0,0
banana republic,Social | Awareness | AWE Social Pinterest,2025-03-09,22824.96,118021.2049,51335.1313,0,0,0,0,0,0,0,0,0,0,0,0,0,0,0,0,0,0,0,0,0,0,0,0,0,0,0,0,0,0,0,0,0,0,0,0,0,0,0,0,0,0,0
banana republic,Social | Awareness | AWE Social Pinterest,2025-03-16,62286.26,239987.7807,104086.1381,0,0,0,0,0,0,0,0,0,0,0,0,0,0,0,0,0,0,0,0,0,0,0,0,0,0,0,0,0,0,0,0,0,0,0,0,0,0,0,0,0,0,0
banana republic,Social | Awareness | AWE Social Pinterest,2025-03-23,121903.01,390968.2687,169282.6657,0,2,0,0,0,0,0,0,0,0,0,0,0,0,0,0,0,0,0,0,0,0,0,0,0,0,0,0,0,0,0,0,0,0,0,0,0,0,2,0,0,0,0
banana republic,Social | Awareness | AWE Social Pinterest,2025-03-30,28634.63,164326.2567,71270.6953,0,1,0,0,0,0,0,0,0,0,0,0,0,0,0,0,0,0,0,0,0,0,0,0,0,0,0,0,0,0,0,0,0,0,0,0,0,0,1,0,0,0,0
banana republic,Social | Awareness | AWE Social Pinterest,2025-04-06,27840.26,139333.4342,60429.2603,0,0,0,0,0,0,0,0,0,0,0,0,0,0,0,0,0,0,0,0,0,0,0,0,0,0,0,0,0,0,0,0,0,0,0,0,0,0,0,0,0,0,0
banana republic,Social | Awareness | AWE Social Pinterest,2025-04-13,27261.45,125299.7699,54394.2349,0,0,0,0,0,0,0,0,0,0,0,0,0,0,0,0,0,0,0,0,0,0,0,0,0,0,0,0,0,0,0,0,0,0,1,0,0,0,0,0,0,0,1
banana republic,Social | Awareness | AWE Social Pinterest,2025-04-20,28452.97,132202.7692,57502.5,0,0,0,0,0,0,0,0,0,0,0,0,0,0,0,0,0,0,0,0,0,0,0,0,0,0,0,0,0,0,0,0,0,0,1,0,0,0,0,0,0,0,1
banana republic,Social | Awareness | AWE Social Pinterest,2025-04-27,26450.78,124344.5413,54025.548,0,0,0,0,0,0,0,0,0,0,0,0,0,0,0,0,0,0,0,0,0,0,0,0,0,0,0,0,0,0,0,0,0,0,0,0,0,0,0,0,0,0,0
banana republic,Social | Awareness | AWE Social Pinterest,2025-05-04,42260.64,185195.368,103265.4076,0,0,0,0,0,0,0,0,0,0,0,0,0,0,0,0,0,0,0,0,0,0,0,0,0,0,0,0,0,0,0,0,0,0,0,0,0,0,0,0,0,0,0
banana republic,Social | Awareness | AWE Social Pinterest,2025-05-11,42307.25,194325.7192,110151.1374,0,0,0,0,0,0,0,0,0,0,0,0,0,0,0,0,0,0,0,0,0,0,0,0,0,0,0,0,0,0,0,0,0,0,0,0,0,0,0,0,0,0,0
banana republic,Social | Awareness | AWE Social Pinterest,2025-05-18,41920.64,192730.0807,109510.2578,0,0,0,0,0,0,0,0,0,0,0,0,0,0,0,0,0,0,0,0,0,0,0,0,1,0,0,0,0,0,0,0,0,0,0,0,0,0,0,0,0,0,1
banana republic,Social | Awareness | AWE Social Pinterest,2025-05-25,41505.97,179729.5523,101948.7849,0,0,0,0,0,0,0,0,0,0,0,0,0,0,0,0,0,0,0,0,0,0,0,0,1,0,0,0,0,0,0,0,0,0,0,0,0,0,0,0,0,0,1
banana republic,Social | Awareness | AWE Social Pinterest,2025-06-01,22619.95,367892.1388,64622.4384,0,0,0,0,0,0,0,0,0,0,0,0,0,0,0,0,0,0,0,0,0,0,0,0,0,0,0,0,0,0,0,0,0,0,0,0,0,0,0,0,0,0,0
banana republic,Social | Awareness | AWE Social Pinterest,2025-06-08,22654.39,369672.7567,61043.9811,0,0,0,0,0,0,0,0,0,0,0,0,0,0,0,0,0,0,0,0,0,0,0,0,0,0,0,0,0,0,0,0,0,0,0,0,0,0,0,0,0,0,0
banana republic,Social | Awareness | AWE Social Pinterest,2025-06-15,22498.96,375175.5134,61654.1523,0,0,0,0,0,0,0,0,0,0,0,0,0,0,0,0,0,0,0,0,0,0,0,0,0,0,0,0,0,0,0,0,0,0,0,0,0,0,0,0,0,0,0
banana republic,Social | Awareness | AWE Social Pinterest,2025-06-22,22476.36,361197.3332,59345.6546,0,0,0,0,0,0,0,0,0,0,0,0,0,0,0,0,0,0,0,0,0,0,0,0,0,1,0,0,0,0,0,0,0,0,0,0,0,0,0,0,1,0,0
banana republic,Social | Awareness | AWE Social Pinterest,2025-06-29,22324.42,429766.0009,70593.2808,0,0,0,0,0,0,0,0,0,0,0,0,0,0,0,0,0,0,0,0,0,0,0,0,0,1,2,0,0,0,0,0,0,0,0,0,0,0,0,0,2,0,0
banana republic,Social | Awareness | AWE Social Pinterest,2025-07-06,31661.99,217399.3228,87444.3169,0,0,0,0,0,0,0,0,0,0,0,0,0,0,0,0,0,0,0,0,0,0,0,0,0,0,2,1,0,0,0,0,0,0,0,0,0,0,0,0,2,0,0
banana republic,Social | Awareness | AWE Social Pinterest,2025-07-13,38427.76,261890.0514,108718.7687,0,0,0,0,0,0,0,0,0,0,0,0,0,0,0,0,0,0,0,0,0,0,0,0,0,0,0,2,0,0,0,0,0,0,0,0,0,0,0,0,2,0,0
banana republic,Social | Awareness | AWE Social Pinterest,2025-07-20,56499.06,382048.7996,158925.0851,0,0,0,0,0,0,0,0,0,0,0,0,0,0,0,0,0,0,0,0,0,0,0,0,0,0,0,1,2,0,0,0,0,0,0,0,0,0,0,0,2,0,0
banana republic,Social | Awareness | AWE Social Pinterest,2025-07-27,48478.57,312543.7733,129939.8852,0,0,0,0,0,0,0,0,0,0,0,0,0,0,0,0,0,0,0,0,0,0,0,0,0,0,0,0,2,0,0,0,0,0,0,0,0,0,0,0,2,0,0
banana republic,Social | Awareness | AWE Social Pinterest,2025-08-03,44851.8037,201010.1922,115312.1803,0,0,0,0,0,0,0,0,0,0,0,0,0,0,0,0,0,0,0,0,0,0,0,0,0,0,0,0,1,0,0,0,0,0,0,0,0,0,0,0,1,0,0
banana republic,Social | Awareness | AWE Social Pinterest,2025-08-10,45528.3391,189443.4895,113844.7801,0,0,0,0,0,0,0,0,0,0,0,0,0,0,0,0,0,0,0,0,0,0,0,0,0,0,0,0,0,0,0,0,0,0,0,0,0,0,0,0,0,0,0
banana republic,Social | Awareness | AWE Social Pinterest,2025-08-17,44873.788,186830.259,112983.1497,0,0,0,0,0,0,0,0,0,0,0,0,0,0,0,0,0,0,0,0,0,0,0,0,0,0,0,0,0,0,0,0,0,0,0,0,0,0,0,0,0,0,0
banana republic,Social | Awareness | AWE Social Pinterest,2025-08-24,44590.5574,179290.0676,108403.9087,0,0,0,0,0,0,0,0,0,0,0,0,0,0,0,0,0,0,0,0,0,0,0,0,0,0,0,0,0,0,0,0,0,0,0,1,0,1,0,0,0,0,0
banana republic,Social | Awareness | AWE Social Pinterest,2025-08-31,66802.5222,182189.6858,153272.6626,0,0,0,0,0,0,0,0,0,0,0,0,0,0,0,0,0,0,0,0,0,0,0,0,0,0,0,0,0,0,0,0,0,0,0,1,0,1,0,0,0,0,0
banana republic,Social | Awareness | AWE Social Pinterest,2025-09-07,122683.6971,281701.097,243730.3047,0,1,0,0,0,0,0,0,0,0,0,0,0,0,0,0,0,0,0,0,0,0,0,0,0,0,0,0,0,0,0,0,0,0,0,0,0,0,1,0,0,0,0
banana republic,Social | Awareness | AWE Social Pinterest,2025-09-14,146942.2588,319667.3861,277236.32,0,2,0,0,0,0,0,0,0,0,0,0,0,0,0,0,0,0,0,0,0,0,0,0,0,0,0,0,0,0,0,0,0,0,0,0,0,0,2,0,0,0,0
banana republic,Social | Awareness | AWE Social Pinterest,2025-09-21,78067.8625,204015.9509,176922.1353,0,1,0,0,0,0,0,0,0,0,0,0,0,0,0,0,0,0,0,0,0,0,0,0,0,0,0,0,0,0,0,0,0,0,0,0,0,0,1,0,0,0,0
banana republic,Social | Awareness | AWE Social Pinterest,2025-09-28,54746.6201,151535.2937,131440.0791,0,0,0,0,0,0,0,0,0,0,0,0,0,0,0,0,0,0,0,0,0,0,0,0,0,0,0,0,0,0,0,0,0,0,0,0,0,0,0,0,0,0,0
banana republic,Social | Awareness | AWE Social Pinterest,2025-10-05,45875.2442,132715.1653,115042.1737,0,0,0,0,0,0,0,0,0,0,0,0,0,0,0,0,0,0,0,0,0,0,0,0,0,0,0,0,0,0,0,0,0,0,0,0,0,0,0,0,0,0,0
banana republic,Social | Awareness | AWE Social Pinterest,2025-10-12,49307.3973,149740.8872,129813.2162,0,0,0,0,0,0,0,0,0,0,0,0,0,0,0,0,0,0,0,0,0,0,0,0,0,0,0,0,0,0,0,0,0,0,0,0,0,0,0,0,0,0,0
banana republic,Social | Awareness | AWE Social Pinterest,2025-10-19,49137.2228,145151.2885,125905.2766,0,0,0,0,0,0,0,0,0,0,0,0,0,0,0,0,0,0,0,0,0,0,0,0,0,0,0,0,0,0,0,0,0,0,0,0,0,0,0,0,0,0,0
banana republic,Social | Awareness | AWE Social Pinterest,2025-10-26,48828.3306,136237.872,118211.0795,0,0,0,0,0,0,0,0,0,0,0,0,0,0,0,0,0,0,0,0,0,0,0,0,0,0,0,0,0,0,0,0,0,0,0,0,0,0,0,0,0,0,0
banana republic,Social | Awareness | AWE Social Pinterest,2025-11-02,111339.4363,317502.3549,244369.9924,0,0,0,0,0,0,0,0,0,0,0,0,0,0,2,0,0,0,0,0,0,0,0,0,0,0,0,0,0,0,0,0,0,0,0,0,0,0,2,0,0,0,0
banana republic,Social | Awareness | AWE Social Pinterest,2025-11-09,73427.7195,247496.2847,189736.3062,0,0,0,0,0,0,0,0,0,0,0,0,0,0,1,0,0,0,0,0,0,0,0,0,0,0,0,0,0,0,0,0,0,0,0,0,0,0,1,0,0,0,0
banana republic,Social | Awareness | AWE Social Pinterest,2025-11-16,65471.2928,220846.3766,169365.1554,0,0,0,0,0,0,0,0,0,0,0,0,0,0,0,0,0,0,0,0,0,0,0,0,0,0,0,0,0,0,0,0,0,0,0,0,0,0,0,0,0,0,0
banana republic,Social | Awareness | AWE Social Pinterest,2025-11-23,189129.7459,404803.5664,310062.4643,0,0,0,0,0,0,0,0,0,0,0,0,0,0,0,0,0,0,0,0,0,0,0,0,0,0,0,0,0,2,0,0,0,0,0,0,0,0,2,0,0,0,0
banana republic,Social | Awareness | AWE Social Pinterest,2025-11-30,162850.6958,359856.3169,274973.7079,0,0,0,0,0,0,0,0,0,0,0,0,0,0,0,0,0,2,0,0,0,0,0,0,0,0,0,0,0,0,0,0,0,0,0,0,0,0,2,0,0,0,0
banana republic,Social | Awareness | AWE Social Pinterest,2025-12-07,54174.0444,154645.8989,118524.5739,0,0,0,0,0,0,0,0,0,0,0,0,0,0,0,0,0,0,0,0,0,0,0,0,0,0,0,0,0,0,2,0,0,0,0,0,0,0,2,0,0,0,0
banana republic,Social | Awareness | AWE Social Pinterest,2025-12-14,54173.9524,132978.3256,102165.7308,0,0,0,0,0,0,0,0,0,0,0,0,0,0,0,0,0,0,0,0,0,0,0,0,0,0,0,0,0,0,1,0,0,0,0,0,2,2,1,0,0,0,0
banana republic,Social | Awareness | AWE Social Pinterest,2025-12-21,24169.788,73737.2552,56754.0582,0,0,0,0,0,0,0,0,0,0,0,0,0,0,0,0,0,0,0,0,0,0,0,0,0,0,0,0,0,0,0,1,0,0,0,0,2,2,0,0,1,0,0
banana republic,Social | Awareness | AWE Social Pinterest,2025-12-28,24169.7503,110315.9776,84774.62,0,0,0,0,0,0,0,0,0,0,0,0,0,0,0,0,0,0,0,0,0,0,0,0,0,0,0,0,0,0,0,2,0,0,0,0,0,0,0,0,2,0,0
banana republic,Social | Awareness | AWE Social Pinterest,2026-01-04,9936.1687,68701.066,66835.9402,0,0,0,0,0,0,0,0,0,0,0,0,0,0,0,0,0,0,0,0,0,0,0,0,0,0,0,0,0,0,0,1,2,0,0,0,0,0,0,0,2,0,0
banana republic,Social | Awareness | AWE Social Pinterest,2026-01-11,9928.5625,66934.7861,67298.9723,0,0,0,0,0,0,0,0,0,0,0,0,0,0,0,0,0,0,0,0,0,0,0,0,0,0,0,0,0,0,0,0,1,2,0,0,0,0,0,0,2,0,0
banana republic,Social | Awareness | AWE Social Pinterest,2026-01-18,9912.2154,66960.3364,67473.5391,0,0,0,0,0,0,0,0,0,0,0,0,0,0,0,0,0,0,0,0,0,0,0,0,0,0,0,0,0,0,0,0,0,2,0,0,0,0,0,0,2,0,0
banana republic,Social | Awareness | AWE Social Pinterest,2026-01-25,9894.2086,64217.1644,64836.5736,0,0,0,0,0,0,0,0,0,0,0,0,0,0,0,0,0,0,0,0,0,0,0,0,0,0,0,0,0,0,0,0,0,0,0,0,0,0,0,0,0,0,0
banana republic,Social | Awareness | AWE Social Pinterest,2026-02-01,28101.7427,130453.4332,131525.0762,0,0,0,0,0,0,0,0,0,0,0,0,0,0,0,0,0,0,0,0,0,0,0,0,0,0,0,0,0,0,0,0,0,0,0,0,0,0,0,0,0,0,0
banana republic,Social | Awareness | AWE Social Pinterest,2026-02-08,27901.2272,153339.0812,154750.6571,0,0,0,0,0,0,0,0,0,0,0,0,0,0,0,0,0,0,0,0,0,0,0,0,0,0,0,0,0,0,0,0,0,0,0,0,0,0,0,0,0,0,0
banana republic,Social | Awareness | AWE Social Pinterest,2026-02-15,28036.7708,152857.624,154266.3849,0,0,0,0,0,0,0,0,0,0,0,0,0,0,0,0,0,0,0,0,0,0,0,0,0,0,0,0,0,0,0,0,0,0,0,0,0,0,0,0,0,0,0
banana republic,Social | Awareness | AWE Social Pinterest,2026-02-22,27747.093,129025.5139,130203.917,0,0,0,0,0,0,0,0,0,0,0,0,0,0,0,0,0,0,0,0,0,0,0,0,0,0,0,0,0,0,0,0,0,0,0,0,0,0,0,0,0,0,0
banana republic,Social | Awareness | AWE Social TikTok,2025-02-02,16260.79,206964.573,43767.1712,0,0,0,0,0,0,0,0,0,0,0,0,0,0,0,0,0,0,0,0,0,0,0,0,0,0,0,0,0,0,0,0,0,0,0,0,0,0,0,0,0,0,0
banana republic,Social | Awareness | AWE Social TikTok,2025-02-09,17105.51,208699.1462,44139.6588,0,0,0,0,0,0,0,0,0,0,0,0,0,0,0,0,0,0,0,0,0,0,0,0,0,0,0,0,0,0,0,0,0,0,0,0,0,0,0,0,0,0,0
banana republic,Social | Awareness | AWE Social TikTok,2025-02-16,22123.63,263000.5224,55645.9574,0,0,0,0,0,0,0,0,0,0,0,0,0,0,0,0,0,0,0,0,0,0,0,0,0,0,0,0,0,0,0,0,0,0,0,0,0,0,0,0,0,0,0
banana republic,Social | Awareness | AWE Social TikTok,2025-02-23,19999.5,236071.8884,49935.8422,0,0,0,0,0,0,0,0,0,0,0,0,0,0,0,0,0,0,0,0,0,0,0,0,0,0,0,0,0,0,0,0,0,0,0,0,0,0,0,0,0,0,0
banana republic,Social | Awareness | AWE Social TikTok,2025-03-02,14805.66,187354.6571,32079.9765,0,0,0,0,0,0,0,0,0,0,0,0,0,0,0,0,0,0,0,0,0,0,0,0,0,0,0,0,0,0,0,0,0,0,0,0,0,0,0,0,0,0,0
banana republic,Social | Awareness | AWE Social TikTok,2025-03-09,15359.43,183529.9645,29446.3176,0,0,0,0,0,0,0,0,0,0,0,0,0,0,0,0,0,0,0,0,0,0,0,0,0,0,0,0,0,0,0,0,0,0,0,0,0,0,0,0,0,0,0
banana republic,Social | Awareness | AWE Social TikTok,2025-03-16,44685.23,396648.5315,62642.4428,0,0,0,0,0,0,0,0,0,0,0,0,0,0,0,0,0,0,0,0,0,0,0,0,0,0,0,0,0,0,0,0,0,0,0,0,0,0,0,0,0,0,0
banana republic,Social | Awareness | AWE Social TikTok,2025-03-23,93794.68,765774.8877,120745.4469,0,2,0,0,0,0,0,0,0,0,0,0,0,0,0,0,0,0,0,0,0,0,0,0,0,0,0,0,0,0,0,0,0,0,0,0,0,0,2,0,0,0,0
banana republic,Social | Awareness | AWE Social TikTok,2025-03-30,40085.72,473865.3667,74714.3792,0,1,0,0,0,0,0,0,0,0,0,0,0,0,0,0,0,0,0,0,0,0,0,0,0,0,0,0,0,0,0,0,0,0,0,0,0,0,1,0,0,0,0
banana republic,Social | Awareness | AWE Social TikTok,2025-04-06,11031.11,206120.2819,32496.1638,0,0,0,0,0,0,0,0,0,0,0,0,0,0,0,0,0,0,0,0,0,0,0,0,0,0,0,0,0,0,0,0,0,0,0,0,0,0,0,0,0,0,0
banana republic,Social | Awareness | AWE Social TikTok,2025-04-13,10598.64,147164.3661,23200.7592,0,0,0,0,0,0,0,0,0,0,0,0,0,0,0,0,0,0,0,0,0,0,0,0,0,0,0,0,0,0,0,0,0,0,1,0,0,0,0,0,0,0,1
banana republic,Social | Awareness | AWE Social TikTok,2025-04-20,11102.66,138493.3919,21834.4969,0,0,0,0,0,0,0,0,0,0,0,0,0,0,0,0,0,0,0,0,0,0,0,0,0,0,0,0,0,0,0,0,0,0,1,0,0,0,0,0,0,0,1
banana republic,Social | Awareness | AWE Social TikTok,2025-04-27,9965.94,127886.9377,20162.5481,0,0,0,0,0,0,0,0,0,0,0,0,0,0,0,0,0,0,0,0,0,0,0,0,0,0,0,0,0,0,0,0,0,0,0,0,0,0,0,0,0,0,0
banana republic,Social | Awareness | AWE Social TikTok,2025-05-04,8087.9,109667.5485,17290.767,0,0,0,0,0,0,0,0,0,0,0,0,0,0,0,0,0,0,0,0,0,0,0,0,0,0,0,0,0,0,0,0,0,0,0,0,0,0,0,0,0,0,0
banana republic,Social | Awareness | AWE Social TikTok,2025-05-11,17369.28,183217.4337,28885.5266,0,0,0,0,0,0,0,0,0,0,0,0,0,0,0,0,0,0,0,0,0,0,0,0,0,0,0,0,0,0,0,0,0,0,0,0,0,0,0,0,0,0,0
banana republic,Social | Awareness | AWE Social TikTok,2025-05-18,17605.41,198635.7429,31317.6076,0,0,0,0,0,0,0,0,0,0,0,0,0,0,0,0,0,0,0,0,0,0,0,0,1,0,0,0,0,0,0,0,0,0,0,0,0,0,0,0,0,0,1
banana republic,Social | Awareness | AWE Social TikTok,2025-05-25,16925.79,200090.9595,31543.5785,0,0,0,0,0,0,0,0,0,0,0,0,0,0,0,0,0,0,0,0,0,0,0,0,1,0,0,0,0,0,0,0,0,0,0,0,0,0,0,0,0,0,1
banana republic,Social | Awareness | AWE Social TikTok,2025-06-01,6258.95,111159.5057,17526.0395,0,0,0,0,0,0,0,0,0,0,0,0,0,0,0,0,0,0,0,0,0,0,0,0,0,0,0,0,0,0,0,0,0,0,0,0,0,0,0,0,0,0,0
banana republic,Social | Awareness | AWE Social TikTok,2025-06-08,6806.22,91560.267,14437.2449,0,0,0,0,0,0,0,0,0,0,0,0,0,0,0,0,0,0,0,0,0,0,0,0,0,0,0,0,0,0,0,0,0,0,0,0,0,0,0,0,0,0,0
banana republic,Social | Awareness | AWE Social TikTok,2025-06-15,6842.33,83397.246,13148.1666,0,0,0,0,0,0,0,0,0,0,0,0,0,0,0,0,0,0,0,0,0,0,0,0,0,0,0,0,0,0,0,0,0,0,0,0,0,0,0,0,0,0,0
banana republic,Social | Awareness | AWE Social TikTok,2025-06-22,6218.32,78330.1637,12349.9479,0,0,0,0,0,0,0,0,0,0,0,0,0,0,0,0,0,0,0,0,0,0,0,0,0,1,0,0,0,0,0,0,0,0,0,0,0,0,0,0,1,0,0
banana republic,Social | Awareness | AWE Social TikTok,2025-06-29,7144.11,83589.7033,13179.0028,0,0,0,0,0,0,0,0,0,0,0,0,0,0,0,0,0,0,0,0,0,0,0,0,0,1,2,0,0,0,0,0,0,0,0,0,0,0,0,0,2,0,0
banana republic,Social | Awareness | AWE Social TikTok,2025-07-06,11535.92,131099.5241,15033.6475,0,0,0,0,0,0,0,0,0,0,0,0,0,0,0,0,0,0,0,0,0,0,0,0,0,0,2,1,0,0,0,0,0,0,0,0,0,0,0,0,2,0,0
banana republic,Social | Awareness | AWE Social TikTok,2025-07-13,11518.32,135152.7311,14813.3116,0,0,0,0,0,0,0,0,0,0,0,0,0,0,0,0,0,0,0,0,0,0,0,0,0,0,0,2,0,0,0,0,0,0,0,0,0,0,0,0,2,0,0
banana republic,Social | Awareness | AWE Social TikTok,2025-07-20,11522.34,130583.5466,14185.5627,0,0,0,0,0,0,0,0,0,0,0,0,0,0,0,0,0,0,0,0,0,0,0,0,0,0,0,1,2,0,0,0,0,0,0,0,0,0,0,0,2,0,0
banana republic,Social | Awareness | AWE Social TikTok,2025-07-27,10672.61,121215.7885,13144.7076,0,0,0,0,0,0,0,0,0,0,0,0,0,0,0,0,0,0,0,0,0,0,0,0,0,0,0,0,2,0,0,0,0,0,0,0,0,0,0,0,2,0,0
banana republic,Social | Awareness | AWE Social TikTok,2025-08-03,13459.56,152776.4249,12143.288,0,0,0,0,0,0,0,0,0,0,0,0,0,0,0,0,0,0,0,0,0,0,0,0,0,0,0,0,1,0,0,0,0,0,0,0,0,0,0,0,1,0,0
banana republic,Social | Awareness | AWE Social TikTok,2025-08-10,15048.41,166399.3572,12485.2857,0,0,0,0,0,0,0,0,0,0,0,0,0,0,0,0,0,0,0,0,0,0,0,0,0,0,0,0,0,0,0,0,0,0,0,0,0,0,0,0,0,0,0
banana republic,Social | Awareness | AWE Social TikTok,2025-08-17,10047.61,124327.7472,9236.9247,0,0,0,0,0,0,0,0,0,0,0,0,0,0,0,0,0,0,0,0,0,0,0,0,0,0,0,0,0,0,0,0,0,0,0,0,0,0,0,0,0,0,0
banana republic,Social | Awareness | AWE Social TikTok,2025-08-24,10150.44,121654.582,9012.8139,0,0,0,0,0,0,0,0,0,0,0,0,0,0,0,0,0,0,0,0,0,0,0,0,0,0,0,0,0,0,0,0,0,0,0,1,0,1,0,0,0,0,0
banana republic,Social | Awareness | AWE Social TikTok,2025-08-31,15590.3,125831.4784,9356.8703,0,0,0,0,0,0,0,0,0,0,0,0,0,0,0,0,0,0,0,0,0,0,0,0,0,0,0,0,0,0,0,0,0,0,0,1,0,1,0,0,0,0,0
banana republic,Social | Awareness | AWE Social TikTok,2025-09-07,23224.55,149644.0282,11135.7716,0,1,0,0,0,0,0,0,0,0,0,0,0,0,0,0,0,0,0,0,0,0,0,0,0,0,0,0,0,0,0,0,0,0,0,0,0,0,1,0,0,0,0
banana republic,Social | Awareness | AWE Social TikTok,2025-09-14,35217.19,160470.8064,11944.1275,0,2,0,0,0,0,0,0,0,0,0,0,0,0,0,0,0,0,0,0,0,0,0,0,0,0,0,0,0,0,0,0,0,0,0,0,0,0,2,0,0,0,0
banana republic,Social | Awareness | AWE Social TikTok,2025-09-21,15990.01,118008.5091,8783.4097,0,1,0,0,0,0,0,0,0,0,0,0,0,0,0,0,0,0,0,0,0,0,0,0,0,0,0,0,0,0,0,0,0,0,0,0,0,0,1,0,0,0,0
banana republic,Social | Awareness | AWE Social TikTok,2025-09-28,13370.47,117476.7389,8743.8847,0,0,0,0,0,0,0,0,0,0,0,0,0,0,0,0,0,0,0,0,0,0,0,0,0,0,0,0,0,0,0,0,0,0,0,0,0,0,0,0,0,0,0
banana republic,Social | Awareness | AWE Social TikTok,2025-10-05,20255.35,114828.172,8546.5226,0,0,0,0,0,0,0,0,0,0,0,0,0,0,0,0,0,0,0,0,0,0,0,0,0,0,0,0,0,0,0,0,0,0,0,0,0,0,0,0,0,0,0
banana republic,Social | Awareness | AWE Social TikTok,2025-10-12,14290.73,105687.9589,7866.5375,0,0,0,0,0,0,0,0,0,0,0,0,0,0,0,0,0,0,0,0,0,0,0,0,0,0,0,0,0,0,0,0,0,0,0,0,0,0,0,0,0,0,0
banana republic,Social | Awareness | AWE Social TikTok,2025-10-19,9732.23,83415.8112,6208.773,0,0,0,0,0,0,0,0,0,0,0,0,0,0,0,0,0,0,0,0,0,0,0,0,0,0,0,0,0,0,0,0,0,0,0,0,0,0,0,0,0,0,0
banana republic,Social | Awareness | AWE Social TikTok,2025-10-26,12479.87,104061.6937,7745.4793,0,0,0,0,0,0,0,0,0,0,0,0,0,0,0,0,0,0,0,0,0,0,0,0,0,0,0,0,0,0,0,0,0,0,0,0,0,0,0,0,0,0,0
banana republic,Social | Awareness | AWE Social TikTok,2025-11-02,29442.83,112964.1094,11413.3177,0,0,0,0,0,0,0,0,0,0,0,0,0,0,2,0,0,0,0,0,0,0,0,0,0,0,0,0,0,0,0,0,0,0,0,0,0,0,2,0,0,0,0
banana republic,Social | Awareness | AWE Social TikTok,2025-11-09,18747.78,74825.6334,7873.8623,0,0,0,0,0,0,0,0,0,0,0,0,0,0,1,0,0,0,0,0,0,0,0,0,0,0,0,0,0,0,0,0,0,0,0,0,0,0,1,0,0,0,0
banana republic,Social | Awareness | AWE Social TikTok,2025-11-16,13924.4,83622.1357,8926.1271,0,0,0,0,0,0,0,0,0,0,0,0,0,0,0,0,0,0,0,0,0,0,0,0,0,0,0,0,0,0,0,0,0,0,0,0,0,0,0,0,0,0,0
banana republic,Social | Awareness | AWE Social TikTok,2025-11-23,56073.48,208712.6728,22335.9876,0,0,0,0,0,0,0,0,0,0,0,0,0,0,0,0,0,0,0,0,0,0,0,0,0,0,0,0,0,2,0,0,0,0,0,0,0,0,2,0,0,0,0
banana republic,Social | Awareness | AWE Social TikTok,2025-11-30,65462.82,284575.0505,30460.0888,0,0,0,0,0,0,0,0,0,0,0,0,0,0,0,0,0,2,0,0,0,0,0,0,0,0,0,0,0,0,0,0,0,0,0,0,0,0,2,0,0,0,0
banana republic,Social | Awareness | AWE Social TikTok,2025-12-07,12807.46,118623.1724,12699.9004,0,0,0,0,0,0,0,0,0,0,0,0,0,0,0,0,0,0,0,0,0,0,0,0,0,0,0,0,0,0,2,0,0,0,0,0,0,0,2,0,0,0,0
banana republic,Social | Awareness | AWE Social TikTok,2025-12-14,16885.71,95584.7063,10231.7375,0,0,0,0,0,0,0,0,0,0,0,0,0,0,0,0,0,0,0,0,0,0,0,0,0,0,0,0,0,0,1,0,0,0,0,0,2,2,1,0,0,0,0
banana republic,Social | Awareness | AWE Social TikTok,2025-12-21,15367.71,86369.2975,9246.809,0,0,0,0,0,0,0,0,0,0,0,0,0,0,0,0,0,0,0,0,0,0,0,0,0,0,0,0,0,0,0,1,0,0,0,0,2,2,0,0,1,0,0
banana republic,Social | Awareness | AWE Social TikTok,2025-12-28,15437.46,117722.0063,12603.2069,0,0,0,0,0,0,0,0,0,0,0,0,0,0,0,0,0,0,0,0,0,0,0,0,0,0,0,0,0,0,0,2,0,0,0,0,0,0,0,0,2,0,0
banana republic,Social | Awareness | AWE Social TikTok,2026-01-04,4668.22,55839.4248,7268.9679,0,0,0,0,0,0,0,0,0,0,0,0,0,0,0,0,0,0,0,0,0,0,0,0,0,0,0,0,0,0,0,1,2,0,0,0,0,0,0,0,2,0,0
banana republic,Social | Awareness | AWE Social TikTok,2026-01-11,4492.81,36505.5175,5178.9108,0,0,0,0,0,0,0,0,0,0,0,0,0,0,0,0,0,0,0,0,0,0,0,0,0,0,0,0,0,0,0,0,1,2,0,0,0,0,0,0,2,0,0
banana republic,Social | Awareness | AWE Social TikTok,2026-01-18,4470.85,31660.5684,4616.6769,0,0,0,0,0,0,0,0,0,0,0,0,0,0,0,0,0,0,0,0,0,0,0,0,0,0,0,0,0,0,0,0,0,2,0,0,0,0,0,0,2,0,0
banana republic,Social | Awareness | AWE Social TikTok,2026-01-25,4288.01,25650.1079,3764.6878,0,0,0,0,0,0,0,0,0,0,0,0,0,0,0,0,0,0,0,0,0,0,0,0,0,0,0,0,0,0,0,0,0,0,0,0,0,0,0,0,0,0,0
banana republic,Social | Awareness | AWE Social TikTok,2026-02-01,15150.42,52733.3011,10837.9499,0,0,0,0,0,0,0,0,0,0,0,0,0,0,0,0,0,0,0,0,0,0,0,0,0,0,0,0,0,0,0,0,0,0,0,0,0,0,0,0,0,0,0
banana republic,Social | Awareness | AWE Social TikTok,2026-02-08,13422.09,53421.4706,11250.7492,0,0,0,0,0,0,0,0,0,0,0,0,0,0,0,0,0,0,0,0,0,0,0,0,0,0,0,0,0,0,0,0,0,0,0,0,0,0,0,0,0,0,0
banana republic,Social | Awareness | AWE Social TikTok,2026-02-15,14637.08,60378.2992,12778.921,0,0,0,0,0,0,0,0,0,0,0,0,0,0,0,0,0,0,0,0,0,0,0,0,0,0,0,0,0,0,0,0,0,0,0,0,0,0,0,0,0,0,0
banana republic,Social | Awareness | AWE Social TikTok,2026-02-22,14210.47,61829.2599,13095.9896,0,0,0,0,0,0,0,0,0,0,0,0,0,0,0,0,0,0,0,0,0,0,0,0,0,0,0,0,0,0,0,0,0,0,0,0,0,0,0,0,0,0,0
banana republic,Social | Awareness | AWE Social TikTok Influencer,2025-04-06,563.74,7054.0081,1112.0811,0,0,0,0,0,0,0,0,0,0,0,0,0,0,0,0,0,0,0,0,0,0,0,0,0,0,0,0,0,0,0,0,0,0,0,0,0,0,0,0,0,0,0
banana republic,Social | Awareness | AWE Social TikTok Influencer,2025-04-13,762.9,11130.7688,1754.7758,0,0,0,0,0,0,0,0,0,0,0,0,0,0,0,0,0,0,0,0,0,0,0,0,0,0,0,0,0,0,0,0,0,0,1,0,0,0,0,0,0,0,1
banana republic,Social | Awareness | AWE Social TikTok Influencer,2025-04-20,751.35,11510.6546,1814.7362,0,0,0,0,0,0,0,0,0,0,0,0,0,0,0,0,0,0,0,0,0,0,0,0,0,0,0,0,0,0,0,0,0,0,1,0,0,0,0,0,0,0,1
banana republic,Social | Awareness | AWE Social TikTok Influencer,2025-04-27,389.67,7504.4625,1183.1469,0,0,0,0,0,0,0,0,0,0,0,0,0,0,0,0,0,0,0,0,0,0,0,0,0,0,0,0,0,0,0,0,0,0,0,0,0,0,0,0,0,0,0
banana republic,Social | Awareness | AWE Social TikTok Influencer,2025-06-08,2.84,26.2515,4.1393,0,0,0,0,0,0,0,0,0,0,0,0,0,0,0,0,0,0,0,0,0,0,0,0,0,0,0,0,0,0,0,0,0,0,0,0,0,0,0,0,0,0,0
banana republic,Social | Awareness | AWE Social TikTok Influencer,2025-06-15,7.94,72.2065,11.3839,0,0,0,0,0,0,0,0,0,0,0,0,0,0,0,0,0,0,0,0,0,0,0,0,0,0,0,0,0,0,0,0,0,0,0,0,0,0,0,0,0,0,0
banana republic,Social | Awareness | AWE Social TikTok Influencer,2025-06-22,20.98,182.0446,28.7021,0,0,0,0,0,0,0,0,0,0,0,0,0,0,0,0,0,0,0,0,0,0,0,0,0,1,0,0,0,0,0,0,0,0,0,0,0,0,0,0,1,0,0
banana republic,Social | Awareness | AWE Social TikTok Influencer,2025-06-29,123.65,1832.1723,288.8658,0,0,0,0,0,0,0,0,0,0,0,0,0,0,0,0,0,0,0,0,0,0,0,0,0,1,2,0,0,0,0,0,0,0,0,0,0,0,0,0,2,0,0
banana republic,Social | Awareness | AWE Social TikTok Influencer,2025-07-06,53.61,844.9762,133.2332,0,0,0,0,0,0,0,0,0,0,0,0,0,0,0,0,0,0,0,0,0,0,0,0,0,0,2,1,0,0,0,0,0,0,0,0,0,0,0,0,2,0,0
banana republic,Social | Awareness | AWE Social TikTok Influencer,2025-07-13,29.03,458.5337,72.2976,0,0,0,0,0,0,0,0,0,0,0,0,0,0,0,0,0,0,0,0,0,0,0,0,0,0,0,2,0,0,0,0,0,0,0,0,0,0,0,0,2,0,0
banana republic,Social | Awareness | AWE Social TikTok Influencer,2025-07-20,12.53,189.7971,29.9241,0,0,0,0,0,0,0,0,0,0,0,0,0,0,0,0,0,0,0,0,0,0,0,0,0,0,0,1,2,0,0,0,0,0,0,0,0,0,0,0,2,0,0
banana republic,Social | Awareness | AWE Social TikTok Influencer,2025-07-27,595.36,1432.7873,225.9118,0,0,0,0,0,0,0,0,0,0,0,0,0,0,0,0,0,0,0,0,0,0,0,0,0,0,0,0,2,0,0,0,0,0,0,0,0,0,0,0,2,0,0
banana republic,Social | Awareness | AWE Social TikTok Influencer,2025-08-03,2279.67,1244.5769,266.3355,0,0,0,0,0,0,0,0,0,0,0,0,0,0,0,0,0,0,0,0,0,0,0,0,0,0,0,0,1,0,0,0,0,0,0,0,0,0,0,0,1,0,0
banana republic,Social | Awareness | AWE Social TikTok Influencer,2025-08-10,705.86,576.6245,118.6624,0,0,0,0,0,0,0,0,0,0,0,0,0,0,0,0,0,0,0,0,0,0,0,0,0,0,0,0,0,0,0,0,0,0,0,0,0,0,0,0,0,0,0
banana republic,Social | Awareness | AWE Social TikTok Influencer,2025-08-17,5494.21,37165.3541,8573.0081,0,0,0,0,0,0,0,0,0,0,0,0,0,0,0,0,0,0,0,0,0,0,0,0,0,0,0,0,0,0,0,0,0,0,0,0,0,0,0,0,0,0,0
banana republic,Social | Awareness | AWE Social TikTok Influencer,2025-08-24,4806.13,39452.3814,8709.7336,0,0,0,0,0,0,0,0,0,0,0,0,0,0,0,0,0,0,0,0,0,0,0,0,0,0,0,0,0,0,0,0,0,0,0,1,0,1,0,0,0,0,0
banana republic,Social | Awareness | AWE Social TikTok Influencer,2025-08-31,2544.23,11057.0038,2122.4158,0,0,0,0,0,0,0,0,0,0,0,0,0,0,0,0,0,0,0,0,0,0,0,0,0,0,0,0,0,0,0,0,0,0,0,1,0,1,0,0,0,0,0
banana republic,Social | Awareness | AWE Social TikTok Influencer,2025-09-07,12871.77,38397.8843,9033.5825,0,1,0,0,0,0,0,0,0,0,0,0,0,0,0,0,0,0,0,0,0,0,0,0,0,0,0,0,0,0,0,0,0,0,0,0,0,0,1,0,0,0,0
banana republic,Social | Awareness | AWE Social TikTok Influencer,2025-09-14,9045.48,33410.6971,7274.6578,0,2,0,0,0,0,0,0,0,0,0,0,0,0,0,0,0,0,0,0,0,0,0,0,0,0,0,0,0,0,0,0,0,0,0,0,0,0,2,0,0,0,0
banana republic,Social | Awareness | AWE Social TikTok Influencer,2025-09-21,3275.59,17654.6692,3611.4204,0,1,0,0,0,0,0,0,0,0,0,0,0,0,0,0,0,0,0,0,0,0,0,0,0,0,0,0,0,0,0,0,0,0,0,0,0,0,1,0,0,0,0
banana republic,Social | Awareness | AWE Social TikTok Influencer,2025-09-28,3350.02,5674.7847,1040.4271,0,0,0,0,0,0,0,0,0,0,0,0,0,0,0,0,0,0,0,0,0,0,0,0,0,0,0,0,0,0,0,0,0,0,0,0,0,0,0,0,0,0,0
banana republic,Social | Awareness | AWE Social TikTok Influencer,2025-10-05,7078.86,5591.214,1242.2553,0,0,0,0,0,0,0,0,0,0,0,0,0,0,0,0,0,0,0,0,0,0,0,0,0,0,0,0,0,0,0,0,0,0,0,0,0,0,0,0,0,0,0
banana republic,Social | Awareness | AWE Social TikTok Influencer,2025-10-12,3345.12,3399.8434,710.2393,0,0,0,0,0,0,0,0,0,0,0,0,0,0,0,0,0,0,0,0,0,0,0,0,0,0,0,0,0,0,0,0,0,0,0,0,0,0,0,0,0,0,0
banana republic,Social | Awareness | AWE Social TikTok Influencer,2025-10-19,1139.27,1141.3201,211.4471,0,0,0,0,0,0,0,0,0,0,0,0,0,0,0,0,0,0,0,0,0,0,0,0,0,0,0,0,0,0,0,0,0,0,0,0,0,0,0,0,0,0,0
banana republic,Social | Awareness | AWE Social TikTok Influencer,2025-10-26,1260.99,2630.6297,610.9775,0,0,0,0,0,0,0,0,0,0,0,0,0,0,0,0,0,0,0,0,0,0,0,0,0,0,0,0,0,0,0,0,0,0,0,0,0,0,0,0,0,0,0
banana republic,Social | Awareness | AWE Social TikTok Influencer,2025-11-02,4121.59,20769.591,3205.7601,0,0,0,0,0,0,0,0,0,0,0,0,0,0,2,0,0,0,0,0,0,0,0,0,0,0,0,0,0,0,0,0,0,0,0,0,0,0,2,0,0,0,0
banana republic,Social | Awareness | AWE Social TikTok Influencer,2025-11-09,784.22,7113.2478,1113.6476,0,0,0,0,0,0,0,0,0,0,0,0,0,0,1,0,0,0,0,0,0,0,0,0,0,0,0,0,0,0,0,0,0,0,0,0,0,0,1,0,0,0,0
banana republic,Social | Awareness | AWE Social TikTok Influencer,2025-11-16,2860.19,5073.3054,784.3863,0,0,0,0,0,0,0,0,0,0,0,0,0,0,0,0,0,0,0,0,0,0,0,0,0,0,0,0,0,0,0,0,0,0,0,0,0,0,0,0,0,0,0
banana republic,Social | Awareness | AWE Social TikTok Influencer,2025-11-23,5735.34,22276.3368,3418.3153,0,0,0,0,0,0,0,0,0,0,0,0,0,0,0,0,0,0,0,0,0,0,0,0,0,0,0,0,0,2,0,0,0,0,0,0,0,0,2,0,0,0,0
banana republic,Social | Awareness | AWE Social TikTok Influencer,2025-11-30,5663.35,31831.5341,4900.3177,0,0,0,0,0,0,0,0,0,0,0,0,0,0,0,0,0,2,0,0,0,0,0,0,0,0,0,0,0,0,0,0,0,0,0,0,0,0,2,0,0,0,0
banana republic,Social | Awareness | AWE Social TikTok Influencer,2025-12-14,1093.83,6980.9669,1078.931,0,0,0,0,0,0,0,0,0,0,0,0,0,0,0,0,0,0,0,0,0,0,0,0,0,0,0,0,0,0,1,0,0,0,0,0,2,2,1,0,0,0,0
banana republic,Social | Awareness | AWE Social TikTok Influencer,2026-01-18,173.67,964.73,201.0277,0,0,0,0,0,0,0,0,0,0,0,0,0,0,0,0,0,0,0,0,0,0,0,0,0,0,0,0,0,0,0,0,0,2,0,0,0,0,0,0,2,0,0
banana republic,Social | Awareness | AWE Social TikTok Influencer,2026-01-25,172.14,1057.2932,209.015,0,0,0,0,0,0,0,0,0,0,0,0,0,0,0,0,0,0,0,0,0,0,0,0,0,0,0,0,0,0,0,0,0,0,0,0,0,0,0,0,0,0,0
banana republic,Social | Awareness | AWE Social TikTok Influencer,2026-02-08,1337.57,6051.1092,1258.9858,0,0,0,0,0,0,0,0,0,0,0,0,0,0,0,0,0,0,0,0,0,0,0,0,0,0,0,0,0,0,0,0,0,0,0,0,0,0,0,0,0,0,0
banana republic,Social | Awareness | AWE Social TikTok Influencer,2026-02-15,150.23,2828.7524,517.3436,0,0,0,0,0,0,0,0,0,0,0,0,0,0,0,0,0,0,0,0,0,0,0,0,0,0,0,0,0,0,0,0,0,0,0,0,0,0,0,0,0,0,0
banana republic,Social | Consideration | CON Social Meta,2025-02-02,32828.7,618730.5822,143285.5669,0,0,0,0,0,0,0,0,0,0,0,0,0,0,0,0,0,0,0,0,0,0,0,0,0,0,0,0,0,0,0,0,0,0,0,0,0,0,0,0,0,0,0
banana republic,Social | Consideration | CON Social Meta,2025-02-09,33567.41,677389.9355,152554.8558,0,0,0,0,0,0,0,0,0,0,0,0,0,0,0,0,0,0,0,0,0,0,0,0,0,0,0,0,0,0,0,0,0,0,0,0,0,0,0,0,0,0,0
banana republic,Social | Consideration | CON Social Meta,2025-02-16,41882.99,803665.7242,177251.2833,0,0,0,0,0,0,0,0,0,0,0,0,0,0,0,0,0,0,0,0,0,0,0,0,0,0,0,0,0,0,0,0,0,0,0,0,0,0,0,0,0,0,0
banana republic,Social | Consideration | CON Social Meta,2025-02-23,38551.83,800495.583,179174.5972,0,0,0,0,0,0,0,0,0,0,0,0,0,0,0,0,0,0,0,0,0,0,0,0,0,0,0,0,0,0,0,0,0,0,0,0,0,0,0,0,0,0,0
banana republic,Social | Consideration | CON Social Meta,2025-03-02,39740.0,852188.1785,190195.4831,0,0,0,0,0,0,0,0,0,0,0,0,0,0,0,0,0,0,0,0,0,0,0,0,0,0,0,0,0,0,0,0,0,0,0,0,0,0,0,0,0,0,0
banana republic,Social | Consideration | CON Social Meta,2025-03-09,38225.0,846791.5661,190114.1821,0,0,0,0,0,0,0,0,0,0,0,0,0,0,0,0,0,0,0,0,0,0,0,0,0,0,0,0,0,0,0,0,0,0,0,0,0,0,0,0,0,0,0
banana republic,Social | Consideration | CON Social Meta,2025-03-16,120543.35,1823620.8818,379254.8256,0,0,0,0,0,0,0,0,0,0,0,0,0,0,0,0,0,0,0,0,0,0,0,0,0,0,0,0,0,0,0,0,0,0,0,0,0,0,0,0,0,0,0
banana republic,Social | Consideration | CON Social Meta,2025-03-23,169003.8,2168405.9679,463781.9539,0,2,0,0,0,0,0,0,0,0,0,0,0,0,0,0,0,0,0,0,0,0,0,0,0,0,0,0,0,0,0,0,0,0,0,0,0,0,2,0,0,0,0
banana republic,Social | Consideration | CON Social Meta,2025-03-30,65134.66,1398843.8004,327818.7151,0,1,0,0,0,0,0,0,0,0,0,0,0,0,0,0,0,0,0,0,0,0,0,0,0,0,0,0,0,0,0,0,0,0,0,0,0,0,1,0,0,0,0
banana republic,Social | Consideration | CON Social Meta,2025-04-06,43579.47,1116135.5211,230935.3946,0,0,0,0,0,0,0,0,0,0,0,0,0,0,0,0,0,0,0,0,0,0,0,0,0,0,0,0,0,0,0,0,0,0,0,0,0,0,0,0,0,0,0
banana republic,Social | Consideration | CON Social Meta,2025-04-13,43445.29,956224.9899,182522.2991,0,0,0,0,0,0,0,0,0,0,0,0,0,0,0,0,0,0,0,0,0,0,0,0,0,0,0,0,0,0,0,0,0,0,1,0,0,0,0,0,0,0,1
banana republic,Social | Consideration | CON Social Meta,2025-04-20,44921.11,958352.8557,169934.9108,0,0,0,0,0,0,0,0,0,0,0,0,0,0,0,0,0,0,0,0,0,0,0,0,0,0,0,0,0,0,0,0,0,0,1,0,0,0,0,0,0,0,1
banana republic,Social | Consideration | CON Social Meta,2025-04-27,41419.52,915624.9536,157940.5325,0,0,0,0,0,0,0,0,0,0,0,0,0,0,0,0,0,0,0,0,0,0,0,0,0,0,0,0,0,0,0,0,0,0,0,0,0,0,0,0,0,0,0
banana republic,Social | Consideration | CON Social Meta,2025-05-04,60300.46,1294100.8002,208654.691,0,0,0,0,0,0,0,0,0,0,0,0,0,0,0,0,0,0,0,0,0,0,0,0,0,0,0,0,0,0,0,0,0,0,0,0,0,0,0,0,0,0,0
banana republic,Social | Consideration | CON Social Meta,2025-05-11,59132.93,1294935.5248,211259.4264,0,0,0,0,0,0,0,0,0,0,0,0,0,0,0,0,0,0,0,0,0,0,0,0,0,0,0,0,0,0,0,0,0,0,0,0,0,0,0,0,0,0,0
banana republic,Social | Consideration | CON Social Meta,2025-05-18,59468.2,1238896.3432,204850.6259,0,0,0,0,0,0,0,0,0,0,0,0,0,0,0,0,0,0,0,0,0,0,0,0,1,0,0,0,0,0,0,0,0,0,0,0,0,0,0,0,0,0,1
banana republic,Social | Consideration | CON Social Meta,2025-05-25,56098.2201,1289806.5004,212340.8168,0,0,0,0,0,0,0,0,0,0,0,0,0,0,0,0,0,0,0,0,0,0,0,0,1,0,0,0,0,0,0,0,0,0,0,0,0,0,0,0,0,0,1
banana republic,Social | Consideration | CON Social Meta,2025-06-01,29047.2801,1110240.8664,193195.9586,0,0,0,0,0,0,0,0,0,0,0,0,0,0,0,0,0,0,0,0,0,0,0,0,0,0,0,0,0,0,0,0,0,0,0,0,0,0,0,0,0,0,0
banana republic,Social | Consideration | CON Social Meta,2025-06-08,29331.04,1030933.7207,179366.591,0,0,0,0,0,0,0,0,0,0,0,0,0,0,0,0,0,0,0,0,0,0,0,0,0,0,0,0,0,0,0,0,0,0,0,0,0,0,0,0,0,0,0
banana republic,Social | Consideration | CON Social Meta,2025-06-15,28693.13,1019089.1133,174619.6186,0,0,0,0,0,0,0,0,0,0,0,0,0,0,0,0,0,0,0,0,0,0,0,0,0,0,0,0,0,0,0,0,0,0,0,0,0,0,0,0,0,0,0
banana republic,Social | Consideration | CON Social Meta,2025-06-22,29341.2201,979245.1594,166564.5306,0,0,0,0,0,0,0,0,0,0,0,0,0,0,0,0,0,0,0,0,0,0,0,0,0,1,0,0,0,0,0,0,0,0,0,0,0,0,0,0,1,0,0
banana republic,Social | Consideration | CON Social Meta,2025-06-29,28557.83,958592.4705,162161.8224,0,0,0,0,0,0,0,0,0,0,0,0,0,0,0,0,0,0,0,0,0,0,0,0,0,1,2,0,0,0,0,0,0,0,0,0,0,0,0,0,2,0,0
banana republic,Social | Consideration | CON Social Meta,2025-07-06,50067.42,960347.5028,153738.0102,0,0,0,0,0,0,0,0,0,0,0,0,0,0,0,0,0,0,0,0,0,0,0,0,0,0,2,1,0,0,0,0,0,0,0,0,0,0,0,0,2,0,0
banana republic,Social | Consideration | CON Social Meta,2025-07-13,50292.99,1086759.8399,173890.9636,0,0,0,0,0,0,0,0,0,0,0,0,0,0,0,0,0,0,0,0,0,0,0,0,0,0,0,2,0,0,0,0,0,0,0,0,0,0,0,0,2,0,0
banana republic,Social | Consideration | CON Social Meta,2025-07-20,49353.2101,1124643.9897,182127.2446,0,0,0,0,0,0,0,0,0,0,0,0,0,0,0,0,0,0,0,0,0,0,0,0,0,0,0,1,2,0,0,0,0,0,0,0,0,0,0,0,2,0,0
banana republic,Social | Consideration | CON Social Meta,2025-07-27,50283.94,1145978.1127,186874.7708,0,0,0,0,0,0,0,0,0,0,0,0,0,0,0,0,0,0,0,0,0,0,0,0,0,0,0,0,2,0,0,0,0,0,0,0,0,0,0,0,2,0,0
banana republic,Social | Consideration | CON Social Meta,2025-08-03,49775.9,1174981.5379,192269.6307,0,0,0,0,0,0,0,0,0,0,0,0,0,0,0,0,0,0,0,0,0,0,0,0,0,0,0,0,1,0,0,0,0,0,0,0,0,0,0,0,1,0,0
banana republic,Social | Consideration | CON Social Meta,2025-08-10,49411.67,1134114.1249,187493.6545,0,0,0,0,0,0,0,0,0,0,0,0,0,0,0,0,0,0,0,0,0,0,0,0,0,0,0,0,0,0,0,0,0,0,0,0,0,0,0,0,0,0,0
banana republic,Social | Consideration | CON Social Meta,2025-08-17,49431.91,1068475.3816,178316.1501,0,0,0,0,0,0,0,0,0,0,0,0,0,0,0,0,0,0,0,0,0,0,0,0,0,0,0,0,0,0,0,0,0,0,0,0,0,0,0,0,0,0,0
banana republic,Social | Consideration | CON Social Meta,2025-08-24,48822.8001,1036428.7417,172489.8345,0,0,0,0,0,0,0,0,0,0,0,0,0,0,0,0,0,0,0,0,0,0,0,0,0,0,0,0,0,0,0,0,0,0,0,1,0,1,0,0,0,0,0
banana republic,Social | Consideration | CON Social Meta,2025-08-31,88228.2901,1274335.4661,216217.943,0,0,0,0,0,0,0,0,0,0,0,0,0,0,0,0,0,0,0,0,0,0,0,0,0,0,0,0,0,0,0,0,0,0,0,1,0,1,0,0,0,0,0
banana republic,Social | Consideration | CON Social Meta,2025-09-07,155557.0702,2096604.2983,349826.9932,0,1,0,0,0,0,0,0,0,0,0,0,0,0,0,0,0,0,0,0,0,0,0,0,0,0,0,0,0,0,0,0,0,0,0,0,0,0,1,0,0,0,0
banana republic,Social | Consideration | CON Social Meta,2025-09-14,190584.8302,2537299.595,434052.7768,0,2,0,0,0,0,0,0,0,0,0,0,0,0,0,0,0,0,0,0,0,0,0,0,0,0,0,0,0,0,0,0,0,0,0,0,0,0,2,0,0,0,0
banana republic,Social | Consideration | CON Social Meta,2025-09-21,81841.3301,1620066.7872,307892.8603,0,1,0,0,0,0,0,0,0,0,0,0,0,0,0,0,0,0,0,0,0,0,0,0,0,0,0,0,0,0,0,0,0,0,0,0,0,0,1,0,0,0,0
banana republic,Social | Consideration | CON Social Meta,2025-09-28,62668.1302,1361261.7746,260581.8931,0,0,0,0,0,0,0,0,0,0,0,0,0,0,0,0,0,0,0,0,0,0,0,0,0,0,0,0,0,0,0,0,0,0,0,0,0,0,0,0,0,0,0
banana republic,Social | Consideration | CON Social Meta,2025-10-05,43793.1401,1048690.5721,205720.5614,0,0,0,0,0,0,0,0,0,0,0,0,0,0,0,0,0,0,0,0,0,0,0,0,0,0,0,0,0,0,0,0,0,0,0,0,0,0,0,0,0,0,0
banana republic,Social | Consideration | CON Social Meta,2025-10-12,48977.4801,1041309.6365,196380.0536,0,0,0,0,0,0,0,0,0,0,0,0,0,0,0,0,0,0,0,0,0,0,0,0,0,0,0,0,0,0,0,0,0,0,0,0,0,0,0,0,0,0,0
banana republic,Social | Consideration | CON Social Meta,2025-10-19,59934.18,1228237.5117,220660.8667,0,0,0,0,0,0,0,0,0,0,0,0,0,0,0,0,0,0,0,0,0,0,0,0,0,0,0,0,0,0,0,0,0,0,0,0,0,0,0,0,0,0,0
banana republic,Social | Consideration | CON Social Meta,2025-10-26,64566.47,1222808.3525,220806.3873,0,0,0,0,0,0,0,0,0,0,0,0,0,0,0,0,0,0,0,0,0,0,0,0,0,0,0,0,0,0,0,0,0,0,0,0,0,0,0,0,0,0,0
banana republic,Social | Consideration | CON Social Meta,2025-11-02,87558.06,1567202.8986,176704.5449,0,0,0,0,0,0,0,0,0,0,0,0,0,0,2,0,0,0,0,0,0,0,0,0,0,0,0,0,0,0,0,0,0,0,0,0,0,0,2,0,0,0,0
banana republic,Social | Consideration | CON Social Meta,2025-11-09,52130.6102,1160108.2084,128104.2268,0,0,0,0,0,0,0,0,0,0,0,0,0,0,1,0,0,0,0,0,0,0,0,0,0,0,0,0,0,0,0,0,0,0,0,0,0,0,1,0,0,0,0
banana republic,Social | Consideration | CON Social Meta,2025-11-16,37372.9501,828959.9785,93500.148,0,0,0,0,0,0,0,0,0,0,0,0,0,0,0,0,0,0,0,0,0,0,0,0,0,0,0,0,0,0,0,0,0,0,0,0,0,0,0,0,0,0,0
banana republic,Social | Consideration | CON Social Meta,2025-11-23,209071.55,2124699.2633,177816.7227,0,0,0,0,0,0,0,0,0,0,0,0,0,0,0,0,0,0,0,0,0,0,0,0,0,0,0,0,0,2,0,0,0,0,0,0,0,0,2,0,0,0,0
banana republic,Social | Consideration | CON Social Meta,2025-11-30,224231.5801,2568579.0398,220774.0283,0,0,0,0,0,0,0,0,0,0,0,0,0,0,0,0,0,2,0,0,0,0,0,0,0,0,0,0,0,0,0,0,0,0,0,0,0,0,2,0,0,0,0
banana republic,Social | Consideration | CON Social Meta,2025-12-07,37528.1501,1219831.2485,134724.5033,0,0,0,0,0,0,0,0,0,0,0,0,0,0,0,0,0,0,0,0,0,0,0,0,0,0,0,0,0,0,2,0,0,0,0,0,0,0,2,0,0,0,0
banana republic,Social | Consideration | CON Social Meta,2025-12-14,39112.8,911079.281,102179.1155,0,0,0,0,0,0,0,0,0,0,0,0,0,0,0,0,0,0,0,0,0,0,0,0,0,0,0,0,0,0,1,0,0,0,0,0,2,2,1,0,0,0,0
banana republic,Social | Consideration | CON Social Meta,2025-12-21,21047.16,655056.3025,75340.2756,0,0,0,0,0,0,0,0,0,0,0,0,0,0,0,0,0,0,0,0,0,0,0,0,0,0,0,0,0,0,0,1,0,0,0,0,2,2,0,0,1,0,0
banana republic,Social | Consideration | CON Social Meta,2025-12-28,21026.42,645496.0955,67553.2262,0,0,0,0,0,0,0,0,0,0,0,0,0,0,0,0,0,0,0,0,0,0,0,0,0,0,0,0,0,0,0,2,0,0,0,0,0,0,0,0,2,0,0
banana republic,Social | Consideration | CON Social Meta,2026-01-04,12058.54,462622.1793,85645.1577,0,0,0,0,0,0,0,0,0,0,0,0,0,0,0,0,0,0,0,0,0,0,0,0,0,0,0,0,0,0,0,1,2,0,0,0,0,0,0,0,2,0,0
banana republic,Social | Consideration | CON Social Meta,2026-01-11,16186.2501,483497.0751,92607.2985,0,0,0,0,0,0,0,0,0,0,0,0,0,0,0,0,0,0,0,0,0,0,0,0,0,0,0,0,0,0,0,0,1,2,0,0,0,0,0,0,2,0,0
banana republic,Social | Consideration | CON Social Meta,2026-01-18,16346.54,461982.6092,89647.2635,0,0,0,0,0,0,0,0,0,0,0,0,0,0,0,0,0,0,0,0,0,0,0,0,0,0,0,0,0,0,0,0,0,2,0,0,0,0,0,0,2,0,0
banana republic,Social | Consideration | CON Social Meta,2026-01-25,16911.01,469435.0383,90406.7442,0,0,0,0,0,0,0,0,0,0,0,0,0,0,0,0,0,0,0,0,0,0,0,0,0,0,0,0,0,0,0,0,0,0,0,0,0,0,0,0,0,0,0
banana republic,Social | Consideration | CON Social Meta,2026-02-01,38328.28,802442.1658,146351.9072,0,0,0,0,0,0,0,0,0,0,0,0,0,0,0,0,0,0,0,0,0,0,0,0,0,0,0,0,0,0,0,0,0,0,0,0,0,0,0,0,0,0,0
banana republic,Social | Consideration | CON Social Meta,2026-02-08,38592.75,929336.9246,171599.8691,0,0,0,0,0,0,0,0,0,0,0,0,0,0,0,0,0,0,0,0,0,0,0,0,0,0,0,0,0,0,0,0,0,0,0,0,0,0,0,0,0,0,0
banana republic,Social | Consideration | CON Social Meta,2026-02-15,39028.46,979355.0214,183061.105,0,0,0,0,0,0,0,0,0,0,0,0,0,0,0,0,0,0,0,0,0,0,0,0,0,0,0,0,0,0,0,0,0,0,0,0,0,0,0,0,0,0,0
banana republic,Social | Consideration | CON Social Meta,2026-02-22,38230.22,1029550.6951,193730.5793,0,0,0,0,0,0,0,0,0,0,0,0,0,0,0,0,0,0,0,0,0,0,0,0,0,0,0,0,0,0,0,0,0,0,0,0,0,0,0,0,0,0,0
banana republic,Social | Consideration | CON Social Meta Influencer,2025-10-05,23.12,0.0,0.0,0,0,0,0,0,0,0,0,0,0,0,0,0,0,0,0,0,0,0,0,0,0,0,0,0,0,0,0,0,0,0,0,0,0,0,0,0,0,0,0,0,0,0
banana republic,Social | Consideration | CON Social Meta Influencer,2025-10-12,21.19,0.0,0.0,0,0,0,0,0,0,0,0,0,0,0,0,0,0,0,0,0,0,0,0,0,0,0,0,0,0,0,0,0,0,0,0,0,0,0,0,0,0,0,0,0,0,0
banana republic,Social | Consideration | CON Social Meta Influencer,2025-10-19,78.25,0.0,0.0,0,0,0,0,0,0,0,0,0,0,0,0,0,0,0,0,0,0,0,0,0,0,0,0,0,0,0,0,0,0,0,0,0,0,0,0,0,0,0,0,0,0,0
banana republic,Social | Consideration | CON Social Meta Influencer,2025-10-26,68.67,0.0,0.0,0,0,0,0,0,0,0,0,0,0,0,0,0,0,0,0,0,0,0,0,0,0,0,0,0,0,0,0,0,0,0,0,0,0,0,0,0,0,0,0,0,0,0
banana republic,Social | Consideration | CON Social Meta Influencer,2025-11-02,5550.63,49497.7729,4062.4239,0,0,0,0,0,0,0,0,0,0,0,0,0,0,2,0,0,0,0,0,0,0,0,0,0,0,0,0,0,0,0,0,0,0,0,0,0,0,2,0,0,0,0
banana republic,Social | Consideration | CON Social Meta Influencer,2025-11-09,2441.36,38265.0357,3141.9468,0,0,0,0,0,0,0,0,0,0,0,0,0,0,1,0,0,0,0,0,0,0,0,0,0,0,0,0,0,0,0,0,0,0,0,0,0,0,1,0,0,0,0
banana republic,Social | Consideration | CON Social Meta Influencer,2025-11-16,2477.59,38938.0106,3220.4976,0,0,0,0,0,0,0,0,0,0,0,0,0,0,0,0,0,0,0,0,0,0,0,0,0,0,0,0,0,0,0,0,0,0,0,0,0,0,0,0,0,0,0
banana republic,Social | Consideration | CON Social Meta Influencer,2025-11-23,1329.1,23878.0333,1982.3081,0,0,0,0,0,0,0,0,0,0,0,0,0,0,0,0,0,0,0,0,0,0,0,0,0,0,0,0,0,2,0,0,0,0,0,0,0,0,2,0,0,0,0
banana republic,Social | Consideration | CON Social Meta Influencer,2025-11-30,683.92,12337.4878,1021.8762,0,0,0,0,0,0,0,0,0,0,0,0,0,0,0,0,0,2,0,0,0,0,0,0,0,0,0,0,0,0,0,0,0,0,0,0,0,0,2,0,0,0,0
banana republic,Social | Consideration | CON Social Meta Influencer,2025-12-07,473.91,8084.0531,665.9483,0,0,0,0,0,0,0,0,0,0,0,0,0,0,0,0,0,0,0,0,0,0,0,0,0,0,0,0,0,0,2,0,0,0,0,0,0,0,2,0,0,0,0
banana republic,Social | Consideration | CON Social Meta Influencer,2025-12-14,840.91,12147.7646,1006.4432,0,0,0,0,0,0,0,0,0,0,0,0,0,0,0,0,0,0,0,0,0,0,0,0,0,0,0,0,0,0,1,0,0,0,0,0,2,2,1,0,0,0,0
banana republic,Social | Consideration | CON Social Meta Influencer,2025-12-21,207.83,6378.0225,528.9639,0,0,0,0,0,0,0,0,0,0,0,0,0,0,0,0,0,0,0,0,0,0,0,0,0,0,0,0,0,0,0,1,0,0,0,0,2,2,0,0,1,0,0
banana republic,Social | Consideration | CON Social Meta Influencer,2026-01-11,1.33,205.7934,22.0082,0,0,0,0,0,0,0,0,0,0,0,0,0,0,0,0,0,0,0,0,0,0,0,0,0,0,0,0,0,0,0,0,1,2,0,0,0,0,0,0,2,0,0
banana republic,Social | Consideration | CON Social Meta Influencer,2026-01-18,2.89,146.5064,26.3298,0,0,0,0,0,0,0,0,0,0,0,0,0,0,0,0,0,0,0,0,0,0,0,0,0,0,0,0,0,0,0,0,0,2,0,0,0,0,0,0,2,0,0
banana republic,Social | Consideration | CON Social Meta Influencer,2026-01-25,0.13,44.956,8.1507,0,0,0,0,0,0,0,0,0,0,0,0,0,0,0,0,0,0,0,0,0,0,0,0,0,0,0,0,0,0,0,0,0,0,0,0,0,0,0,0,0,0,0
banana republic,Social | Consideration | CON Social Meta Influencer,2026-02-01,14.55,206.7946,47.49,0,0,0,0,0,0,0,0,0,0,0,0,0,0,0,0,0,0,0,0,0,0,0,0,0,0,0,0,0,0,0,0,0,0,0,0,0,0,0,0,0,0,0
banana republic,Social | Consideration | CON Social Meta Influencer,2026-02-08,1.24,78.8371,18.3357,0,0,0,0,0,0,0,0,0,0,0,0,0,0,0,0,0,0,0,0,0,0,0,0,0,0,0,0,0,0,0,0,0,0,0,0,0,0,0,0,0,0,0
banana republic,Social | Consideration | CON Social Meta Influencer,2026-02-15,43.74,575.4895,135.7174,0,0,0,0,0,0,0,0,0,0,0,0,0,0,0,0,0,0,0,0,0,0,0,0,0,0,0,0,0,0,0,0,0,0,0,0,0,0,0,0,0,0,0
banana republic,Social | Consideration | CON Social Meta Influencer,2026-02-22,26.33,572.1209,134.3086,0,0,0,0,0,0,0,0,0,0,0,0,0,0,0,0,0,0,0,0,0,0,0,0,0,0,0,0,0,0,0,0,0,0,0,0,0,0,0,0,0,0,0
banana republic,Social | Consideration | CON Social Meta RTN,2025-10-05,9707.95,173871.2634,26705.2884,0,0,0,0,0,0,0,0,0,0,0,0,0,0,0,0,0,0,0,0,0,0,0,0,0,0,0,0,0,0,0,0,0,0,0,0,0,0,0,0,0,0,0
banana republic,Social | Consideration | CON Social Meta RTN,2025-10-12,10182.07,243938.337,32100.6938,0,0,0,0,0,0,0,0,0,0,0,0,0,0,0,0,0,0,0,0,0,0,0,0,0,0,0,0,0,0,0,0,0,0,0,0,0,0,0,0,0,0,0
banana republic,Social | Consideration | CON Social Meta RTN,2025-10-19,10532.84,283941.1289,35605.4875,0,0,0,0,0,0,0,0,0,0,0,0,0,0,0,0,0,0,0,0,0,0,0,0,0,0,0,0,0,0,0,0,0,0,0,0,0,0,0,0,0,0,0
banana republic,Social | Consideration | CON Social Meta RTN,2025-10-26,10575.2701,287795.0611,34631.5811,0,0,0,0,0,0,0,0,0,0,0,0,0,0,0,0,0,0,0,0,0,0,0,0,0,0,0,0,0,0,0,0,0,0,0,0,0,0,0,0,0,0,0
banana republic,Social | Consideration | CON Social Meta RTN,2025-11-02,24996.88,588872.1174,44520.3367,0,0,0,0,0,0,0,0,0,0,0,0,0,0,2,0,0,0,0,0,0,0,0,0,0,0,0,0,0,0,0,0,0,0,0,0,0,0,2,0,0,0,0
banana republic,Social | Consideration | CON Social Meta RTN,2025-11-09,12830.6,400782.3406,22799.9198,0,0,0,0,0,0,0,0,0,0,0,0,0,0,1,0,0,0,0,0,0,0,0,0,0,0,0,0,0,0,0,0,0,0,0,0,0,0,1,0,0,0,0
banana republic,Social | Consideration | CON Social Meta RTN,2025-11-16,9027.8,282224.9117,15575.9075,0,0,0,0,0,0,0,0,0,0,0,0,0,0,0,0,0,0,0,0,0,0,0,0,0,0,0,0,0,0,0,0,0,0,0,0,0,0,0,0,0,0,0
banana republic,Social | Consideration | CON Social Meta RTN,2025-11-23,56954.37,784929.1012,59145.5132,0,0,0,0,0,0,0,0,0,0,0,0,0,0,0,0,0,0,0,0,0,0,0,0,0,0,0,0,0,2,0,0,0,0,0,0,0,0,2,0,0,0,0
banana republic,Social | Consideration | CON Social Meta RTN,2025-11-30,52606.64,861378.5545,57367.6693,0,0,0,0,0,0,0,0,0,0,0,0,0,0,0,0,0,2,0,0,0,0,0,0,0,0,0,0,0,0,0,0,0,0,0,0,0,0,2,0,0,0,0
banana republic,Social | Consideration | CON Social Meta RTN,2025-12-07,8841.22,421455.1077,19206.7659,0,0,0,0,0,0,0,0,0,0,0,0,0,0,0,0,0,0,0,0,0,0,0,0,0,0,0,0,0,0,2,0,0,0,0,0,0,0,2,0,0,0,0
banana republic,Social | Consideration | CON Social Meta RTN,2025-12-14,9215.57,288360.4268,15105.8518,0,0,0,0,0,0,0,0,0,0,0,0,0,0,0,0,0,0,0,0,0,0,0,0,0,0,0,0,0,0,1,0,0,0,0,0,2,2,1,0,0,0,0
banana republic,Social | Consideration | CON Social Meta RTN,2025-12-21,4884.15,217504.0988,12173.3886,0,0,0,0,0,0,0,0,0,0,0,0,0,0,0,0,0,0,0,0,0,0,0,0,0,0,0,0,0,0,0,1,0,0,0,0,2,2,0,0,1,0,0
banana republic,Social | Consideration | CON Social Meta RTN,2025-12-28,4879.24,241627.3126,15565.6622,0,0,0,0,0,0,0,0,0,0,0,0,0,0,0,0,0,0,0,0,0,0,0,0,0,0,0,0,0,0,0,2,0,0,0,0,0,0,0,0,2,0,0
banana republic,Social | Consideration | CON Social Meta RTN,2026-01-04,2955.92,143228.6792,12244.413,0,0,0,0,0,0,0,0,0,0,0,0,0,0,0,0,0,0,0,0,0,0,0,0,0,0,0,0,0,0,0,1,2,0,0,0,0,0,0,0,2,0,0
banana republic,Social | Consideration | CON Social Meta RTN,2026-01-11,3881.65,88588.6542,14399.3362,0,0,0,0,0,0,0,0,0,0,0,0,0,0,0,0,0,0,0,0,0,0,0,0,0,0,0,0,0,0,0,0,1,2,0,0,0,0,0,0,2,0,0
banana republic,Social | Consideration | CON Social Meta RTN,2026-01-18,3825.8001,83003.8172,14327.3728,0,0,0,0,0,0,0,0,0,0,0,0,0,0,0,0,0,0,0,0,0,0,0,0,0,0,0,0,0,0,0,0,0,2,0,0,0,0,0,0,2,0,0
banana republic,Social | Consideration | CON Social Meta RTN,2026-01-25,3575.62,79641.8109,13901.8831,0,0,0,0,0,0,0,0,0,0,0,0,0,0,0,0,0,0,0,0,0,0,0,0,0,0,0,0,0,0,0,0,0,0,0,0,0,0,0,0,0,0,0
banana republic,Social | Consideration | CON Social Meta RTN,2026-02-01,9053.46,161628.0572,32687.8594,0,0,0,0,0,0,0,0,0,0,0,0,0,0,0,0,0,0,0,0,0,0,0,0,0,0,0,0,0,0,0,0,0,0,0,0,0,0,0,0,0,0,0
banana republic,Social | Consideration | CON Social Meta RTN,2026-02-08,9286.06,187933.5356,35146.1606,0,0,0,0,0,0,0,0,0,0,0,0,0,0,0,0,0,0,0,0,0,0,0,0,0,0,0,0,0,0,0,0,0,0,0,0,0,0,0,0,0,0,0
banana republic,Social | Consideration | CON Social Meta RTN,2026-02-15,9424.68,199676.5347,36408.5364,0,0,0,0,0,0,0,0,0,0,0,0,0,0,0,0,0,0,0,0,0,0,0,0,0,0,0,0,0,0,0,0,0,0,0,0,0,0,0,0,0,0,0
banana republic,Social | Consideration | CON Social Meta RTN,2026-02-22,8417.27,179252.619,31109.3127,0,0,0,0,0,0,0,0,0,0,0,0,0,0,0,0,0,0,0,0,0,0,0,0,0,0,0,0,0,0,0,0,0,0,0,0,0,0,0,0,0,0,0
banana republic,Social | Consideration | CON Social Pinterest,2025-02-02,12496.19,243856.8087,96537.1307,0,0,0,0,0,0,0,0,0,0,0,0,0,0,0,0,0,0,0,0,0,0,0,0,0,0,0,0,0,0,0,0,0,0,0,0,0,0,0,0,0,0,0
banana republic,Social | Consideration | CON Social Pinterest,2025-02-09,12921.04,269191.4421,107896.887,0,0,0,0,0,0,0,0,0,0,0,0,0,0,0,0,0,0,0,0,0,0,0,0,0,0,0,0,0,0,0,0,0,0,0,0,0,0,0,0,0,0,0
banana republic,Social | Consideration | CON Social Pinterest,2025-02-16,15720.31,325876.3952,132286.4899,0,0,0,0,0,0,0,0,0,0,0,0,0,0,0,0,0,0,0,0,0,0,0,0,0,0,0,0,0,0,0,0,0,0,0,0,0,0,0,0,0,0,0
banana republic,Social | Consideration | CON Social Pinterest,2025-02-23,14898.15,255891.2768,101607.2021,0,0,0,0,0,0,0,0,0,0,0,0,0,0,0,0,0,0,0,0,0,0,0,0,0,0,0,0,0,0,0,0,0,0,0,0,0,0,0,0,0,0,0
banana republic,Social | Consideration | CON Social Pinterest,2025-03-02,22759.68,242450.4594,105727.8193,0,0,0,0,0,0,0,0,0,0,0,0,0,0,0,0,0,0,0,0,0,0,0,0,0,0,0,0,0,0,0,0,0,0,0,0,0,0,0,0,0,0,0
banana republic,Social | Consideration | CON Social Pinterest,2025-03-09,22734.03,247593.8675,104195.5974,0,0,0,0,0,0,0,0,0,0,0,0,0,0,0,0,0,0,0,0,0,0,0,0,0,0,0,0,0,0,0,0,0,0,0,0,0,0,0,0,0,0,0
banana republic,Social | Consideration | CON Social Pinterest,2025-03-16,61061.54,375824.8953,157875.1268,0,0,0,0,0,0,0,0,0,0,0,0,0,0,0,0,0,0,0,0,0,0,0,0,0,0,0,0,0,0,0,0,0,0,0,0,0,0,0,0,0,0,0
banana republic,Social | Consideration | CON Social Pinterest,2025-03-23,112503.3,680532.6541,282564.3462,0,2,0,0,0,0,0,0,0,0,0,0,0,0,0,0,0,0,0,0,0,0,0,0,0,0,0,0,0,0,0,0,0,0,0,0,0,0,2,0,0,0,0
banana republic,Social | Consideration | CON Social Pinterest,2025-03-30,38132.51,334645.7468,145369.1676,0,1,0,0,0,0,0,0,0,0,0,0,0,0,0,0,0,0,0,0,0,0,0,0,0,0,0,0,0,0,0,0,0,0,0,0,0,0,1,0,0,0,0
banana republic,Social | Consideration | CON Social Pinterest,2025-04-06,37563.88,360166.8407,158268.469,0,0,0,0,0,0,0,0,0,0,0,0,0,0,0,0,0,0,0,0,0,0,0,0,0,0,0,0,0,0,0,0,0,0,0,0,0,0,0,0,0,0,0
banana republic,Social | Consideration | CON Social Pinterest,2025-04-13,36794.83,393467.0367,173557.4044,0,0,0,0,0,0,0,0,0,0,0,0,0,0,0,0,0,0,0,0,0,0,0,0,0,0,0,0,0,0,0,0,0,0,1,0,0,0,0,0,0,0,1
banana republic,Social | Consideration | CON Social Pinterest,2025-04-20,37814.93,438366.9907,204802.9794,0,0,0,0,0,0,0,0,0,0,0,0,0,0,0,0,0,0,0,0,0,0,0,0,0,0,0,0,0,0,0,0,0,0,1,0,0,0,0,0,0,0,1
banana republic,Social | Consideration | CON Social Pinterest,2025-04-27,31022.78,280675.0402,122250.4547,0,0,0,0,0,0,0,0,0,0,0,0,0,0,0,0,0,0,0,0,0,0,0,0,0,0,0,0,0,0,0,0,0,0,0,0,0,0,0,0,0,0,0
banana republic,Social | Consideration | CON Social Pinterest,2025-05-04,40899.72,371210.3284,137397.1858,0,0,0,0,0,0,0,0,0,0,0,0,0,0,0,0,0,0,0,0,0,0,0,0,0,0,0,0,0,0,0,0,0,0,0,0,0,0,0,0,0,0,0
banana republic,Social | Consideration | CON Social Pinterest,2025-05-11,41004.0,412842.7594,157318.4673,0,0,0,0,0,0,0,0,0,0,0,0,0,0,0,0,0,0,0,0,0,0,0,0,0,0,0,0,0,0,0,0,0,0,0,0,0,0,0,0,0,0,0
banana republic,Social | Consideration | CON Social Pinterest,2025-05-18,40971.32,427888.41,168851.9903,0,0,0,0,0,0,0,0,0,0,0,0,0,0,0,0,0,0,0,0,0,0,0,0,1,0,0,0,0,0,0,0,0,0,0,0,0,0,0,0,0,0,1
banana republic,Social | Consideration | CON Social Pinterest,2025-05-25,41123.34,412416.1851,163229.3505,0,0,0,0,0,0,0,0,0,0,0,0,0,0,0,0,0,0,0,0,0,0,0,0,1,0,0,0,0,0,0,0,0,0,0,0,0,0,0,0,0,0,1
banana republic,Social | Consideration | CON Social Pinterest,2025-06-01,18402.51,378278.4383,150217.3134,0,0,0,0,0,0,0,0,0,0,0,0,0,0,0,0,0,0,0,0,0,0,0,0,0,0,0,0,0,0,0,0,0,0,0,0,0,0,0,0,0,0,0
banana republic,Social | Consideration | CON Social Pinterest,2025-06-08,23557.07,338751.4006,144579.8807,0,0,0,0,0,0,0,0,0,0,0,0,0,0,0,0,0,0,0,0,0,0,0,0,0,0,0,0,0,0,0,0,0,0,0,0,0,0,0,0,0,0,0
banana republic,Social | Consideration | CON Social Pinterest,2025-06-15,25223.7,295282.941,130700.7439,0,0,0,0,0,0,0,0,0,0,0,0,0,0,0,0,0,0,0,0,0,0,0,0,0,0,0,0,0,0,0,0,0,0,0,0,0,0,0,0,0,0,0
banana republic,Social | Consideration | CON Social Pinterest,2025-06-22,25033.33,325783.5604,150368.9588,0,0,0,0,0,0,0,0,0,0,0,0,0,0,0,0,0,0,0,0,0,0,0,0,0,1,0,0,0,0,0,0,0,0,0,0,0,0,0,0,1,0,0
banana republic,Social | Consideration | CON Social Pinterest,2025-06-29,20009.74,334736.1861,144735.4167,0,0,0,0,0,0,0,0,0,0,0,0,0,0,0,0,0,0,0,0,0,0,0,0,0,1,2,0,0,0,0,0,0,0,0,0,0,0,0,0,2,0,0
banana republic,Social | Consideration | CON Social Pinterest,2025-07-06,21565.5,243856.805,93451.2684,0,0,0,0,0,0,0,0,0,0,0,0,0,0,0,0,0,0,0,0,0,0,0,0,0,0,2,1,0,0,0,0,0,0,0,0,0,0,0,0,2,0,0
banana republic,Social | Consideration | CON Social Pinterest,2025-07-13,21500.8,247710.6292,92566.571,0,0,0,0,0,0,0,0,0,0,0,0,0,0,0,0,0,0,0,0,0,0,0,0,0,0,0,2,0,0,0,0,0,0,0,0,0,0,0,0,2,0,0
banana republic,Social | Consideration | CON Social Pinterest,2025-07-20,24165.07,262654.2648,98362.4689,0,0,0,0,0,0,0,0,0,0,0,0,0,0,0,0,0,0,0,0,0,0,0,0,0,0,0,1,2,0,0,0,0,0,0,0,0,0,0,0,2,0,0
banana republic,Social | Consideration | CON Social Pinterest,2025-07-27,25790.37,259723.9886,95016.8817,0,0,0,0,0,0,0,0,0,0,0,0,0,0,0,0,0,0,0,0,0,0,0,0,0,0,0,0,2,0,0,0,0,0,0,0,0,0,0,0,2,0,0
banana republic,Social | Consideration | CON Social Pinterest,2025-08-03,37373.3268,347172.7314,127076.6111,0,0,0,0,0,0,0,0,0,0,0,0,0,0,0,0,0,0,0,0,0,0,0,0,0,0,0,0,1,0,0,0,0,0,0,0,0,0,0,0,1,0,0
banana republic,Social | Consideration | CON Social Pinterest,2025-08-10,37778.8352,316697.4717,118575.1046,0,0,0,0,0,0,0,0,0,0,0,0,0,0,0,0,0,0,0,0,0,0,0,0,0,0,0,0,0,0,0,0,0,0,0,0,0,0,0,0,0,0,0
banana republic,Social | Consideration | CON Social Pinterest,2025-08-17,37740.3311,322181.6374,122806.8472,0,0,0,0,0,0,0,0,0,0,0,0,0,0,0,0,0,0,0,0,0,0,0,0,0,0,0,0,0,0,0,0,0,0,0,0,0,0,0,0,0,0,0
banana republic,Social | Consideration | CON Social Pinterest,2025-08-24,37364.1972,300454.0436,107224.7935,0,0,0,0,0,0,0,0,0,0,0,0,0,0,0,0,0,0,0,0,0,0,0,0,0,0,0,0,0,0,0,0,0,0,0,1,0,1,0,0,0,0,0
banana republic,Social | Consideration | CON Social Pinterest,2025-08-31,33314.9388,227624.712,114957.4741,0,0,0,0,0,0,0,0,0,0,0,0,0,0,0,0,0,0,0,0,0,0,0,0,0,0,0,0,0,0,0,0,0,0,0,1,0,1,0,0,0,0,0
banana republic,Social | Consideration | CON Social Pinterest,2025-09-07,64059.0531,387945.8656,202996.2629,0,1,0,0,0,0,0,0,0,0,0,0,0,0,0,0,0,0,0,0,0,0,0,0,0,0,0,0,0,0,0,0,0,0,0,0,0,0,1,0,0,0,0
banana republic,Social | Consideration | CON Social Pinterest,2025-09-14,76931.0427,382270.5601,193803.8945,0,2,0,0,0,0,0,0,0,0,0,0,0,0,0,0,0,0,0,0,0,0,0,0,0,0,0,0,0,0,0,0,0,0,0,0,0,0,2,0,0,0,0
banana republic,Social | Consideration | CON Social Pinterest,2025-09-21,32991.3105,203138.0977,108122.1597,0,1,0,0,0,0,0,0,0,0,0,0,0,0,0,0,0,0,0,0,0,0,0,0,0,0,0,0,0,0,0,0,0,0,0,0,0,0,1,0,0,0,0
banana republic,Social | Consideration | CON Social Pinterest,2025-09-28,26372.3008,158986.1327,82646.653,0,0,0,0,0,0,0,0,0,0,0,0,0,0,0,0,0,0,0,0,0,0,0,0,0,0,0,0,0,0,0,0,0,0,0,0,0,0,0,0,0,0,0
banana republic,Social | Consideration | CON Social Pinterest,2025-10-05,59388.8868,344398.5695,154345.4611,0,0,0,0,0,0,0,0,0,0,0,0,0,0,0,0,0,0,0,0,0,0,0,0,0,0,0,0,0,0,0,0,0,0,0,0,0,0,0,0,0,0,0
banana republic,Social | Consideration | CON Social Pinterest,2025-10-12,71520.5202,457509.3618,197428.7693,0,0,0,0,0,0,0,0,0,0,0,0,0,0,0,0,0,0,0,0,0,0,0,0,0,0,0,0,0,0,0,0,0,0,0,0,0,0,0,0,0,0,0
banana republic,Social | Consideration | CON Social Pinterest,2025-10-19,84031.4305,519514.864,216878.9212,0,0,0,0,0,0,0,0,0,0,0,0,0,0,0,0,0,0,0,0,0,0,0,0,0,0,0,0,0,0,0,0,0,0,0,0,0,0,0,0,0,0,0
banana republic,Social | Consideration | CON Social Pinterest,2025-10-26,89030.5359,547436.9973,218349.3043,0,0,0,0,0,0,0,0,0,0,0,0,0,0,0,0,0,0,0,0,0,0,0,0,0,0,0,0,0,0,0,0,0,0,0,0,0,0,0,0,0,0,0
banana republic,Social | Consideration | CON Social Pinterest,2025-11-02,123024.0592,800852.1544,295885.4544,0,0,0,0,0,0,0,0,0,0,0,0,0,0,2,0,0,0,0,0,0,0,0,0,0,0,0,0,0,0,0,0,0,0,0,0,0,0,2,0,0,0,0
banana republic,Social | Consideration | CON Social Pinterest,2025-11-09,53917.2787,489996.3488,160217.3654,0,0,0,0,0,0,0,0,0,0,0,0,0,0,1,0,0,0,0,0,0,0,0,0,0,0,0,0,0,0,0,0,0,0,0,0,0,0,1,0,0,0,0
banana republic,Social | Consideration | CON Social Pinterest,2025-11-16,39675.0268,353276.3576,115599.8545,0,0,0,0,0,0,0,0,0,0,0,0,0,0,0,0,0,0,0,0,0,0,0,0,0,0,0,0,0,0,0,0,0,0,0,0,0,0,0,0,0,0,0
banana republic,Social | Consideration | CON Social Pinterest,2025-11-23,239026.4619,986135.4076,344765.362,0,0,0,0,0,0,0,0,0,0,0,0,0,0,0,0,0,0,0,0,0,0,0,0,0,0,0,0,0,2,0,0,0,0,0,0,0,0,2,0,0,0,0
banana republic,Social | Consideration | CON Social Pinterest,2025-11-30,163565.6111,774598.7864,256113.9651,0,0,0,0,0,0,0,0,0,0,0,0,0,0,0,0,0,2,0,0,0,0,0,0,0,0,0,0,0,0,0,0,0,0,0,0,0,0,2,0,0,0,0
banana republic,Social | Consideration | CON Social Pinterest,2025-12-07,57934.6898,358383.541,133169.09,0,0,0,0,0,0,0,0,0,0,0,0,0,0,0,0,0,0,0,0,0,0,0,0,0,0,0,0,0,0,2,0,0,0,0,0,0,0,2,0,0,0,0
banana republic,Social | Consideration | CON Social Pinterest,2025-12-14,54028.8604,354537.6154,119838.0564,0,0,0,0,0,0,0,0,0,0,0,0,0,0,0,0,0,0,0,0,0,0,0,0,0,0,0,0,0,0,1,0,0,0,0,0,2,2,1,0,0,0,0
banana republic,Social | Consideration | CON Social Pinterest,2025-12-21,23396.0756,237593.0576,72998.2907,0,0,0,0,0,0,0,0,0,0,0,0,0,0,0,0,0,0,0,0,0,0,0,0,0,0,0,0,0,0,0,1,0,0,0,0,2,2,0,0,1,0,0
banana republic,Social | Consideration | CON Social Pinterest,2025-12-28,25055.1688,342379.3799,102848.311,0,0,0,0,0,0,0,0,0,0,0,0,0,0,0,0,0,0,0,0,0,0,0,0,0,0,0,0,0,0,0,2,0,0,0,0,0,0,0,0,2,0,0
banana republic,Social | Consideration | CON Social Pinterest,2026-01-04,9748.4346,240069.3469,83384.9212,0,0,0,0,0,0,0,0,0,0,0,0,0,0,0,0,0,0,0,0,0,0,0,0,0,0,0,0,0,0,0,1,2,0,0,0,0,0,0,0,2,0,0
banana republic,Social | Consideration | CON Social Pinterest,2026-01-11,10274.1401,245861.5225,99972.9028,0,0,0,0,0,0,0,0,0,0,0,0,0,0,0,0,0,0,0,0,0,0,0,0,0,0,0,0,0,0,0,0,1,2,0,0,0,0,0,0,2,0,0
banana republic,Social | Consideration | CON Social Pinterest,2026-01-18,10435.9399,239699.2525,100291.5423,0,0,0,0,0,0,0,0,0,0,0,0,0,0,0,0,0,0,0,0,0,0,0,0,0,0,0,0,0,0,0,0,0,2,0,0,0,0,0,0,2,0,0
banana republic,Social | Consideration | CON Social Pinterest,2026-01-25,10412.2162,241513.1349,96727.2417,0,0,0,0,0,0,0,0,0,0,0,0,0,0,0,0,0,0,0,0,0,0,0,0,0,0,0,0,0,0,0,0,0,0,0,0,0,0,0,0,0,0,0
banana republic,Social | Consideration | CON Social Pinterest,2026-02-01,16197.3879,253266.3157,149934.388,0,0,0,0,0,0,0,0,0,0,0,0,0,0,0,0,0,0,0,0,0,0,0,0,0,0,0,0,0,0,0,0,0,0,0,0,0,0,0,0,0,0,0
banana republic,Social | Consideration | CON Social Pinterest,2026-02-08,17847.737,316008.6777,132445.9454,0,0,0,0,0,0,0,0,0,0,0,0,0,0,0,0,0,0,0,0,0,0,0,0,0,0,0,0,0,0,0,0,0,0,0,0,0,0,0,0,0,0,0
banana republic,Social | Consideration | CON Social Pinterest,2026-02-15,19152.6729,349998.1035,117740.1924,0,0,0,0,0,0,0,0,0,0,0,0,0,0,0,0,0,0,0,0,0,0,0,0,0,0,0,0,0,0,0,0,0,0,0,0,0,0,0,0,0,0,0
banana republic,Social | Consideration | CON Social Pinterest,2026-02-22,19177.7913,340643.4136,100291.7057,0,0,0,0,0,0,0,0,0,0,0,0,0,0,0,0,0,0,0,0,0,0,0,0,0,0,0,0,0,0,0,0,0,0,0,0,0,0,0,0,0,0,0
banana republic,Social | Consideration | CON Social TikTok,2025-03-30,2699.7,0.0,4562.2819,0,1,0,0,0,0,0,0,0,0,0,0,0,0,0,0,0,0,0,0,0,0,0,0,0,0,0,0,0,0,0,0,0,0,0,0,0,0,1,0,0,0,0
banana republic,Social | Consideration | CON Social TikTok,2025-04-06,3779.58,0.0,9237.0877,0,0,0,0,0,0,0,0,0,0,0,0,0,0,0,0,0,0,0,0,0,0,0,0,0,0,0,0,0,0,0,0,0,0,0,0,0,0,0,0,0,0,0
banana republic,Social | Consideration | CON Social TikTok,2025-04-13,13149.04,0.0,19893.9215,0,0,0,0,0,0,0,0,0,0,0,0,0,0,0,0,0,0,0,0,0,0,0,0,0,0,0,0,0,0,0,0,0,0,1,0,0,0,0,0,0,0,1
banana republic,Social | Consideration | CON Social TikTok,2025-04-20,12617.36,0.0,24430.8871,0,0,0,0,0,0,0,0,0,0,0,0,0,0,0,0,0,0,0,0,0,0,0,0,0,0,0,0,0,0,0,0,0,0,1,0,0,0,0,0,0,0,1
banana republic,Social | Consideration | CON Social TikTok,2025-04-27,10349.04,0.0,22204.9282,0,0,0,0,0,0,0,0,0,0,0,0,0,0,0,0,0,0,0,0,0,0,0,0,0,0,0,0,0,0,0,0,0,0,0,0,0,0,0,0,0,0,0
banana republic,Social | Consideration | CON Social TikTok,2025-05-04,5170.66,0.0,15952.8965,0,0,0,0,0,0,0,0,0,0,0,0,0,0,0,0,0,0,0,0,0,0,0,0,0,0,0,0,0,0,0,0,0,0,0,0,0,0,0,0,0,0,0
banana republic,Social | Consideration | CON Social TikTok,2025-05-11,10097.06,0.0,15763.9051,0,0,0,0,0,0,0,0,0,0,0,0,0,0,0,0,0,0,0,0,0,0,0,0,0,0,0,0,0,0,0,0,0,0,0,0,0,0,0,0,0,0,0
banana republic,Social | Consideration | CON Social TikTok,2025-05-18,10257.09,0.0,15525.785,0,0,0,0,0,0,0,0,0,0,0,0,0,0,0,0,0,0,0,0,0,0,0,0,1,0,0,0,0,0,0,0,0,0,0,0,0,0,0,0,0,0,1
banana republic,Social | Consideration | CON Social TikTok,2025-05-25,9415.71,0.0,14941.0651,0,0,0,0,0,0,0,0,0,0,0,0,0,0,0,0,0,0,0,0,0,0,0,0,1,0,0,0,0,0,0,0,0,0,0,0,0,0,0,0,0,0,1
banana republic,Social | Consideration | CON Social TikTok,2025-06-01,1995.74,0.0,8913.6042,0,0,0,0,0,0,0,0,0,0,0,0,0,0,0,0,0,0,0,0,0,0,0,0,0,0,0,0,0,0,0,0,0,0,0,0,0,0,0,0,0,0,0
banana republic,Social | Consideration | CON Social TikTok,2025-06-08,2870.18,0.0,7555.8326,0,0,0,0,0,0,0,0,0,0,0,0,0,0,0,0,0,0,0,0,0,0,0,0,0,0,0,0,0,0,0,0,0,0,0,0,0,0,0,0,0,0,0
banana republic,Social | Consideration | CON Social TikTok,2025-06-15,5082.3,0.0,10688.0149,0,0,0,0,0,0,0,0,0,0,0,0,0,0,0,0,0,0,0,0,0,0,0,0,0,0,0,0,0,0,0,0,0,0,0,0,0,0,0,0,0,0,0
banana republic,Social | Consideration | CON Social TikTok,2025-06-22,4451.94,0.0,11090.6867,0,0,0,0,0,0,0,0,0,0,0,0,0,0,0,0,0,0,0,0,0,0,0,0,0,1,0,0,0,0,0,0,0,0,0,0,0,0,0,0,1,0,0
banana republic,Social | Consideration | CON Social TikTok,2025-06-29,3923.43,0.0,11203.5332,0,0,0,0,0,0,0,0,0,0,0,0,0,0,0,0,0,0,0,0,0,0,0,0,0,1,2,0,0,0,0,0,0,0,0,0,0,0,0,0,2,0,0
banana republic,Social | Consideration | CON Social TikTok,2025-07-06,9631.72,0.0,14567.7897,0,0,0,0,0,0,0,0,0,0,0,0,0,0,0,0,0,0,0,0,0,0,0,0,0,0,2,1,0,0,0,0,0,0,0,0,0,0,0,0,2,0,0
banana republic,Social | Consideration | CON Social TikTok,2025-07-13,10362.93,0.0,15789.7478,0,0,0,0,0,0,0,0,0,0,0,0,0,0,0,0,0,0,0,0,0,0,0,0,0,0,0,2,0,0,0,0,0,0,0,0,0,0,0,0,2,0,0
banana republic,Social | Consideration | CON Social TikTok,2025-07-20,5658.87,0.0,11607.8483,0,0,0,0,0,0,0,0,0,0,0,0,0,0,0,0,0,0,0,0,0,0,0,0,0,0,0,1,2,0,0,0,0,0,0,0,0,0,0,0,2,0,0
banana republic,Social | Consideration | CON Social TikTok,2025-07-27,11365.88,0.0,11147.8085,0,0,0,0,0,0,0,0,0,0,0,0,0,0,0,0,0,0,0,0,0,0,0,0,0,0,0,0,2,0,0,0,0,0,0,0,0,0,0,0,2,0,0
banana republic,Social | Consideration | CON Social TikTok,2025-08-03,7647.05,0.0,8554.6831,0,0,0,0,0,0,0,0,0,0,0,0,0,0,0,0,0,0,0,0,0,0,0,0,0,0,0,0,1,0,0,0,0,0,0,0,0,0,0,0,1,0,0
banana republic,Social | Consideration | CON Social TikTok,2025-08-10,8530.71,0.0,7102.1406,0,0,0,0,0,0,0,0,0,0,0,0,0,0,0,0,0,0,0,0,0,0,0,0,0,0,0,0,0,0,0,0,0,0,0,0,0,0,0,0,0,0,0
banana republic,Social | Consideration | CON Social TikTok,2025-08-17,8336.67,0.0,6074.4087,0,0,0,0,0,0,0,0,0,0,0,0,0,0,0,0,0,0,0,0,0,0,0,0,0,0,0,0,0,0,0,0,0,0,0,0,0,0,0,0,0,0,0
banana republic,Social | Consideration | CON Social TikTok,2025-08-24,5076.08,0.0,4165.558,0,0,0,0,0,0,0,0,0,0,0,0,0,0,0,0,0,0,0,0,0,0,0,0,0,0,0,0,0,0,0,0,0,0,0,1,0,1,0,0,0,0,0
banana republic,Social | Consideration | CON Social TikTok,2025-08-31,1393.5,0.0,2191.8031,0,0,0,0,0,0,0,0,0,0,0,0,0,0,0,0,0,0,0,0,0,0,0,0,0,0,0,0,0,0,0,0,0,0,0,1,0,1,0,0,0,0,0
banana republic,Social | Consideration | CON Social TikTok,2025-09-07,7755.52,0.0,1506.2487,0,1,0,0,0,0,0,0,0,0,0,0,0,0,0,0,0,0,0,0,0,0,0,0,0,0,0,0,0,0,0,0,0,0,0,0,0,0,1,0,0,0,0
banana republic,Social | Consideration | CON Social TikTok,2025-09-14,13259.02,0.0,7502.1775,0,2,0,0,0,0,0,0,0,0,0,0,0,0,0,0,0,0,0,0,0,0,0,0,0,0,0,0,0,0,0,0,0,0,0,0,0,0,2,0,0,0,0
banana republic,Social | Consideration | CON Social TikTok,2025-09-21,6406.25,0.0,7216.4839,0,1,0,0,0,0,0,0,0,0,0,0,0,0,0,0,0,0,0,0,0,0,0,0,0,0,0,0,0,0,0,0,0,0,0,0,0,0,1,0,0,0,0
banana republic,Social | Consideration | CON Social TikTok,2025-09-28,908.88,0.0,4536.7818,0,0,0,0,0,0,0,0,0,0,0,0,0,0,0,0,0,0,0,0,0,0,0,0,0,0,0,0,0,0,0,0,0,0,0,0,0,0,0,0,0,0,0
banana republic,Social | Consideration | CON Social TikTok,2025-10-05,5243.34,0.0,3249.7368,0,0,0,0,0,0,0,0,0,0,0,0,0,0,0,0,0,0,0,0,0,0,0,0,0,0,0,0,0,0,0,0,0,0,0,0,0,0,0,0,0,0,0
banana republic,Social | Consideration | CON Social TikTok,2025-10-12,5842.72,0.0,2787.873,0,0,0,0,0,0,0,0,0,0,0,0,0,0,0,0,0,0,0,0,0,0,0,0,0,0,0,0,0,0,0,0,0,0,0,0,0,0,0,0,0,0,0
banana republic,Social | Consideration | CON Social TikTok,2025-10-19,5525.84,0.0,2778.8253,0,0,0,0,0,0,0,0,0,0,0,0,0,0,0,0,0,0,0,0,0,0,0,0,0,0,0,0,0,0,0,0,0,0,0,0,0,0,0,0,0,0,0
banana republic,Social | Consideration | CON Social TikTok,2025-10-26,4747.85,0.0,2738.3514,0,0,0,0,0,0,0,0,0,0,0,0,0,0,0,0,0,0,0,0,0,0,0,0,0,0,0,0,0,0,0,0,0,0,0,0,0,0,0,0,0,0,0
banana republic,Social | Consideration | CON Social TikTok,2025-11-02,18955.8,0.0,4397.9131,0,0,0,0,0,0,0,0,0,0,0,0,0,0,2,0,0,0,0,0,0,0,0,0,0,0,0,0,0,0,0,0,0,0,0,0,0,0,2,0,0,0,0
banana republic,Social | Consideration | CON Social TikTok,2025-11-09,8419.11,0.0,6544.1094,0,0,0,0,0,0,0,0,0,0,0,0,0,0,1,0,0,0,0,0,0,0,0,0,0,0,0,0,0,0,0,0,0,0,0,0,0,0,1,0,0,0,0
banana republic,Social | Consideration | CON Social TikTok,2025-11-16,6449.92,0.0,5460.4984,0,0,0,0,0,0,0,0,0,0,0,0,0,0,0,0,0,0,0,0,0,0,0,0,0,0,0,0,0,0,0,0,0,0,0,0,0,0,0,0,0,0,0
banana republic,Social | Consideration | CON Social TikTok,2025-11-23,35487.88,0.0,6343.2983,0,0,0,0,0,0,0,0,0,0,0,0,0,0,0,0,0,0,0,0,0,0,0,0,0,0,0,0,0,2,0,0,0,0,0,0,0,0,2,0,0,0,0
banana republic,Social | Consideration | CON Social TikTok,2025-11-30,34521.89,0.0,8767.8499,0,0,0,0,0,0,0,0,0,0,0,0,0,0,0,0,0,2,0,0,0,0,0,0,0,0,0,0,0,0,0,0,0,0,0,0,0,0,2,0,0,0,0
banana republic,Social | Consideration | CON Social TikTok,2025-12-07,12562.63,0.0,8762.7748,0,0,0,0,0,0,0,0,0,0,0,0,0,0,0,0,0,0,0,0,0,0,0,0,0,0,0,0,0,0,2,0,0,0,0,0,0,0,2,0,0,0,0
banana republic,Social | Consideration | CON Social TikTok,2025-12-14,4963.69,0.0,6733.5874,0,0,0,0,0,0,0,0,0,0,0,0,0,0,0,0,0,0,0,0,0,0,0,0,0,0,0,0,0,0,1,0,0,0,0,0,2,2,1,0,0,0,0
banana republic,Social | Consideration | CON Social TikTok,2025-12-21,3340.33,0.0,4561.709,0,0,0,0,0,0,0,0,0,0,0,0,0,0,0,0,0,0,0,0,0,0,0,0,0,0,0,0,0,0,0,1,0,0,0,0,2,2,0,0,1,0,0
banana republic,Social | Consideration | CON Social TikTok,2025-12-28,3976.33,0.0,3302.8193,0,0,0,0,0,0,0,0,0,0,0,0,0,0,0,0,0,0,0,0,0,0,0,0,0,0,0,0,0,0,0,2,0,0,0,0,0,0,0,0,2,0,0
banana republic,Social | Consideration | CON Social TikTok,2026-01-04,3782.25,0.0,2833.9369,0,0,0,0,0,0,0,0,0,0,0,0,0,0,0,0,0,0,0,0,0,0,0,0,0,0,0,0,0,0,0,1,2,0,0,0,0,0,0,0,2,0,0
banana republic,Social | Consideration | CON Social TikTok,2026-01-11,1909.24,0.0,2372.9579,0,0,0,0,0,0,0,0,0,0,0,0,0,0,0,0,0,0,0,0,0,0,0,0,0,0,0,0,0,0,0,0,1,2,0,0,0,0,0,0,2,0,0
banana republic,Social | Consideration | CON Social TikTok,2026-01-18,1559.76,0.0,1753.504,0,0,0,0,0,0,0,0,0,0,0,0,0,0,0,0,0,0,0,0,0,0,0,0,0,0,0,0,0,0,0,0,0,2,0,0,0,0,0,0,2,0,0
banana republic,Social | Consideration | CON Social TikTok,2026-01-25,1402.59,0.0,1269.552,0,0,0,0,0,0,0,0,0,0,0,0,0,0,0,0,0,0,0,0,0,0,0,0,0,0,0,0,0,0,0,0,0,0,0,0,0,0,0,0,0,0,0
banana republic,Social | Consideration | CON Social TikTok,2026-02-01,7192.59,0.0,1684.7552,0,0,0,0,0,0,0,0,0,0,0,0,0,0,0,0,0,0,0,0,0,0,0,0,0,0,0,0,0,0,0,0,0,0,0,0,0,0,0,0,0,0,0
banana republic,Social | Consideration | CON Social TikTok,2026-02-08,8462.9,0.0,2832.1131,0,0,0,0,0,0,0,0,0,0,0,0,0,0,0,0,0,0,0,0,0,0,0,0,0,0,0,0,0,0,0,0,0,0,0,0,0,0,0,0,0,0,0
banana republic,Social | Consideration | CON Social TikTok,2026-02-15,8420.46,0.0,3509.8082,0,0,0,0,0,0,0,0,0,0,0,0,0,0,0,0,0,0,0,0,0,0,0,0,0,0,0,0,0,0,0,0,0,0,0,0,0,0,0,0,0,0,0
banana republic,Social | Consideration | CON Social TikTok,2026-02-22,6515.02,0.0,3780.8414,0,0,0,0,0,0,0,0,0,0,0,0,0,0,0,0,0,0,0,0,0,0,0,0,0,0,0,0,0,0,0,0,0,0,0,0,0,0,0,0,0,0,0
banana republic,Social | Consideration | CON Social TikTok Influencer,2025-04-13,1335.04,0.0,0.0,0,0,0,0,0,0,0,0,0,0,0,0,0,0,0,0,0,0,0,0,0,0,0,0,0,0,0,0,0,0,0,0,0,0,1,0,0,0,0,0,0,0,1
banana republic,Social | Consideration | CON Social TikTok Influencer,2025-04-20,2210.63,0.0,0.0,0,0,0,0,0,0,0,0,0,0,0,0,0,0,0,0,0,0,0,0,0,0,0,0,0,0,0,0,0,0,0,0,0,0,1,0,0,0,0,0,0,0,1
banana republic,Social | Consideration | CON Social TikTok Influencer,2025-04-27,661.66,0.0,0.0,0,0,0,0,0,0,0,0,0,0,0,0,0,0,0,0,0,0,0,0,0,0,0,0,0,0,0,0,0,0,0,0,0,0,0,0,0,0,0,0,0,0,0
banana republic,Social | Consideration | CON Social TikTok Influencer,2025-05-04,1582.94,0.0,0.0,0,0,0,0,0,0,0,0,0,0,0,0,0,0,0,0,0,0,0,0,0,0,0,0,0,0,0,0,0,0,0,0,0,0,0,0,0,0,0,0,0,0,0
banana republic,Social | Consideration | CON Social TikTok Influencer,2025-05-11,3391.86,0.0,0.0,0,0,0,0,0,0,0,0,0,0,0,0,0,0,0,0,0,0,0,0,0,0,0,0,0,0,0,0,0,0,0,0,0,0,0,0,0,0,0,0,0,0,0
banana republic,Social | Consideration | CON Social TikTok Influencer,2025-05-18,3306.04,0.0,0.0,0,0,0,0,0,0,0,0,0,0,0,0,0,0,0,0,0,0,0,0,0,0,0,0,1,0,0,0,0,0,0,0,0,0,0,0,0,0,0,0,0,0,1
banana republic,Social | Consideration | CON Social TikTok Influencer,2025-05-25,3916.36,0.0,0.0,0,0,0,0,0,0,0,0,0,0,0,0,0,0,0,0,0,0,0,0,0,0,0,0,1,0,0,0,0,0,0,0,0,0,0,0,0,0,0,0,0,0,1
banana republic,Social | Consideration | CON Social TikTok Influencer,2025-06-01,2555.0,0.0,0.0,0,0,0,0,0,0,0,0,0,0,0,0,0,0,0,0,0,0,0,0,0,0,0,0,0,0,0,0,0,0,0,0,0,0,0,0,0,0,0,0,0,0,0
banana republic,Social | Consideration | CON Social TikTok Influencer,2025-06-08,1783.28,0.0,0.0,0,0,0,0,0,0,0,0,0,0,0,0,0,0,0,0,0,0,0,0,0,0,0,0,0,0,0,0,0,0,0,0,0,0,0,0,0,0,0,0,0,0,0
banana republic,Social | Consideration | CON Social TikTok Influencer,2025-06-15,1336.11,0.0,0.0,0,0,0,0,0,0,0,0,0,0,0,0,0,0,0,0,0,0,0,0,0,0,0,0,0,0,0,0,0,0,0,0,0,0,0,0,0,0,0,0,0,0,0
banana republic,Social | Consideration | CON Social TikTok Influencer,2025-06-22,1910.71,0.0,0.0,0,0,0,0,0,0,0,0,0,0,0,0,0,0,0,0,0,0,0,0,0,0,0,0,0,1,0,0,0,0,0,0,0,0,0,0,0,0,0,0,1,0,0
banana republic,Social | Consideration | CON Social TikTok Influencer,2025-06-29,1805.33,0.0,0.0,0,0,0,0,0,0,0,0,0,0,0,0,0,0,0,0,0,0,0,0,0,0,0,0,0,1,2,0,0,0,0,0,0,0,0,0,0,0,0,0,2,0,0
banana republic,Social | Consideration | CON Social TikTok Influencer,2025-07-06,270.86,0.0,0.0,0,0,0,0,0,0,0,0,0,0,0,0,0,0,0,0,0,0,0,0,0,0,0,0,0,0,2,1,0,0,0,0,0,0,0,0,0,0,0,0,2,0,0
banana republic,Social | Consideration | CON Social TikTok Influencer,2025-07-13,590.65,0.0,0.0,0,0,0,0,0,0,0,0,0,0,0,0,0,0,0,0,0,0,0,0,0,0,0,0,0,0,0,2,0,0,0,0,0,0,0,0,0,0,0,0,2,0,0
banana republic,Social | Consideration | CON Social TikTok Influencer,2025-07-20,5239.04,0.0,0.0,0,0,0,0,0,0,0,0,0,0,0,0,0,0,0,0,0,0,0,0,0,0,0,0,0,0,0,1,2,0,0,0,0,0,0,0,0,0,0,0,2,0,0
banana republic,Social | Consideration | CON Social TikTok Influencer,2025-07-27,6928.63,0.0,0.0,0,0,0,0,0,0,0,0,0,0,0,0,0,0,0,0,0,0,0,0,0,0,0,0,0,0,0,0,2,0,0,0,0,0,0,0,0,0,0,0,2,0,0
banana republic,Social | Consideration | CON Social TikTok Influencer,2025-08-03,168.39,0.0,0.0,0,0,0,0,0,0,0,0,0,0,0,0,0,0,0,0,0,0,0,0,0,0,0,0,0,0,0,0,1,0,0,0,0,0,0,0,0,0,0,0,1,0,0
banana republic,Social | Consideration | CON Social TikTok Influencer,2025-08-10,37.96,0.0,0.0,0,0,0,0,0,0,0,0,0,0,0,0,0,0,0,0,0,0,0,0,0,0,0,0,0,0,0,0,0,0,0,0,0,0,0,0,0,0,0,0,0,0,0
banana republic,Social | Consideration | CON Social TikTok Influencer,2025-08-17,1188.64,0.0,0.0,0,0,0,0,0,0,0,0,0,0,0,0,0,0,0,0,0,0,0,0,0,0,0,0,0,0,0,0,0,0,0,0,0,0,0,0,0,0,0,0,0,0,0
banana republic,Social | Consideration | CON Social TikTok Influencer,2025-08-24,3470.09,0.0,0.0,0,0,0,0,0,0,0,0,0,0,0,0,0,0,0,0,0,0,0,0,0,0,0,0,0,0,0,0,0,0,0,0,0,0,0,1,0,1,0,0,0,0,0
banana republic,Social | Consideration | CON Social TikTok Influencer,2025-08-31,6323.2,0.0,0.0,0,0,0,0,0,0,0,0,0,0,0,0,0,0,0,0,0,0,0,0,0,0,0,0,0,0,0,0,0,0,0,0,0,0,0,1,0,1,0,0,0,0,0
banana republic,Social | Consideration | CON Social TikTok Influencer,2025-09-07,5848.39,0.0,0.0,0,1,0,0,0,0,0,0,0,0,0,0,0,0,0,0,0,0,0,0,0,0,0,0,0,0,0,0,0,0,0,0,0,0,0,0,0,0,1,0,0,0,0
banana republic,Social | Consideration | CON Social TikTok Influencer,2025-09-14,22563.77,0.0,0.0,0,2,0,0,0,0,0,0,0,0,0,0,0,0,0,0,0,0,0,0,0,0,0,0,0,0,0,0,0,0,0,0,0,0,0,0,0,0,2,0,0,0,0
banana republic,Social | Consideration | CON Social TikTok Influencer,2025-09-21,8572.51,0.0,0.0,0,1,0,0,0,0,0,0,0,0,0,0,0,0,0,0,0,0,0,0,0,0,0,0,0,0,0,0,0,0,0,0,0,0,0,0,0,0,1,0,0,0,0
banana republic,Social | Consideration | CON Social TikTok Influencer,2025-09-28,6922.79,0.0,0.0,0,0,0,0,0,0,0,0,0,0,0,0,0,0,0,0,0,0,0,0,0,0,0,0,0,0,0,0,0,0,0,0,0,0,0,0,0,0,0,0,0,0,0
banana republic,Social | Consideration | CON Social TikTok Influencer,2025-10-05,5664.08,0.0,0.0,0,0,0,0,0,0,0,0,0,0,0,0,0,0,0,0,0,0,0,0,0,0,0,0,0,0,0,0,0,0,0,0,0,0,0,0,0,0,0,0,0,0,0
banana republic,Social | Consideration | CON Social TikTok Influencer,2025-10-12,5641.5,0.0,0.0,0,0,0,0,0,0,0,0,0,0,0,0,0,0,0,0,0,0,0,0,0,0,0,0,0,0,0,0,0,0,0,0,0,0,0,0,0,0,0,0,0,0,0
banana republic,Social | Consideration | CON Social TikTok Influencer,2025-10-19,7481.72,0.0,0.0,0,0,0,0,0,0,0,0,0,0,0,0,0,0,0,0,0,0,0,0,0,0,0,0,0,0,0,0,0,0,0,0,0,0,0,0,0,0,0,0,0,0,0
banana republic,Social | Consideration | CON Social TikTok Influencer,2025-10-26,8053.68,0.0,0.0,0,0,0,0,0,0,0,0,0,0,0,0,0,0,0,0,0,0,0,0,0,0,0,0,0,0,0,0,0,0,0,0,0,0,0,0,0,0,0,0,0,0,0
banana republic,Social | Consideration | CON Social TikTok Influencer,2025-11-09,703.11,0.0,0.0,0,0,0,0,0,0,0,0,0,0,0,0,0,0,1,0,0,0,0,0,0,0,0,0,0,0,0,0,0,0,0,0,0,0,0,0,0,0,1,0,0,0,0
banana republic,Social | Consideration | CON Social TikTok Influencer,2025-11-16,1423.03,0.0,0.0,0,0,0,0,0,0,0,0,0,0,0,0,0,0,0,0,0,0,0,0,0,0,0,0,0,0,0,0,0,0,0,0,0,0,0,0,0,0,0,0,0,0,0
banana republic,Social | Consideration | CON Social TikTok Influencer,2025-11-23,388.64,0.0,0.0,0,0,0,0,0,0,0,0,0,0,0,0,0,0,0,0,0,0,0,0,0,0,0,0,0,0,0,0,0,2,0,0,0,0,0,0,0,0,2,0,0,0,0
banana republic,Social | Consideration | CON Social TikTok Influencer,2025-11-30,453.17,0.0,0.0,0,0,0,0,0,0,0,0,0,0,0,0,0,0,0,0,0,2,0,0,0,0,0,0,0,0,0,0,0,0,0,0,0,0,0,0,0,0,2,0,0,0,0
banana republic,Social | Consideration | CON Social TikTok Influencer,2025-12-07,1160.71,0.0,0.0,0,0,0,0,0,0,0,0,0,0,0,0,0,0,0,0,0,0,0,0,0,0,0,0,0,0,0,0,0,0,2,0,0,0,0,0,0,0,2,0,0,0,0
banana republic,Social | Consideration | CON Social TikTok Influencer,2025-12-14,440.64,0.0,0.0,0,0,0,0,0,0,0,0,0,0,0,0,0,0,0,0,0,0,0,0,0,0,0,0,0,0,0,0,0,0,1,0,0,0,0,0,2,2,1,0,0,0,0
banana republic,Social | Consideration | CON Social TikTok Influencer,2025-12-21,247.79,0.0,0.0,0,0,0,0,0,0,0,0,0,0,0,0,0,0,0,0,0,0,0,0,0,0,0,0,0,0,0,0,0,0,0,1,0,0,0,0,2,2,0,0,1,0,0
banana republic,Social | Consideration | CON Social TikTok Influencer,2026-01-04,596.77,0.0,0.0,0,0,0,0,0,0,0,0,0,0,0,0,0,0,0,0,0,0,0,0,0,0,0,0,0,0,0,0,0,0,0,1,2,0,0,0,0,0,0,0,2,0,0
banana republic,Social | Consideration | CON Social TikTok Influencer,2026-01-11,499.96,0.0,0.0,0,0,0,0,0,0,0,0,0,0,0,0,0,0,0,0,0,0,0,0,0,0,0,0,0,0,0,0,0,0,0,0,1,2,0,0,0,0,0,0,2,0,0
banana republic,Social | Consideration | CON Social TikTok Influencer,2026-01-18,77.9,0.0,0.0,0,0,0,0,0,0,0,0,0,0,0,0,0,0,0,0,0,0,0,0,0,0,0,0,0,0,0,0,0,0,0,0,0,2,0,0,0,0,0,0,2,0,0
banana republic,Social | Consideration | CON Social TikTok Influencer,2026-01-25,58.86,0.0,0.0,0,0,0,0,0,0,0,0,0,0,0,0,0,0,0,0,0,0,0,0,0,0,0,0,0,0,0,0,0,0,0,0,0,0,0,0,0,0,0,0,0,0,0
banana republic,Social | Consideration | CON Social TikTok Influencer,2026-02-01,1587.56,0.0,0.0,0,0,0,0,0,0,0,0,0,0,0,0,0,0,0,0,0,0,0,0,0,0,0,0,0,0,0,0,0,0,0,0,0,0,0,0,0,0,0,0,0,0,0
banana republic,Social | Consideration | CON Social TikTok Influencer,2026-02-08,847.95,0.0,0.0,0,0,0,0,0,0,0,0,0,0,0,0,0,0,0,0,0,0,0,0,0,0,0,0,0,0,0,0,0,0,0,0,0,0,0,0,0,0,0,0,0,0,0
banana republic,Social | Consideration | CON Social TikTok Influencer,2026-02-15,684.16,0.0,0.0,0,0,0,0,0,0,0,0,0,0,0,0,0,0,0,0,0,0,0,0,0,0,0,0,0,0,0,0,0,0,0,0,0,0,0,0,0,0,0,0,0,0,0
banana republic,Social | Consideration | CON Social TikTok Influencer,2026-02-22,1023.35,0.0,0.0,0,0,0,0,0,0,0,0,0,0,0,0,0,0,0,0,0,0,0,0,0,0,0,0,0,0,0,0,0,0,0,0,0,0,0,0,0,0,0,0,0,0,0
banana republic,Social | Conversion | CVR Social Meta,2025-02-02,7025.8,42119.7493,70539.8042,0,0,0,0,0,0,0,0,0,0,0,0,0,0,0,0,0,0,0,0,0,0,0,0,0,0,0,0,0,0,0,0,0,0,0,0,0,0,0,0,0,0,0
banana republic,Social | Conversion | CVR Social Meta,2025-02-09,8622.4,48655.4332,81543.0171,0,0,0,0,0,0,0,0,0,0,0,0,0,0,0,0,0,0,0,0,0,0,0,0,0,0,0,0,0,0,0,0,0,0,0,0,0,0,0,0,0,0,0
banana republic,Social | Conversion | CVR Social Meta,2025-02-16,6713.54,45870.15,76481.8809,0,0,0,0,0,0,0,0,0,0,0,0,0,0,0,0,0,0,0,0,0,0,0,0,0,0,0,0,0,0,0,0,0,0,0,0,0,0,0,0,0,0,0
banana republic,Social | Conversion | CVR Social Meta,2025-02-23,9473.79,60071.114,100220.3336,0,0,0,0,0,0,0,0,0,0,0,0,0,0,0,0,0,0,0,0,0,0,0,0,0,0,0,0,0,0,0,0,0,0,0,0,0,0,0,0,0,0,0
banana republic,Social | Conversion | CVR Social Meta,2025-03-02,11593.55,98442.2247,138720.4641,0,0,0,0,0,0,0,0,0,0,0,0,0,0,0,0,0,0,0,0,0,0,0,0,0,0,0,0,0,0,0,0,0,0,0,0,0,0,0,0,0,0,0
banana republic,Social | Conversion | CVR Social Meta,2025-03-09,10820.92,69562.5376,96973.3718,0,0,0,0,0,0,0,0,0,0,0,0,0,0,0,0,0,0,0,0,0,0,0,0,0,0,0,0,0,0,0,0,0,0,0,0,0,0,0,0,0,0,0
banana republic,Social | Conversion | CVR Social Meta,2025-03-16,19849.16,96351.9839,133926.2981,0,0,0,0,0,0,0,0,0,0,0,0,0,0,0,0,0,0,0,0,0,0,0,0,0,0,0,0,0,0,0,0,0,0,0,0,0,0,0,0,0,0,0
banana republic,Social | Conversion | CVR Social Meta,2025-03-23,84986.97,429245.1107,595998.249,0,2,0,0,0,0,0,0,0,0,0,0,0,0,0,0,0,0,0,0,0,0,0,0,0,0,0,0,0,0,0,0,0,0,0,0,0,0,2,0,0,0,0
banana republic,Social | Conversion | CVR Social Meta,2025-03-30,26817.36,191698.1337,265834.5421,0,1,0,0,0,0,0,0,0,0,0,0,0,0,0,0,0,0,0,0,0,0,0,0,0,0,0,0,0,0,0,0,0,0,0,0,0,0,1,0,0,0,0
banana republic,Social | Conversion | CVR Social Meta,2025-04-06,8371.81,80695.7826,90837.3325,0,0,0,0,0,0,0,0,0,0,0,0,0,0,0,0,0,0,0,0,0,0,0,0,0,0,0,0,0,0,0,0,0,0,0,0,0,0,0,0,0,0,0
banana republic,Social | Conversion | CVR Social Meta,2025-04-13,9092.71,75197.2776,79253.7616,0,0,0,0,0,0,0,0,0,0,0,0,0,0,0,0,0,0,0,0,0,0,0,0,0,0,0,0,0,0,0,0,0,0,1,0,0,0,0,0,0,0,1
banana republic,Social | Conversion | CVR Social Meta,2025-04-20,7466.31,64181.3365,67101.0446,0,0,0,0,0,0,0,0,0,0,0,0,0,0,0,0,0,0,0,0,0,0,0,0,0,0,0,0,0,0,0,0,0,0,1,0,0,0,0,0,0,0,1
banana republic,Social | Conversion | CVR Social Meta,2025-04-27,7081.78,57730.4477,60319.47,0,0,0,0,0,0,0,0,0,0,0,0,0,0,0,0,0,0,0,0,0,0,0,0,0,0,0,0,0,0,0,0,0,0,0,0,0,0,0,0,0,0,0
banana republic,Social | Conversion | CVR Social Meta,2025-05-04,6906.28,55462.2404,57948.1427,0,0,0,0,0,0,0,0,0,0,0,0,0,0,0,0,0,0,0,0,0,0,0,0,0,0,0,0,0,0,0,0,0,0,0,0,0,0,0,0,0,0,0
banana republic,Social | Conversion | CVR Social Meta,2025-05-11,6767.14,52600.745,55035.2619,0,0,0,0,0,0,0,0,0,0,0,0,0,0,0,0,0,0,0,0,0,0,0,0,0,0,0,0,0,0,0,0,0,0,0,0,0,0,0,0,0,0,0
banana republic,Social | Conversion | CVR Social Meta,2025-05-18,18338.59,110994.0698,116264.5705,0,0,0,0,0,0,0,0,0,0,0,0,0,0,0,0,0,0,0,0,0,0,0,0,1,0,0,0,0,0,0,0,0,0,0,0,0,0,0,0,0,0,1
banana republic,Social | Conversion | CVR Social Meta,2025-05-25,17633.33,116769.5472,122361.9299,0,0,0,0,0,0,0,0,0,0,0,0,0,0,0,0,0,0,0,0,0,0,0,0,1,0,0,0,0,0,0,0,0,0,0,0,0,0,0,0,0,0,1
banana republic,Social | Conversion | CVR Social Meta,2025-06-01,6810.76,70174.6218,58896.9013,0,0,0,0,0,0,0,0,0,0,0,0,0,0,0,0,0,0,0,0,0,0,0,0,0,0,0,0,0,0,0,0,0,0,0,0,0,0,0,0,0,0,0
banana republic,Social | Conversion | CVR Social Meta,2025-06-08,6615.21,64146.2871,51324.8971,0,0,0,0,0,0,0,0,0,0,0,0,0,0,0,0,0,0,0,0,0,0,0,0,0,0,0,0,0,0,0,0,0,0,0,0,0,0,0,0,0,0,0
banana republic,Social | Conversion | CVR Social Meta,2025-06-15,6056.62,60194.5748,48010.7497,0,0,0,0,0,0,0,0,0,0,0,0,0,0,0,0,0,0,0,0,0,0,0,0,0,0,0,0,0,0,0,0,0,0,0,0,0,0,0,0,0,0,0
banana republic,Social | Conversion | CVR Social Meta,2025-06-22,6022.67,65171.7123,51946.6574,0,0,0,0,0,0,0,0,0,0,0,0,0,0,0,0,0,0,0,0,0,0,0,0,0,1,0,0,0,0,0,0,0,0,0,0,0,0,0,0,1,0,0
banana republic,Social | Conversion | CVR Social Meta,2025-06-29,9941.67,123076.3874,98476.5167,0,0,0,0,0,0,0,0,0,0,0,0,0,0,0,0,0,0,0,0,0,0,0,0,0,1,2,0,0,0,0,0,0,0,0,0,0,0,0,0,2,0,0
banana republic,Social | Conversion | CVR Social Meta,2025-07-06,10915.22,91959.2102,96318.8881,0,0,0,0,0,0,0,0,0,0,0,0,0,0,0,0,0,0,0,0,0,0,0,0,0,0,2,1,0,0,0,0,0,0,0,0,0,0,0,0,2,0,0
banana republic,Social | Conversion | CVR Social Meta,2025-07-13,11945.51,101625.3808,106388.1462,0,0,0,0,0,0,0,0,0,0,0,0,0,0,0,0,0,0,0,0,0,0,0,0,0,0,0,2,0,0,0,0,0,0,0,0,0,0,0,0,2,0,0
banana republic,Social | Conversion | CVR Social Meta,2025-07-20,12031.92,109236.8886,114544.3118,0,0,0,0,0,0,0,0,0,0,0,0,0,0,0,0,0,0,0,0,0,0,0,0,0,0,0,1,2,0,0,0,0,0,0,0,0,0,0,0,2,0,0
banana republic,Social | Conversion | CVR Social Meta,2025-07-27,12253.73,104005.8378,109009.5623,0,0,0,0,0,0,0,0,0,0,0,0,0,0,0,0,0,0,0,0,0,0,0,0,0,0,0,0,2,0,0,0,0,0,0,0,0,0,0,0,2,0,0
banana republic,Social | Conversion | CVR Social Meta,2025-08-03,8800.27,71336.4709,74849.2071,0,0,0,0,0,0,0,0,0,0,0,0,0,0,0,0,0,0,0,0,0,0,0,0,0,0,0,0,1,0,0,0,0,0,0,0,0,0,0,0,1,0,0
banana republic,Social | Conversion | CVR Social Meta,2025-08-10,4137.47,39146.1478,40967.5408,0,0,0,0,0,0,0,0,0,0,0,0,0,0,0,0,0,0,0,0,0,0,0,0,0,0,0,0,0,0,0,0,0,0,0,0,0,0,0,0,0,0,0
banana republic,Social | Conversion | CVR Social Meta ASC Historical,2025-02-02,1796.48,1585.4496,8841.6064,0,0,0,0,0,0,0,0,0,0,0,0,0,0,0,0,0,0,0,0,0,0,0,0,0,0,0,0,0,0,0,0,0,0,0,0,0,0,0,0,0,0,0
banana republic,Social | Conversion | CVR Social Meta ASC Historical,2025-02-09,2125.03,1704.0003,9511.9517,0,0,0,0,0,0,0,0,0,0,0,0,0,0,0,0,0,0,0,0,0,0,0,0,0,0,0,0,0,0,0,0,0,0,0,0,0,0,0,0,0,0,0
banana republic,Social | Conversion | CVR Social Meta ASC Historical,2025-02-16,6203.87,4132.9138,23014.778,0,0,0,0,0,0,0,0,0,0,0,0,0,0,0,0,0,0,0,0,0,0,0,0,0,0,0,0,0,0,0,0,0,0,0,0,0,0,0,0,0,0,0
banana republic,Social | Conversion | CVR Social Meta ASC Historical,2025-02-23,6927.21,4560.6902,25408.6975,0,0,0,0,0,0,0,0,0,0,0,0,0,0,0,0,0,0,0,0,0,0,0,0,0,0,0,0,0,0,0,0,0,0,0,0,0,0,0,0,0,0,0
banana republic,Social | Conversion | CVR Social Meta ASC Historical,2025-03-02,6116.82,3140.992,22412.5753,0,0,0,0,0,0,0,0,0,0,0,0,0,0,0,0,0,0,0,0,0,0,0,0,0,0,0,0,0,0,0,0,0,0,0,0,0,0,0,0,0,0,0
banana republic,Social | Conversion | CVR Social Meta ASC Historical,2025-03-09,5452.37,2524.7661,18614.4301,0,0,0,0,0,0,0,0,0,0,0,0,0,0,0,0,0,0,0,0,0,0,0,0,0,0,0,0,0,0,0,0,0,0,0,0,0,0,0,0,0,0,0
banana republic,Social | Conversion | CVR Social Meta ASC Historical,2025-03-16,9842.39,3907.9807,28894.3277,0,0,0,0,0,0,0,0,0,0,0,0,0,0,0,0,0,0,0,0,0,0,0,0,0,0,0,0,0,0,0,0,0,0,0,0,0,0,0,0,0,0,0
banana republic,Social | Conversion | CVR Social Meta ASC Historical,2025-03-23,39793.29,14433.4132,106756.8387,0,2,0,0,0,0,0,0,0,0,0,0,0,0,0,0,0,0,0,0,0,0,0,0,0,0,0,0,0,0,0,0,0,0,0,0,0,0,2,0,0,0,0
banana republic,Social | Conversion | CVR Social Meta ASC Historical,2025-03-30,8996.71,5101.1503,37712.1791,0,1,0,0,0,0,0,0,0,0,0,0,0,0,0,0,0,0,0,0,0,0,0,0,0,0,0,0,0,0,0,0,0,0,0,0,0,0,1,0,0,0,0
banana republic,Social | Conversion | CVR Social Meta ASC Historical,2025-04-06,2549.89,1817.7067,13442.4137,0,0,0,0,0,0,0,0,0,0,0,0,0,0,0,0,0,0,0,0,0,0,0,0,0,0,0,0,0,0,0,0,0,0,0,0,0,0,0,0,0,0,0
banana republic,Social | Conversion | CVR Social Meta ASC Historical,2025-04-13,2007.18,1293.0054,9569.3347,0,0,0,0,0,0,0,0,0,0,0,0,0,0,0,0,0,0,0,0,0,0,0,0,0,0,0,0,0,0,0,0,0,0,1,0,0,0,0,0,0,0,1
banana republic,Social | Conversion | CVR Social Meta ASC Historical,2025-04-20,3528.71,1981.8311,14676.0741,0,0,0,0,0,0,0,0,0,0,0,0,0,0,0,0,0,0,0,0,0,0,0,0,0,0,0,0,0,0,0,0,0,0,1,0,0,0,0,0,0,0,1
banana republic,Social | Conversion | CVR Social Meta ASC Historical,2025-04-27,3142.0,1694.4976,12514.5707,0,0,0,0,0,0,0,0,0,0,0,0,0,0,0,0,0,0,0,0,0,0,0,0,0,0,0,0,0,0,0,0,0,0,0,0,0,0,0,0,0,0,0
banana republic,Social | Conversion | CVR Social Meta ASC Historical,2025-05-04,3126.19,1609.8431,11886.534,0,0,0,0,0,0,0,0,0,0,0,0,0,0,0,0,0,0,0,0,0,0,0,0,0,0,0,0,0,0,0,0,0,0,0,0,0,0,0,0,0,0,0
banana republic,Social | Conversion | CVR Social Meta ASC Historical,2025-05-11,2950.77,1573.7396,11644.0928,0,0,0,0,0,0,0,0,0,0,0,0,0,0,0,0,0,0,0,0,0,0,0,0,0,0,0,0,0,0,0,0,0,0,0,0,0,0,0,0,0,0,0
banana republic,Social | Conversion | CVR Social Meta ASC Historical,2025-05-18,6752.24,2760.9911,20474.1301,0,0,0,0,0,0,0,0,0,0,0,0,0,0,0,0,0,0,0,0,0,0,0,0,1,0,0,0,0,0,0,0,0,0,0,0,0,0,0,0,0,0,1
banana republic,Social | Conversion | CVR Social Meta ASC Historical,2025-05-25,11484.6901,6361.0242,47182.8806,0,0,0,0,0,0,0,0,0,0,0,0,0,0,0,0,0,0,0,0,0,0,0,0,1,0,0,0,0,0,0,0,0,0,0,0,0,0,0,0,0,0,1
banana republic,Social | Conversion | CVR Social Meta ASC Historical,2025-06-01,15270.9501,13686.416,94388.4896,0,0,0,0,0,0,0,0,0,0,0,0,0,0,0,0,0,0,0,0,0,0,0,0,0,0,0,0,0,0,0,0,0,0,0,0,0,0,0,0,0,0,0
banana republic,Social | Conversion | CVR Social Meta ASC Historical,2025-06-08,15289.2,11086.9214,76032.6014,0,0,0,0,0,0,0,0,0,0,0,0,0,0,0,0,0,0,0,0,0,0,0,0,0,0,0,0,0,0,0,0,0,0,0,0,0,0,0,0,0,0,0
banana republic,Social | Conversion | CVR Social Meta ASC Historical,2025-06-15,13445.76,10079.6798,69060.5161,0,0,0,0,0,0,0,0,0,0,0,0,0,0,0,0,0,0,0,0,0,0,0,0,0,0,0,0,0,0,0,0,0,0,0,0,0,0,0,0,0,0,0
banana republic,Social | Conversion | CVR Social Meta ASC Historical,2025-06-22,13815.55,11204.8834,76671.0697,0,0,0,0,0,0,0,0,0,0,0,0,0,0,0,0,0,0,0,0,0,0,0,0,0,1,0,0,0,0,0,0,0,0,0,0,0,0,0,0,1,0,0
banana republic,Social | Conversion | CVR Social Meta ASC Historical,2025-06-29,4014.05,4454.4031,30604.4703,0,0,0,0,0,0,0,0,0,0,0,0,0,0,0,0,0,0,0,0,0,0,0,0,0,1,2,0,0,0,0,0,0,0,0,0,0,0,0,0,2,0,0
banana republic,Social | Conversion | CVR Social Meta ASC Historical,2025-07-06,4309.79,2773.9842,20610.3797,0,0,0,0,0,0,0,0,0,0,0,0,0,0,0,0,0,0,0,0,0,0,0,0,0,0,2,1,0,0,0,0,0,0,0,0,0,0,0,0,2,0,0
banana republic,Social | Conversion | CVR Social Meta ASC Historical,2025-07-13,4258.84,3217.1033,23868.7978,0,0,0,0,0,0,0,0,0,0,0,0,0,0,0,0,0,0,0,0,0,0,0,0,0,0,0,2,0,0,0,0,0,0,0,0,0,0,0,0,2,0,0
banana republic,Social | Conversion | CVR Social Meta ASC Historical,2025-07-20,3701.23,2874.3195,21393.4321,0,0,0,0,0,0,0,0,0,0,0,0,0,0,0,0,0,0,0,0,0,0,0,0,0,0,0,1,2,0,0,0,0,0,0,0,0,0,0,0,2,0,0
banana republic,Social | Conversion | CVR Social Meta ASC Historical,2025-07-27,4319.65,3037.1303,22604.0672,0,0,0,0,0,0,0,0,0,0,0,0,0,0,0,0,0,0,0,0,0,0,0,0,0,0,0,0,2,0,0,0,0,0,0,0,0,0,0,0,2,0,0
banana republic,Social | Conversion | CVR Social Meta ASC Influencer,2025-08-31,52.88,0.0,0.0,0,0,0,0,0,0,0,0,0,0,0,0,0,0,0,0,0,0,0,0,0,0,0,0,0,0,0,0,0,0,0,0,0,0,0,1,0,1,0,0,0,0,0
banana republic,Social | Conversion | CVR Social Meta ASC Influencer,2025-09-07,254.61,0.0,0.0,0,1,0,0,0,0,0,0,0,0,0,0,0,0,0,0,0,0,0,0,0,0,0,0,0,0,0,0,0,0,0,0,0,0,0,0,0,0,1,0,0,0,0
banana republic,Social | Conversion | CVR Social Meta ASC Influencer,2025-09-21,173.36,0.0,0.0,0,1,0,0,0,0,0,0,0,0,0,0,0,0,0,0,0,0,0,0,0,0,0,0,0,0,0,0,0,0,0,0,0,0,0,0,0,0,1,0,0,0,0
banana republic,Social | Conversion | CVR Social Meta ASC Influencer,2025-09-28,1755.21,0.0,0.0,0,0,0,0,0,0,0,0,0,0,0,0,0,0,0,0,0,0,0,0,0,0,0,0,0,0,0,0,0,0,0,0,0,0,0,0,0,0,0,0,0,0,0
banana republic,Social | Conversion | CVR Social Meta ASC Influencer,2025-10-05,5144.9801,0.0,0.0,0,0,0,0,0,0,0,0,0,0,0,0,0,0,0,0,0,0,0,0,0,0,0,0,0,0,0,0,0,0,0,0,0,0,0,0,0,0,0,0,0,0,0
banana republic,Social | Conversion | CVR Social Meta ASC Influencer,2025-10-12,2145.49,0.0,0.0,0,0,0,0,0,0,0,0,0,0,0,0,0,0,0,0,0,0,0,0,0,0,0,0,0,0,0,0,0,0,0,0,0,0,0,0,0,0,0,0,0,0,0
banana republic,Social | Conversion | CVR Social Meta ASC Influencer,2025-12-07,799.35,0.0,0.0,0,0,0,0,0,0,0,0,0,0,0,0,0,0,0,0,0,0,0,0,0,0,0,0,0,0,0,0,0,0,2,0,0,0,0,0,0,0,2,0,0,0,0
banana republic,Social | Conversion | CVR Social Meta ASC Influencer,2025-12-14,2266.8401,0.0,0.0,0,0,0,0,0,0,0,0,0,0,0,0,0,0,0,0,0,0,0,0,0,0,0,0,0,0,0,0,0,0,1,0,0,0,0,0,2,2,1,0,0,0,0
banana republic,Social | Conversion | CVR Social Meta ASC Influencer,2025-12-21,2581.34,0.0,0.0,0,0,0,0,0,0,0,0,0,0,0,0,0,0,0,0,0,0,0,0,0,0,0,0,0,0,0,0,0,0,0,1,0,0,0,0,2,2,0,0,1,0,0
banana republic,Social | Conversion | CVR Social Meta ASC Influencer,2026-02-08,167.16,0.0,0.0,0,0,0,0,0,0,0,0,0,0,0,0,0,0,0,0,0,0,0,0,0,0,0,0,0,0,0,0,0,0,0,0,0,0,0,0,0,0,0,0,0,0,0
banana republic,Social | Conversion | CVR Social Meta ASC Influencer,2026-02-15,95.64,0.0,0.0,0,0,0,0,0,0,0,0,0,0,0,0,0,0,0,0,0,0,0,0,0,0,0,0,0,0,0,0,0,0,0,0,0,0,0,0,0,0,0,0,0,0,0
banana republic,Social | Conversion | CVR Social Meta ASC Influencer,2026-02-22,5.36,0.0,0.0,0,0,0,0,0,0,0,0,0,0,0,0,0,0,0,0,0,0,0,0,0,0,0,0,0,0,0,0,0,0,0,0,0,0,0,0,0,0,0,0,0,0,0
banana republic,Social | Conversion | CVR Social Meta ASC Max Value,2025-08-10,1194.4,351.0415,1571.1485,0,0,0,0,0,0,0,0,0,0,0,0,0,0,0,0,0,0,0,0,0,0,0,0,0,0,0,0,0,0,0,0,0,0,0,0,0,0,0,0,0,0,0
banana republic,Social | Conversion | CVR Social Meta ASC Max Value,2025-08-17,2550.9,768.1518,3592.9264,0,0,0,0,0,0,0,0,0,0,0,0,0,0,0,0,0,0,0,0,0,0,0,0,0,0,0,0,0,0,0,0,0,0,0,0,0,0,0,0,0,0,0
banana republic,Social | Conversion | CVR Social Meta ASC Max Value,2025-08-24,2946.91,868.423,4229.3432,0,0,0,0,0,0,0,0,0,0,0,0,0,0,0,0,0,0,0,0,0,0,0,0,0,0,0,0,0,0,0,0,0,0,0,1,0,1,0,0,0,0,0
banana republic,Social | Conversion | CVR Social Meta ASC Max Value,2025-08-31,5013.17,963.6596,5850.0117,0,0,0,0,0,0,0,0,0,0,0,0,0,0,0,0,0,0,0,0,0,0,0,0,0,0,0,0,0,0,0,0,0,0,0,1,0,1,0,0,0,0,0
banana republic,Social | Conversion | CVR Social Meta ASC Max Value,2025-09-07,19804.5001,4099.5772,23651.7088,0,1,0,0,0,0,0,0,0,0,0,0,0,0,0,0,0,0,0,0,0,0,0,0,0,0,0,0,0,0,0,0,0,0,0,0,0,0,1,0,0,0,0
banana republic,Social | Conversion | CVR Social Meta ASC Max Value,2025-09-14,24102.6001,5178.9974,31374.3754,0,2,0,0,0,0,0,0,0,0,0,0,0,0,0,0,0,0,0,0,0,0,0,0,0,0,0,0,0,0,0,0,0,0,0,0,0,0,2,0,0,0,0
banana republic,Social | Conversion | CVR Social Meta ASC Max Value,2025-09-21,6225.5701,1435.9083,11026.1481,0,1,0,0,0,0,0,0,0,0,0,0,0,0,0,0,0,0,0,0,0,0,0,0,0,0,0,0,0,0,0,0,0,0,0,0,0,0,1,0,0,0,0
banana republic,Social | Conversion | CVR Social Meta ASC Max Value,2025-09-28,3423.2501,750.4462,5260.8539,0,0,0,0,0,0,0,0,0,0,0,0,0,0,0,0,0,0,0,0,0,0,0,0,0,0,0,0,0,0,0,0,0,0,0,0,0,0,0,0,0,0,0
banana republic,Social | Conversion | CVR Social Meta ASC Max Value,2025-10-05,9480.5,1594.145,9488.0204,0,0,0,0,0,0,0,0,0,0,0,0,0,0,0,0,0,0,0,0,0,0,0,0,0,0,0,0,0,0,0,0,0,0,0,0,0,0,0,0,0,0,0
banana republic,Social | Conversion | CVR Social Meta ASC Max Value,2025-10-12,17186.95,2926.4185,17365.3251,0,0,0,0,0,0,0,0,0,0,0,0,0,0,0,0,0,0,0,0,0,0,0,0,0,0,0,0,0,0,0,0,0,0,0,0,0,0,0,0,0,0,0
banana republic,Social | Conversion | CVR Social Meta ASC Max Value,2025-10-19,29048.0901,4931.4456,29428.7236,0,0,0,0,0,0,0,0,0,0,0,0,0,0,0,0,0,0,0,0,0,0,0,0,0,0,0,0,0,0,0,0,0,0,0,0,0,0,0,0,0,0,0
banana republic,Social | Conversion | CVR Social Meta ASC Max Value,2025-10-26,29476.02,6622.4016,40165.5061,0,0,0,0,0,0,0,0,0,0,0,0,0,0,0,0,0,0,0,0,0,0,0,0,0,0,0,0,0,0,0,0,0,0,0,0,0,0,0,0,0,0,0
banana republic,Social | Conversion | CVR Social Meta ASC Max Value,2025-11-02,50439.5701,111303.4845,45819.3675,0,0,0,0,0,0,0,0,0,0,0,0,0,0,2,0,0,0,0,0,0,0,0,0,0,0,0,0,0,0,0,0,0,0,0,0,0,0,2,0,0,0,0
banana republic,Social | Conversion | CVR Social Meta ASC Max Value,2025-11-09,15352.4201,40458.6822,18126.855,0,0,0,0,0,0,0,0,0,0,0,0,0,0,1,0,0,0,0,0,0,0,0,0,0,0,0,0,0,0,0,0,0,0,0,0,0,0,1,0,0,0,0
banana republic,Social | Conversion | CVR Social Meta ASC Max Value,2025-11-16,5843.28,11724.6503,5394.1877,0,0,0,0,0,0,0,0,0,0,0,0,0,0,0,0,0,0,0,0,0,0,0,0,0,0,0,0,0,0,0,0,0,0,0,0,0,0,0,0,0,0,0
banana republic,Social | Conversion | CVR Social Meta ASC Max Value,2025-11-23,94776.7201,97526.3301,36910.2134,0,0,0,0,0,0,0,0,0,0,0,0,0,0,0,0,0,0,0,0,0,0,0,0,0,0,0,0,0,2,0,0,0,0,0,0,0,0,2,0,0,0,0
banana republic,Social | Conversion | CVR Social Meta ASC Max Value,2025-11-30,43020.9701,61781.8767,25504.0921,0,0,0,0,0,0,0,0,0,0,0,0,0,0,0,0,0,2,0,0,0,0,0,0,0,0,0,0,0,0,0,0,0,0,0,0,0,0,2,0,0,0,0
banana republic,Social | Conversion | CVR Social Meta ASC Max Value,2025-12-07,8610.04,18061.4042,8245.0689,0,0,0,0,0,0,0,0,0,0,0,0,0,0,0,0,0,0,0,0,0,0,0,0,0,0,0,0,0,0,2,0,0,0,0,0,0,0,2,0,0,0,0
banana republic,Social | Conversion | CVR Social Meta ASC Max Value,2025-12-14,6859.7301,12530.381,5152.3809,0,0,0,0,0,0,0,0,0,0,0,0,0,0,0,0,0,0,0,0,0,0,0,0,0,0,0,0,0,0,1,0,0,0,0,0,2,2,1,0,0,0,0
banana republic,Social | Conversion | CVR Social Meta ASC Max Value,2025-12-21,2430.78,7096.3817,2961.3451,0,0,0,0,0,0,0,0,0,0,0,0,0,0,0,0,0,0,0,0,0,0,0,0,0,0,0,0,0,0,0,1,0,0,0,0,2,2,0,0,1,0,0
banana republic,Social | Conversion | CVR Social Meta ASC Max Value,2025-12-28,3885.72,10587.5104,4151.1012,0,0,0,0,0,0,0,0,0,0,0,0,0,0,0,0,0,0,0,0,0,0,0,0,0,0,0,0,0,0,0,2,0,0,0,0,0,0,0,0,2,0,0
banana republic,Social | Conversion | CVR Social Meta ASC Max Value,2026-01-04,10564.36,26145.8072,27247.7323,0,0,0,0,0,0,0,0,0,0,0,0,0,0,0,0,0,0,0,0,0,0,0,0,0,0,0,0,0,0,0,1,2,0,0,0,0,0,0,0,2,0,0
banana republic,Social | Conversion | CVR Social Meta ASC Max Value,2026-01-11,10547.89,27552.8561,28160.4727,0,0,0,0,0,0,0,0,0,0,0,0,0,0,0,0,0,0,0,0,0,0,0,0,0,0,0,0,0,0,0,0,1,2,0,0,0,0,0,0,2,0,0
banana republic,Social | Conversion | CVR Social Meta ASC Max Value,2026-01-18,11179.28,30218.0555,30995.4065,0,0,0,0,0,0,0,0,0,0,0,0,0,0,0,0,0,0,0,0,0,0,0,0,0,0,0,0,0,0,0,0,0,2,0,0,0,0,0,0,2,0,0
banana republic,Social | Conversion | CVR Social Meta ASC Max Value,2026-01-25,11917.99,32200.3186,33053.5318,0,0,0,0,0,0,0,0,0,0,0,0,0,0,0,0,0,0,0,0,0,0,0,0,0,0,0,0,0,0,0,0,0,0,0,0,0,0,0,0,0,0,0
banana republic,Social | Conversion | CVR Social Meta ASC Max Value,2026-02-01,5691.14,19506.2942,13885.0068,0,0,0,0,0,0,0,0,0,0,0,0,0,0,0,0,0,0,0,0,0,0,0,0,0,0,0,0,0,0,0,0,0,0,0,0,0,0,0,0,0,0,0
banana republic,Social | Conversion | CVR Social Meta ASC Max Value,2026-02-08,9559.89,27406.9795,19755.6331,0,0,0,0,0,0,0,0,0,0,0,0,0,0,0,0,0,0,0,0,0,0,0,0,0,0,0,0,0,0,0,0,0,0,0,0,0,0,0,0,0,0,0
banana republic,Social | Conversion | CVR Social Meta ASC Max Value,2026-02-15,9112.25,28296.1151,20397.2098,0,0,0,0,0,0,0,0,0,0,0,0,0,0,0,0,0,0,0,0,0,0,0,0,0,0,0,0,0,0,0,0,0,0,0,0,0,0,0,0,0,0,0
banana republic,Social | Conversion | CVR Social Meta ASC Max Value,2026-02-22,9044.34,30053.8665,21611.9189,0,0,0,0,0,0,0,0,0,0,0,0,0,0,0,0,0,0,0,0,0,0,0,0,0,0,0,0,0,0,0,0,0,0,0,0,0,0,0,0,0,0,0
banana republic,Social | Conversion | CVR Social Meta ASC Max Volume,2025-08-03,1297.5,790.664,3573.9287,0,0,0,0,0,0,0,0,0,0,0,0,0,0,0,0,0,0,0,0,0,0,0,0,0,0,0,0,1,0,0,0,0,0,0,0,0,0,0,0,1,0,0
banana republic,Social | Conversion | CVR Social Meta ASC Max Volume,2025-08-10,1601.16,1268.8106,6042.6444,0,0,0,0,0,0,0,0,0,0,0,0,0,0,0,0,0,0,0,0,0,0,0,0,0,0,0,0,0,0,0,0,0,0,0,0,0,0,0,0,0,0,0
banana republic,Social | Conversion | CVR Social Meta ASC Max Volume,2025-08-17,4343.69,1708.621,8217.7288,0,0,0,0,0,0,0,0,0,0,0,0,0,0,0,0,0,0,0,0,0,0,0,0,0,0,0,0,0,0,0,0,0,0,0,0,0,0,0,0,0,0,0
banana republic,Social | Conversion | CVR Social Meta ASC Max Volume,2025-08-24,6837.67,1436.5765,7234.052,0,0,0,0,0,0,0,0,0,0,0,0,0,0,0,0,0,0,0,0,0,0,0,0,0,0,0,0,0,0,0,0,0,0,0,1,0,1,0,0,0,0,0
banana republic,Social | Conversion | CVR Social Meta ASC Max Volume,2025-08-31,3347.14,925.2602,5947.6431,0,0,0,0,0,0,0,0,0,0,0,0,0,0,0,0,0,0,0,0,0,0,0,0,0,0,0,0,0,0,0,0,0,0,0,1,0,1,0,0,0,0,0
banana republic,Social | Conversion | CVR Social Meta ASC Max Volume,2025-09-07,4285.5201,4316.9774,25004.3042,0,1,0,0,0,0,0,0,0,0,0,0,0,0,0,0,0,0,0,0,0,0,0,0,0,0,0,0,0,0,0,0,0,0,0,0,0,0,1,0,0,0,0
banana republic,Social | Conversion | CVR Social Meta ASC Max Volume,2025-09-14,5670.54,4806.4394,29505.8213,0,2,0,0,0,0,0,0,0,0,0,0,0,0,0,0,0,0,0,0,0,0,0,0,0,0,0,0,0,0,0,0,0,0,0,0,0,0,2,0,0,0,0
banana republic,Social | Conversion | CVR Social Meta ASC Max Volume,2025-09-21,1789.18,2125.6425,14784.5324,0,1,0,0,0,0,0,0,0,0,0,0,0,0,0,0,0,0,0,0,0,0,0,0,0,0,0,0,0,0,0,0,0,0,0,0,0,0,1,0,0,0,0
banana republic,Social | Conversion | CVR Social Meta ASC Max Volume,2025-09-28,840.77,1092.8344,7573.6649,0,0,0,0,0,0,0,0,0,0,0,0,0,0,0,0,0,0,0,0,0,0,0,0,0,0,0,0,0,0,0,0,0,0,0,0,0,0,0,0,0,0,0
banana republic,Social | Conversion | CVR Social Meta ASC Max Volume,2025-10-05,4860.43,2378.652,14179.6166,0,0,0,0,0,0,0,0,0,0,0,0,0,0,0,0,0,0,0,0,0,0,0,0,0,0,0,0,0,0,0,0,0,0,0,0,0,0,0,0,0,0,0
banana republic,Social | Conversion | CVR Social Meta ASC Max Volume,2025-10-12,11843.4302,4110.7819,24556.9352,0,0,0,0,0,0,0,0,0,0,0,0,0,0,0,0,0,0,0,0,0,0,0,0,0,0,0,0,0,0,0,0,0,0,0,0,0,0,0,0,0,0,0
banana republic,Social | Conversion | CVR Social Meta ASC Max Volume,2025-10-19,17655.0301,6364.9118,38358.6758,0,0,0,0,0,0,0,0,0,0,0,0,0,0,0,0,0,0,0,0,0,0,0,0,0,0,0,0,0,0,0,0,0,0,0,0,0,0,0,0,0,0,0
banana republic,Social | Conversion | CVR Social Meta ASC Max Volume,2025-10-26,22063.9899,7924.65,48549.3468,0,0,0,0,0,0,0,0,0,0,0,0,0,0,0,0,0,0,0,0,0,0,0,0,0,0,0,0,0,0,0,0,0,0,0,0,0,0,0,0,0,0,0
banana republic,Social | Conversion | CVR Social Meta ASC Max Volume,2025-11-02,39736.8801,91127.6773,42174.9391,0,0,0,0,0,0,0,0,0,0,0,0,0,0,2,0,0,0,0,0,0,0,0,0,0,0,0,0,0,0,0,0,0,0,0,0,0,0,2,0,0,0,0
banana republic,Social | Conversion | CVR Social Meta ASC Max Volume,2025-11-09,11360.3,36647.7337,17832.3175,0,0,0,0,0,0,0,0,0,0,0,0,0,0,1,0,0,0,0,0,0,0,0,0,0,0,0,0,0,0,0,0,0,0,0,0,0,0,1,0,0,0,0
banana republic,Social | Conversion | CVR Social Meta ASC Max Volume,2025-11-16,4506.49,15019.7081,7171.0531,0,0,0,0,0,0,0,0,0,0,0,0,0,0,0,0,0,0,0,0,0,0,0,0,0,0,0,0,0,0,0,0,0,0,0,0,0,0,0,0,0,0,0
banana republic,Social | Conversion | CVR Social Meta ASC Max Volume,2025-11-23,84370.7501,81550.287,33760.9368,0,0,0,0,0,0,0,0,0,0,0,0,0,0,0,0,0,0,0,0,0,0,0,0,0,0,0,0,0,2,0,0,0,0,0,0,0,0,2,0,0,0,0
banana republic,Social | Conversion | CVR Social Meta ASC Max Volume,2025-11-30,44452.6601,23844.0194,11853.3798,0,0,0,0,0,0,0,0,0,0,0,0,0,0,0,0,0,2,0,0,0,0,0,0,0,0,0,0,0,0,0,0,0,0,0,0,0,0,2,0,0,0,0
banana republic,Social | Conversion | CVR Social Meta ASC Max Volume,2025-12-07,29215.3101,12196.3528,5645.3929,0,0,0,0,0,0,0,0,0,0,0,0,0,0,0,0,0,0,0,0,0,0,0,0,0,0,0,0,0,0,2,0,0,0,0,0,0,0,2,0,0,0,0
banana republic,Social | Conversion | CVR Social Meta ASC Max Volume,2025-12-14,23457.67,9657.6222,4292.2433,0,0,0,0,0,0,0,0,0,0,0,0,0,0,0,0,0,0,0,0,0,0,0,0,0,0,0,0,0,0,1,0,0,0,0,0,2,2,1,0,0,0,0
banana republic,Social | Conversion | CVR Social Meta ASC Max Volume,2025-12-21,11822.1701,5001.1873,2305.2655,0,0,0,0,0,0,0,0,0,0,0,0,0,0,0,0,0,0,0,0,0,0,0,0,0,0,0,0,0,0,0,1,0,0,0,0,2,2,0,0,1,0,0
banana republic,Social | Conversion | CVR Social Meta ASC Max Volume,2025-12-28,2309.9601,9419.5799,4006.9535,0,0,0,0,0,0,0,0,0,0,0,0,0,0,0,0,0,0,0,0,0,0,0,0,0,0,0,0,0,0,0,2,0,0,0,0,0,0,0,0,2,0,0
banana republic,Social | Conversion | CVR Social Meta ASC Max Volume,2026-01-04,4184.29,29145.8153,33525.1603,0,0,0,0,0,0,0,0,0,0,0,0,0,0,0,0,0,0,0,0,0,0,0,0,0,0,0,0,0,0,0,1,2,0,0,0,0,0,0,0,2,0,0
banana republic,Social | Conversion | CVR Social Meta ASC Max Volume,2026-01-11,3699.98,27925.9558,31251.3359,0,0,0,0,0,0,0,0,0,0,0,0,0,0,0,0,0,0,0,0,0,0,0,0,0,0,0,0,0,0,0,0,1,2,0,0,0,0,0,0,2,0,0
banana republic,Social | Conversion | CVR Social Meta ASC Max Volume,2026-01-18,3689.51,30815.5989,34735.3367,0,0,0,0,0,0,0,0,0,0,0,0,0,0,0,0,0,0,0,0,0,0,0,0,0,0,0,0,0,0,0,0,0,2,0,0,0,0,0,0,2,0,0
banana republic,Social | Conversion | CVR Social Meta ASC Max Volume,2026-01-25,5241.23,25914.4367,28896.7309,0,0,0,0,0,0,0,0,0,0,0,0,0,0,0,0,0,0,0,0,0,0,0,0,0,0,0,0,0,0,0,0,0,0,0,0,0,0,0,0,0,0,0
banana republic,Social | Conversion | CVR Social Meta ASC Max Volume,2026-02-01,2811.71,16391.748,17968.653,0,0,0,0,0,0,0,0,0,0,0,0,0,0,0,0,0,0,0,0,0,0,0,0,0,0,0,0,0,0,0,0,0,0,0,0,0,0,0,0,0,0,0
banana republic,Social | Conversion | CVR Social Meta ASC Max Volume,2026-02-08,4737.85,30551.754,34846.89,0,0,0,0,0,0,0,0,0,0,0,0,0,0,0,0,0,0,0,0,0,0,0,0,0,0,0,0,0,0,0,0,0,0,0,0,0,0,0,0,0,0,0
banana republic,Social | Conversion | CVR Social Meta ASC Max Volume,2026-02-15,3029.22,32339.054,36325.4886,0,0,0,0,0,0,0,0,0,0,0,0,0,0,0,0,0,0,0,0,0,0,0,0,0,0,0,0,0,0,0,0,0,0,0,0,0,0,0,0,0,0,0
banana republic,Social | Conversion | CVR Social Meta ASC Max Volume,2026-02-22,3856.97,30417.4716,34068.8916,0,0,0,0,0,0,0,0,0,0,0,0,0,0,0,0,0,0,0,0,0,0,0,0,0,0,0,0,0,0,0,0,0,0,0,0,0,0,0,0,0,0,0
banana republic,Social | Conversion | CVR Social Meta ASC Omni,2025-08-03,1740.18,1251.6612,5649.2196,0,0,0,0,0,0,0,0,0,0,0,0,0,0,0,0,0,0,0,0,0,0,0,0,0,0,0,0,1,0,0,0,0,0,0,0,0,0,0,0,1,0,0
banana republic,Social | Conversion | CVR Social Meta ASC Omni,2025-08-10,2851.03,1040.8947,5217.0234,0,0,0,0,0,0,0,0,0,0,0,0,0,0,0,0,0,0,0,0,0,0,0,0,0,0,0,0,0,0,0,0,0,0,0,0,0,0,0,0,0,0,0
banana republic,Social | Conversion | CVR Social Meta ASC Omni,2025-08-17,4315.92,2567.9274,12036.4325,0,0,0,0,0,0,0,0,0,0,0,0,0,0,0,0,0,0,0,0,0,0,0,0,0,0,0,0,0,0,0,0,0,0,0,0,0,0,0,0,0,0,0
banana republic,Social | Conversion | CVR Social Meta ASC Omni,2025-08-24,4247.7401,3211.6765,15566.5639,0,0,0,0,0,0,0,0,0,0,0,0,0,0,0,0,0,0,0,0,0,0,0,0,0,0,0,0,0,0,0,0,0,0,0,1,0,1,0,0,0,0,0
banana republic,Social | Conversion | CVR Social Meta ASC Omni,2025-08-31,3240.52,1345.6256,9050.7066,0,0,0,0,0,0,0,0,0,0,0,0,0,0,0,0,0,0,0,0,0,0,0,0,0,0,0,0,0,0,0,0,0,0,0,1,0,1,0,0,0,0,0
banana republic,Social | Conversion | CVR Social Meta ASC Omni,2025-09-07,12760.96,2001.2233,12192.7849,0,1,0,0,0,0,0,0,0,0,0,0,0,0,0,0,0,0,0,0,0,0,0,0,0,0,0,0,0,0,0,0,0,0,0,0,0,0,1,0,0,0,0
banana republic,Social | Conversion | CVR Social Meta ASC Omni,2025-09-14,16614.6101,2662.5365,16185.6469,0,2,0,0,0,0,0,0,0,0,0,0,0,0,0,0,0,0,0,0,0,0,0,0,0,0,0,0,0,0,0,0,0,0,0,0,0,0,2,0,0,0,0
banana republic,Social | Conversion | CVR Social Meta ASC Omni,2025-09-21,6360.22,1016.8832,7262.1601,0,1,0,0,0,0,0,0,0,0,0,0,0,0,0,0,0,0,0,0,0,0,0,0,0,0,0,0,0,0,0,0,0,0,0,0,0,0,1,0,0,0,0
banana republic,Social | Conversion | CVR Social Meta ASC Omni,2025-09-28,3185.5501,538.7236,3742.7487,0,0,0,0,0,0,0,0,0,0,0,0,0,0,0,0,0,0,0,0,0,0,0,0,0,0,0,0,0,0,0,0,0,0,0,0,0,0,0,0,0,0,0
banana republic,Social | Conversion | CVR Social Meta ASC Omni,2025-10-05,8897.86,1963.451,11468.2428,0,0,0,0,0,0,0,0,0,0,0,0,0,0,0,0,0,0,0,0,0,0,0,0,0,0,0,0,0,0,0,0,0,0,0,0,0,0,0,0,0,0,0
banana republic,Social | Conversion | CVR Social Meta ASC Omni,2025-10-12,15270.5301,7932.728,46232.9189,0,0,0,0,0,0,0,0,0,0,0,0,0,0,0,0,0,0,0,0,0,0,0,0,0,0,0,0,0,0,0,0,0,0,0,0,0,0,0,0,0,0,0
banana republic,Social | Conversion | CVR Social Meta ASC Omni,2025-10-19,27878.86,6901.9044,43464.67,0,0,0,0,0,0,0,0,0,0,0,0,0,0,0,0,0,0,0,0,0,0,0,0,0,0,0,0,0,0,0,0,0,0,0,0,0,0,0,0,0,0,0
banana republic,Social | Conversion | CVR Social Meta ASC Omni,2025-10-26,39816.44,6686.387,41977.9875,0,0,0,0,0,0,0,0,0,0,0,0,0,0,0,0,0,0,0,0,0,0,0,0,0,0,0,0,0,0,0,0,0,0,0,0,0,0,0,0,0,0,0
banana republic,Social | Conversion | CVR Social Meta ASC Omni,2025-11-02,50823.24,14409.9047,47196.0441,0,0,0,0,0,0,0,0,0,0,0,0,0,0,2,0,0,0,0,0,0,0,0,0,0,0,0,0,0,0,0,0,0,0,0,0,0,0,2,0,0,0,0
banana republic,Social | Conversion | CVR Social Meta ASC Omni,2025-11-09,14473.19,4258.6563,18537.0764,0,0,0,0,0,0,0,0,0,0,0,0,0,0,1,0,0,0,0,0,0,0,0,0,0,0,0,0,0,0,0,0,0,0,0,0,0,0,1,0,0,0,0
banana republic,Social | Conversion | CVR Social Meta ASC Omni,2025-11-16,5918.7901,1680.8372,7075.8648,0,0,0,0,0,0,0,0,0,0,0,0,0,0,0,0,0,0,0,0,0,0,0,0,0,0,0,0,0,0,0,0,0,0,0,0,0,0,0,0,0,0,0
banana republic,Social | Conversion | CVR Social Meta ASC Omni,2025-11-23,78110.3901,16573.9899,50288.7131,0,0,0,0,0,0,0,0,0,0,0,0,0,0,0,0,0,0,0,0,0,0,0,0,0,0,0,0,0,2,0,0,0,0,0,0,0,0,2,0,0,0,0
banana republic,Social | Conversion | CVR Social Meta ASC Omni,2025-11-30,12709.4701,15179.2212,51950.776,0,0,0,0,0,0,0,0,0,0,0,0,0,0,0,0,0,2,0,0,0,0,0,0,0,0,0,0,0,0,0,0,0,0,0,0,0,0,2,0,0,0,0
banana republic,Social | Conversion | CVR Social Meta ASC Omni,2025-12-07,5990.9501,9311.2478,34187.0484,0,0,0,0,0,0,0,0,0,0,0,0,0,0,0,0,0,0,0,0,0,0,0,0,0,0,0,0,0,0,2,0,0,0,0,0,0,0,2,0,0,0,0
banana republic,Social | Conversion | CVR Social Meta ASC Omni,2025-12-14,4348.04,11201.369,37659.4989,0,0,0,0,0,0,0,0,0,0,0,0,0,0,0,0,0,0,0,0,0,0,0,0,0,0,0,0,0,0,1,0,0,0,0,0,2,2,1,0,0,0,0
banana republic,Social | Conversion | CVR Social Meta ASC Omni,2025-12-21,1559.21,10853.4432,37344.031,0,0,0,0,0,0,0,0,0,0,0,0,0,0,0,0,0,0,0,0,0,0,0,0,0,0,0,0,0,0,0,1,0,0,0,0,2,2,0,0,1,0,0
banana republic,Social | Conversion | CVR Social Meta ASC Omni,2025-12-28,2612.69,2074.8812,10715.7786,0,0,0,0,0,0,0,0,0,0,0,0,0,0,0,0,0,0,0,0,0,0,0,0,0,0,0,0,0,0,0,2,0,0,0,0,0,0,0,0,2,0,0
banana republic,Social | Conversion | CVR Social Meta ASC Omni,2026-01-04,8545.03,3080.5968,27174.1276,0,0,0,0,0,0,0,0,0,0,0,0,0,0,0,0,0,0,0,0,0,0,0,0,0,0,0,0,0,0,0,1,2,0,0,0,0,0,0,0,2,0,0
banana republic,Social | Conversion | CVR Social Meta ASC Omni,2026-01-11,8117.27,2765.3762,24506.5263,0,0,0,0,0,0,0,0,0,0,0,0,0,0,0,0,0,0,0,0,0,0,0,0,0,0,0,0,0,0,0,0,1,2,0,0,0,0,0,0,2,0,0
banana republic,Social | Conversion | CVR Social Meta ASC Omni,2026-01-18,9276.3,3032.5592,26792.2025,0,0,0,0,0,0,0,0,0,0,0,0,0,0,0,0,0,0,0,0,0,0,0,0,0,0,0,0,0,0,0,0,0,2,0,0,0,0,0,0,2,0,0
banana republic,Social | Conversion | CVR Social Meta ASC Omni,2026-01-25,7750.49,3492.6633,30797.4885,0,0,0,0,0,0,0,0,0,0,0,0,0,0,0,0,0,0,0,0,0,0,0,0,0,0,0,0,0,0,0,0,0,0,0,0,0,0,0,0,0,0,0
banana republic,Social | Conversion | CVR Social Meta ASC Omni,2026-02-01,3892.94,1908.9482,17275.5873,0,0,0,0,0,0,0,0,0,0,0,0,0,0,0,0,0,0,0,0,0,0,0,0,0,0,0,0,0,0,0,0,0,0,0,0,0,0,0,0,0,0,0
banana republic,Social | Conversion | CVR Social Meta ASC Omni,2026-02-08,9339.95,2757.2319,24199.7864,0,0,0,0,0,0,0,0,0,0,0,0,0,0,0,0,0,0,0,0,0,0,0,0,0,0,0,0,0,0,0,0,0,0,0,0,0,0,0,0,0,0,0
banana republic,Social | Conversion | CVR Social Meta ASC Omni,2026-02-15,8472.95,1922.1099,17232.8309,0,0,0,0,0,0,0,0,0,0,0,0,0,0,0,0,0,0,0,0,0,0,0,0,0,0,0,0,0,0,0,0,0,0,0,0,0,0,0,0,0,0,0
banana republic,Social | Conversion | CVR Social Meta ASC Omni,2026-02-22,8371.84,2156.9406,19001.9148,0,0,0,0,0,0,0,0,0,0,0,0,0,0,0,0,0,0,0,0,0,0,0,0,0,0,0,0,0,0,0,0,0,0,0,0,0,0,0,0,0,0,0
banana republic,Social | Conversion | CVR Social Meta DABA,2025-02-02,907.88,637.5284,3153.0402,0,0,0,0,0,0,0,0,0,0,0,0,0,0,0,0,0,0,0,0,0,0,0,0,0,0,0,0,0,0,0,0,0,0,0,0,0,0,0,0,0,0,0
banana republic,Social | Conversion | CVR Social Meta DABA,2025-02-09,970.36,619.5853,3315.7412,0,0,0,0,0,0,0,0,0,0,0,0,0,0,0,0,0,0,0,0,0,0,0,0,0,0,0,0,0,0,0,0,0,0,0,0,0,0,0,0,0,0,0
banana republic,Social | Conversion | CVR Social Meta DABA,2025-02-16,1118.45,630.4289,3886.1626,0,0,0,0,0,0,0,0,0,0,0,0,0,0,0,0,0,0,0,0,0,0,0,0,0,0,0,0,0,0,0,0,0,0,0,0,0,0,0,0,0,0,0
banana republic,Social | Conversion | CVR Social Meta DABA,2025-02-23,1962.26,1197.0558,5897.9418,0,0,0,0,0,0,0,0,0,0,0,0,0,0,0,0,0,0,0,0,0,0,0,0,0,0,0,0,0,0,0,0,0,0,0,0,0,0,0,0,0,0,0
banana republic,Social | Conversion | CVR Social Meta DABA,2025-03-02,1001.64,690.0545,4997.0498,0,0,0,0,0,0,0,0,0,0,0,0,0,0,0,0,0,0,0,0,0,0,0,0,0,0,0,0,0,0,0,0,0,0,0,0,0,0,0,0,0,0,0
banana republic,Social | Conversion | CVR Social Meta DABA,2025-03-09,942.93,719.9039,5290.1335,0,0,0,0,0,0,0,0,0,0,0,0,0,0,0,0,0,0,0,0,0,0,0,0,0,0,0,0,0,0,0,0,0,0,0,0,0,0,0,0,0,0,0
banana republic,Social | Conversion | CVR Social Meta DABA,2025-03-16,427.32,361.0869,4260.3107,0,0,0,0,0,0,0,0,0,0,0,0,0,0,0,0,0,0,0,0,0,0,0,0,0,0,0,0,0,0,0,0,0,0,0,0,0,0,0,0,0,0,0
banana republic,Social | Conversion | CVR Social Meta DABA,2025-04-06,303.5,236.1778,1902.7427,0,0,0,0,0,0,0,0,0,0,0,0,0,0,0,0,0,0,0,0,0,0,0,0,0,0,0,0,0,0,0,0,0,0,0,0,0,0,0,0,0,0,0
banana republic,Social | Conversion | CVR Social Meta DABA,2025-04-13,355.27,298.9298,2076.1772,0,0,0,0,0,0,0,0,0,0,0,0,0,0,0,0,0,0,0,0,0,0,0,0,0,0,0,0,0,0,0,0,0,0,1,0,0,0,0,0,0,0,1
banana republic,Social | Conversion | CVR Social Meta DABA,2025-04-20,265.13,218.4196,2131.6115,0,0,0,0,0,0,0,0,0,0,0,0,0,0,0,0,0,0,0,0,0,0,0,0,0,0,0,0,0,0,0,0,0,0,1,0,0,0,0,0,0,0,1
banana republic,Social | Conversion | CVR Social Meta DABA,2025-04-27,239.87,192.64,1993.0783,0,0,0,0,0,0,0,0,0,0,0,0,0,0,0,0,0,0,0,0,0,0,0,0,0,0,0,0,0,0,0,0,0,0,0,0,0,0,0,0,0,0,0
banana republic,Social | Conversion | CVR Social Meta DABA,2025-05-04,219.85,171.6066,1900.6896,0,0,0,0,0,0,0,0,0,0,0,0,0,0,0,0,0,0,0,0,0,0,0,0,0,0,0,0,0,0,0,0,0,0,0,0,0,0,0,0,0,0,0
banana republic,Social | Conversion | CVR Social Meta DABA,2025-05-11,209.05,149.7471,1480.4935,0,0,0,0,0,0,0,0,0,0,0,0,0,0,0,0,0,0,0,0,0,0,0,0,0,0,0,0,0,0,0,0,0,0,0,0,0,0,0,0,0,0,0
banana republic,Social | Conversion | CVR Social Meta DABA,2025-05-18,364.81,212.6638,2185.3014,0,0,0,0,0,0,0,0,0,0,0,0,0,0,0,0,0,0,0,0,0,0,0,0,1,0,0,0,0,0,0,0,0,0,0,0,0,0,0,0,0,0,1
banana republic,Social | Conversion | CVR Social Meta DABA,2025-05-25,428.13,259.891,2590.3536,0,0,0,0,0,0,0,0,0,0,0,0,0,0,0,0,0,0,0,0,0,0,0,0,1,0,0,0,0,0,0,0,0,0,0,0,0,0,0,0,0,0,1
banana republic,Social | Conversion | CVR Social Meta DPA,2025-02-02,734.35,663.7599,3612.835,0,0,0,0,0,0,0,0,0,0,0,0,0,0,0,0,0,0,0,0,0,0,0,0,0,0,0,0,0,0,0,0,0,0,0,0,0,0,0,0,0,0,0
banana republic,Social | Conversion | CVR Social Meta DPA,2025-02-09,849.7,792.0989,4334.5175,0,0,0,0,0,0,0,0,0,0,0,0,0,0,0,0,0,0,0,0,0,0,0,0,0,0,0,0,0,0,0,0,0,0,0,0,0,0,0,0,0,0,0
banana republic,Social | Conversion | CVR Social Meta DPA,2025-02-16,1563.37,1193.2678,6536.3248,0,0,0,0,0,0,0,0,0,0,0,0,0,0,0,0,0,0,0,0,0,0,0,0,0,0,0,0,0,0,0,0,0,0,0,0,0,0,0,0,0,0,0
banana republic,Social | Conversion | CVR Social Meta DPA,2025-02-23,1366.87,1148.5571,6280.3167,0,0,0,0,0,0,0,0,0,0,0,0,0,0,0,0,0,0,0,0,0,0,0,0,0,0,0,0,0,0,0,0,0,0,0,0,0,0,0,0,0,0,0
banana republic,Social | Conversion | CVR Social Meta DPA,2025-03-02,1833.45,1358.9233,10011.9638,0,0,0,0,0,0,0,0,0,0,0,0,0,0,0,0,0,0,0,0,0,0,0,0,0,0,0,0,0,0,0,0,0,0,0,0,0,0,0,0,0,0,0
banana republic,Social | Conversion | CVR Social Meta DPA,2025-03-09,1672.28,1383.1831,10398.0325,0,0,0,0,0,0,0,0,0,0,0,0,0,0,0,0,0,0,0,0,0,0,0,0,0,0,0,0,0,0,0,0,0,0,0,0,0,0,0,0,0,0,0
banana republic,Social | Conversion | CVR Social Meta DPA,2025-03-16,2560.66,1906.1185,14345.6092,0,0,0,0,0,0,0,0,0,0,0,0,0,0,0,0,0,0,0,0,0,0,0,0,0,0,0,0,0,0,0,0,0,0,0,0,0,0,0,0,0,0,0
banana republic,Social | Conversion | CVR Social Meta DPA,2025-03-23,7892.98,4489.6739,33823.5912,0,2,0,0,0,0,0,0,0,0,0,0,0,0,0,0,0,0,0,0,0,0,0,0,0,0,0,0,0,0,0,0,0,0,0,0,0,0,2,0,0,0,0
banana republic,Social | Conversion | CVR Social Meta DPA,2025-03-30,1695.64,1757.5,13207.403,0,1,0,0,0,0,0,0,0,0,0,0,0,0,0,0,0,0,0,0,0,0,0,0,0,0,0,0,0,0,0,0,0,0,0,0,0,0,1,0,0,0,0
banana republic,Social | Conversion | CVR Social Meta DPA,2025-04-06,476.6,588.1664,4387.6388,0,0,0,0,0,0,0,0,0,0,0,0,0,0,0,0,0,0,0,0,0,0,0,0,0,0,0,0,0,0,0,0,0,0,0,0,0,0,0,0,0,0,0
banana republic,Social | Conversion | CVR Social Meta DPA,2025-04-13,472.27,495.0137,3709.3101,0,0,0,0,0,0,0,0,0,0,0,0,0,0,0,0,0,0,0,0,0,0,0,0,0,0,0,0,0,0,0,0,0,0,1,0,0,0,0,0,0,0,1
banana republic,Social | Conversion | CVR Social Meta DPA,2025-04-20,894.23,824.0104,6185.1856,0,0,0,0,0,0,0,0,0,0,0,0,0,0,0,0,0,0,0,0,0,0,0,0,0,0,0,0,0,0,0,0,0,0,1,0,0,0,0,0,0,0,1
banana republic,Social | Conversion | CVR Social Meta DPA,2025-04-27,842.88,817.535,6116.2016,0,0,0,0,0,0,0,0,0,0,0,0,0,0,0,0,0,0,0,0,0,0,0,0,0,0,0,0,0,0,0,0,0,0,0,0,0,0,0,0,0,0,0
banana republic,Social | Conversion | CVR Social Meta DPA,2025-05-04,888.18,821.1827,6159.9451,0,0,0,0,0,0,0,0,0,0,0,0,0,0,0,0,0,0,0,0,0,0,0,0,0,0,0,0,0,0,0,0,0,0,0,0,0,0,0,0,0,0,0
banana republic,Social | Conversion | CVR Social Meta DPA,2025-05-11,630.68,587.2355,4386.6723,0,0,0,0,0,0,0,0,0,0,0,0,0,0,0,0,0,0,0,0,0,0,0,0,0,0,0,0,0,0,0,0,0,0,0,0,0,0,0,0,0,0,0
banana republic,Social | Conversion | CVR Social Meta DPA,2025-05-18,872.58,887.0673,6666.6809,0,0,0,0,0,0,0,0,0,0,0,0,0,0,0,0,0,0,0,0,0,0,0,0,1,0,0,0,0,0,0,0,0,0,0,0,0,0,0,0,0,0,1
banana republic,Social | Conversion | CVR Social Meta DPA,2025-05-25,749.83,1017.5456,7650.9301,0,0,0,0,0,0,0,0,0,0,0,0,0,0,0,0,0,0,0,0,0,0,0,0,1,0,0,0,0,0,0,0,0,0,0,0,0,0,0,0,0,0,1
banana republic,Video | Awareness | AWE Digital Video Online: Disney,2025-08-31,178761.4667,119047.5015,0.0,0,0,0,0,0,0,0,0,0,0,0,0,0,0,0,0,0,0,0,0,0,0,0,0,0,0,0,0,0,0,0,0,0,0,0,1,0,1,0,0,0,0,0
banana republic,Video | Awareness | AWE Digital Video Online: Disney,2025-09-07,625665.1333,428583.8278,0.0,0,1,0,0,0,0,0,0,0,0,0,0,0,0,0,0,0,0,0,0,0,0,0,0,0,0,0,0,0,0,0,0,0,0,0,0,0,0,1,0,0,0,0
banana republic,Video | Awareness | AWE Digital Video Online: Disney,2025-09-14,536284.4004,399972.1758,0.0,0,2,0,0,0,0,0,0,0,0,0,0,0,0,0,0,0,0,0,0,0,0,0,0,0,0,0,0,0,0,0,0,0,0,0,0,0,0,2,0,0,0,0
banana republic,Video | Awareness | AWE Digital Video Online: Disney,2025-09-21,269230.7692,191749.3712,0.0,0,1,0,0,0,0,0,0,0,0,0,0,0,0,0,0,0,0,0,0,0,0,0,0,0,0,0,0,0,0,0,0,0,0,0,0,0,0,1,0,0,0,0
banana republic,Video | Awareness | AWE Digital Video Online: Disney,2025-09-28,603065.4124,245316.096,0.0,0,0,0,0,0,0,0,0,0,0,0,0,0,0,0,0,0,0,0,0,0,0,0,0,0,0,0,0,0,0,0,0,0,0,0,0,0,0,0,0,0,0,0
banana republic,Video | Awareness | AWE Digital Video Online: Disney,2025-10-05,130903.7316,105570.9796,0.0,0,0,0,0,0,0,0,0,0,0,0,0,0,0,0,0,0,0,0,0,0,0,0,0,0,0,0,0,0,0,0,0,0,0,0,0,0,0,0,0,0,0,0
banana republic,Video | Awareness | AWE Digital Video Online: Disney,2025-10-12,83736.3797,62396.7669,0.0,0,0,0,0,0,0,0,0,0,0,0,0,0,0,0,0,0,0,0,0,0,0,0,0,0,0,0,0,0,0,0,0,0,0,0,0,0,0,0,0,0,0,0
banana republic,Video | Awareness | AWE Digital Video Online: Disney,2025-10-19,26400.1325,29073.3866,0.0,0,0,0,0,0,0,0,0,0,0,0,0,0,0,0,0,0,0,0,0,0,0,0,0,0,0,0,0,0,0,0,0,0,0,0,0,0,0,0,0,0,0,0
banana republic,Video | Awareness | AWE Digital Video Online: Disney,2025-10-26,37.4824,4131.404,0.0,0,0,0,0,0,0,0,0,0,0,0,0,0,0,0,0,0,0,0,0,0,0,0,0,0,0,0,0,0,0,0,0,0,0,0,0,0,0,0,0,0,0,0
banana republic,Video | Awareness | AWE Digital Video Online: Disney,2025-11-02,123962.2585,82932.1221,0.0,0,0,0,0,0,0,0,0,0,0,0,0,0,0,2,0,0,0,0,0,0,0,0,0,0,0,0,0,0,0,0,0,0,0,0,0,0,0,2,0,0,0,0
banana republic,Video | Awareness | AWE Digital Video Online: Disney,2025-11-09,121114.5329,98400.6328,0.0,0,0,0,0,0,0,0,0,0,0,0,0,0,0,1,0,0,0,0,0,0,0,0,0,0,0,0,0,0,0,0,0,0,0,0,0,0,0,1,0,0,0,0
banana republic,Video | Awareness | AWE Digital Video Online: Disney,2025-11-16,106157.3094,96389.6602,0.0,0,0,0,0,0,0,0,0,0,0,0,0,0,0,0,0,0,0,0,0,0,0,0,0,0,0,0,0,0,0,0,0,0,0,0,0,0,0,0,0,0,0,0
banana republic,Video | Awareness | AWE Digital Video Online: Disney,2025-11-23,1646.0689,29992.0359,0.0,0,0,0,0,0,0,0,0,0,0,0,0,0,0,0,0,0,0,0,0,0,0,0,0,0,0,0,0,0,2,0,0,0,0,0,0,0,0,2,0,0,0,0
banana republic,Video | Awareness | AWE Digital Video Online: Disney,2026-02-22,136986.988,86263.3067,0.0,0,0,0,0,0,0,0,0,0,0,0,0,0,0,0,0,0,0,0,0,0,0,0,0,0,0,0,0,0,0,0,0,0,0,0,0,0,0,0,0,0,0,0
banana republic,Video | Awareness | AWE Digital Video Online: Non YT Shorts,2025-09-28,36878.1536,93425.3103,44833.7587,0,0,0,0,0,0,0,0,0,0,0,0,0,0,0,0,0,0,0,0,0,0,0,0,0,0,0,0,0,0,0,0,0,0,0,0,0,0,0,0,0,0,0
banana republic,Video | Awareness | AWE Digital Video Online: Non YT Shorts,2025-10-05,47379.6732,169636.5388,90371.1582,0,0,0,0,0,0,0,0,0,0,0,0,0,0,0,0,0,0,0,0,0,0,0,0,0,0,0,0,0,0,0,0,0,0,0,0,0,0,0,0,0,0,0
banana republic,Video | Awareness | AWE Digital Video Online: Non YT Shorts,2025-10-12,49602.373,213499.1022,125014.5913,0,0,0,0,0,0,0,0,0,0,0,0,0,0,0,0,0,0,0,0,0,0,0,0,0,0,0,0,0,0,0,0,0,0,0,0,0,0,0,0,0,0,0
banana republic,Video | Awareness | AWE Digital Video Online: Non YT Shorts,2025-10-19,52056.0133,241799.6236,152319.7681,0,0,0,0,0,0,0,0,0,0,0,0,0,0,0,0,0,0,0,0,0,0,0,0,0,0,0,0,0,0,0,0,0,0,0,0,0,0,0,0,0,0,0
banana republic,Video | Awareness | AWE Digital Video Online: Non YT Shorts,2025-10-26,16757.3637,164373.7554,127486.6967,0,0,0,0,0,0,0,0,0,0,0,0,0,0,0,0,0,0,0,0,0,0,0,0,0,0,0,0,0,0,0,0,0,0,0,0,0,0,0,0,0,0,0
banana republic,Video | Awareness | AWE Digital Video Online: Non YT Shorts,2025-11-02,107158.0,449518.7715,202155.1025,0,0,0,0,0,0,0,0,0,0,0,0,0,0,2,0,0,0,0,0,0,0,0,0,0,0,0,0,0,0,0,0,0,0,0,0,0,0,2,0,0,0,0
banana republic,Video | Awareness | AWE Digital Video Online: Non YT Shorts,2025-11-09,120954.0,639379.4585,268959.5933,0,0,0,0,0,0,0,0,0,0,0,0,0,0,1,0,0,0,0,0,0,0,0,0,0,0,0,0,0,0,0,0,0,0,0,0,0,0,1,0,0,0,0
banana republic,Video | Awareness | AWE Digital Video Online: Non YT Shorts,2025-11-16,120197.0,731546.2243,314924.645,0,0,0,0,0,0,0,0,0,0,0,0,0,0,0,0,0,0,0,0,0,0,0,0,0,0,0,0,0,0,0,0,0,0,0,0,0,0,0,0,0,0,0
banana republic,Video | Awareness | AWE Digital Video Online: Non YT Shorts,2025-11-23,9143.0,437320.6045,242414.7913,0,0,0,0,0,0,0,0,0,0,0,0,0,0,0,0,0,0,0,0,0,0,0,0,0,0,0,0,0,2,0,0,0,0,0,0,0,0,2,0,0,0,0
banana republic,Video | Awareness | AWE Digital Video Online: Non YT Shorts,2026-02-22,240402.0921,455205.9227,204226.1828,0,0,0,0,0,0,0,0,0,0,0,0,0,0,0,0,0,0,0,0,0,0,0,0,0,0,0,0,0,0,0,0,0,0,0,0,0,0,0,0,0,0,0
banana republic,Video | Awareness | AWE Digital Video Online: YT Shorts,2025-03-02,11812.3343,0.0,0.0,0,0,0,0,0,0,0,0,0,0,0,0,0,0,0,0,0,0,0,0,0,0,0,0,0,0,0,0,0,0,0,0,0,0,0,0,0,0,0,0,0,0,0
banana republic,Video | Awareness | AWE Digital Video Online: YT Shorts,2025-03-09,12042.8074,0.0,0.0,0,0,0,0,0,0,0,0,0,0,0,0,0,0,0,0,0,0,0,0,0,0,0,0,0,0,0,0,0,0,0,0,0,0,0,0,0,0,0,0,0,0,0
banana republic,Video | Awareness | AWE Digital Video Online: YT Shorts,2025-03-16,12099.6127,0.0,0.0,0,0,0,0,0,0,0,0,0,0,0,0,0,0,0,0,0,0,0,0,0,0,0,0,0,0,0,0,0,0,0,0,0,0,0,0,0,0,0,0,0,0,0
banana republic,Video | Awareness | AWE Digital Video Online: YT Shorts,2025-03-23,10508.3877,0.0,0.0,0,2,0,0,0,0,0,0,0,0,0,0,0,0,0,0,0,0,0,0,0,0,0,0,0,0,0,0,0,0,0,0,0,0,0,0,0,0,2,0,0,0,0
banana republic,Video | Awareness | AWE Digital Video Online: YT Shorts,2025-03-30,11950.0795,0.0,0.0,0,1,0,0,0,0,0,0,0,0,0,0,0,0,0,0,0,0,0,0,0,0,0,0,0,0,0,0,0,0,0,0,0,0,0,0,0,0,1,0,0,0,0
banana republic,Video | Awareness | AWE Digital Video Online: YT Shorts,2025-04-06,11900.9846,0.0,0.0,0,0,0,0,0,0,0,0,0,0,0,0,0,0,0,0,0,0,0,0,0,0,0,0,0,0,0,0,0,0,0,0,0,0,0,0,0,0,0,0,0,0,0
banana republic,Video | Awareness | AWE Digital Video Online: YT Shorts,2025-04-13,11889.1114,0.0,0.0,0,0,0,0,0,0,0,0,0,0,0,0,0,0,0,0,0,0,0,0,0,0,0,0,0,0,0,0,0,0,0,0,0,0,1,0,0,0,0,0,0,0,1
banana republic,Video | Awareness | AWE Digital Video Online: YT Shorts,2025-04-20,11882.8451,0.0,0.0,0,0,0,0,0,0,0,0,0,0,0,0,0,0,0,0,0,0,0,0,0,0,0,0,0,0,0,0,0,0,0,0,0,0,1,0,0,0,0,0,0,0,1
banana republic,Video | Awareness | AWE Digital Video Online: YT Shorts,2025-04-27,4835.8166,0.0,0.0,0,0,0,0,0,0,0,0,0,0,0,0,0,0,0,0,0,0,0,0,0,0,0,0,0,0,0,0,0,0,0,0,0,0,0,0,0,0,0,0,0,0,0
banana republic,Video | Consideration | CON Digital Video Online: Non-YT Shorts,2025-08-03,15674.7128,3627.0247,0.0,0,0,0,0,0,0,0,0,0,0,0,0,0,0,0,0,0,0,0,0,0,0,0,0,0,0,0,0,1,0,0,0,0,0,0,0,0,0,0,0,1,0,0
banana republic,Video | Consideration | CON Digital Video Online: Non-YT Shorts,2025-08-10,18620.0234,3964.7164,0.0,0,0,0,0,0,0,0,0,0,0,0,0,0,0,0,0,0,0,0,0,0,0,0,0,0,0,0,0,0,0,0,0,0,0,0,0,0,0,0,0,0,0,0
banana republic,Video | Consideration | CON Digital Video Online: Non-YT Shorts,2025-08-17,11022.3873,3045.7529,0.0,0,0,0,0,0,0,0,0,0,0,0,0,0,0,0,0,0,0,0,0,0,0,0,0,0,0,0,0,0,0,0,0,0,0,0,0,0,0,0,0,0,0,0
banana republic,Video | Consideration | CON Digital Video Online: Non-YT Shorts,2025-08-24,5913.776,3102.7837,0.0,0,0,0,0,0,0,0,0,0,0,0,0,0,0,0,0,0,0,0,0,0,0,0,0,0,0,0,0,0,0,0,0,0,0,0,1,0,1,0,0,0,0,0
banana republic,Video | Consideration | CON Digital Video Online: Non-YT Shorts,2025-08-31,13774.7441,20576.5133,7815.5418,0,0,0,0,0,0,0,0,0,0,0,0,0,0,0,0,0,0,0,0,0,0,0,0,0,0,0,0,0,0,0,0,0,0,0,1,0,1,0,0,0,0,0
banana republic,Video | Consideration | CON Digital Video Online: Non-YT Shorts,2025-09-07,12790.4428,29190.6703,13252.2462,0,1,0,0,0,0,0,0,0,0,0,0,0,0,0,0,0,0,0,0,0,0,0,0,0,0,0,0,0,0,0,0,0,0,0,0,0,0,1,0,0,0,0
banana republic,Video | Consideration | CON Digital Video Online: Non-YT Shorts,2025-09-14,29075.4171,58609.9133,27054.0241,0,2,0,0,0,0,0,0,0,0,0,0,0,0,0,0,0,0,0,0,0,0,0,0,0,0,0,0,0,0,0,0,0,0,0,0,0,0,2,0,0,0,0
banana republic,Video | Consideration | CON Digital Video Online: Non-YT Shorts,2025-09-21,42805.0181,105323.5714,49687.1652,0,1,0,0,0,0,0,0,0,0,0,0,0,0,0,0,0,0,0,0,0,0,0,0,0,0,0,0,0,0,0,0,0,0,0,0,0,0,1,0,0,0,0
banana republic,Video | Consideration | CON Digital Video Online: Non-YT Shorts,2025-09-28,26461.6889,102782.2879,55611.5285,0,0,0,0,0,0,0,0,0,0,0,0,0,0,0,0,0,0,0,0,0,0,0,0,0,0,0,0,0,0,0,0,0,0,0,0,0,0,0,0,0,0,0
banana republic,Video | Consideration | CON Digital Video Online: Non-YT Shorts,2025-10-05,35787.861,139446.0894,74725.7584,0,0,0,0,0,0,0,0,0,0,0,0,0,0,0,0,0,0,0,0,0,0,0,0,0,0,0,0,0,0,0,0,0,0,0,0,0,0,0,0,0,0,0
banana republic,Video | Consideration | CON Digital Video Online: Non-YT Shorts,2025-10-12,58341.4805,209400.632,108969.0724,0,0,0,0,0,0,0,0,0,0,0,0,0,0,0,0,0,0,0,0,0,0,0,0,0,0,0,0,0,0,0,0,0,0,0,0,0,0,0,0,0,0,0
banana republic,Video | Consideration | CON Digital Video Online: Non-YT Shorts,2025-10-19,50557.5886,196827.0832,114618.3434,0,0,0,0,0,0,0,0,0,0,0,0,0,0,0,0,0,0,0,0,0,0,0,0,0,0,0,0,0,0,0,0,0,0,0,0,0,0,0,0,0,0,0
banana republic,Video | Consideration | CON Digital Video Online: Non-YT Shorts,2025-10-26,8285.5116,115083.5812,88292.2931,0,0,0,0,0,0,0,0,0,0,0,0,0,0,0,0,0,0,0,0,0,0,0,0,0,0,0,0,0,0,0,0,0,0,0,0,0,0,0,0,0,0,0
banana republic,Video | Consideration | CON Digital Video Online: Non-YT Shorts,2025-11-02,124869.1735,209750.8445,100231.8771,0,0,0,0,0,0,0,0,0,0,0,0,0,0,2,0,0,0,0,0,0,0,0,0,0,0,0,0,0,0,0,0,0,0,0,0,0,0,2,0,0,0,0
banana republic,Video | Consideration | CON Digital Video Online: Non-YT Shorts,2025-11-09,105005.7718,238694.3407,104625.6533,0,0,0,0,0,0,0,0,0,0,0,0,0,0,1,0,0,0,0,0,0,0,0,0,0,0,0,0,0,0,0,0,0,0,0,0,0,0,1,0,0,0,0
banana republic,Video | Consideration | CON Digital Video Online: Non-YT Shorts,2025-11-16,120050.0248,255160.2882,108310.3178,0,0,0,0,0,0,0,0,0,0,0,0,0,0,0,0,0,0,0,0,0,0,0,0,0,0,0,0,0,0,0,0,0,0,0,0,0,0,0,0,0,0,0
banana republic,Video | Consideration | CON Digital Video Online: Non-YT Shorts,2025-11-23,2491.9773,138964.8911,79816.2194,0,0,0,0,0,0,0,0,0,0,0,0,0,0,0,0,0,0,0,0,0,0,0,0,0,0,0,0,0,2,0,0,0,0,0,0,0,0,2,0,0,0,0
banana republic,Video | Consideration | CON Digital Video Online: Non-YT Shorts,2026-02-01,79901.45,118710.3391,48444.8825,0,0,0,0,0,0,0,0,0,0,0,0,0,0,0,0,0,0,0,0,0,0,0,0,0,0,0,0,0,0,0,0,0,0,0,0,0,0,0,0,0,0,0
banana republic,Video | Consideration | CON Digital Video Online: Non-YT Shorts,2026-02-08,70492.6,173997.6414,78912.4496,0,0,0,0,0,0,0,0,0,0,0,0,0,0,0,0,0,0,0,0,0,0,0,0,0,0,0,0,0,0,0,0,0,0,0,0,0,0,0,0,0,0,0
banana republic,Video | Consideration | CON Digital Video Online: Non-YT Shorts,2026-02-15,81327.09,214958.5498,105528.6385,0,0,0,0,0,0,0,0,0,0,0,0,0,0,0,0,0,0,0,0,0,0,0,0,0,0,0,0,0,0,0,0,0,0,0,0,0,0,0,0,0,0,0
banana republic,Video | Consideration | CON Digital Video Online: Non-YT Shorts,2026-02-22,135038.83,235483.7638,124236.2648,0,0,0,0,0,0,0,0,0,0,0,0,0,0,0,0,0,0,0,0,0,0,0,0,0,0,0,0,0,0,0,0,0,0,0,0,0,0,0,0,0,0,0
banana republic,Video | Consideration | CON Digital Video Online: YT Shorts,2025-03-30,15369.8669,0.0,0.0,0,1,0,0,0,0,0,0,0,0,0,0,0,0,0,0,0,0,0,0,0,0,0,0,0,0,0,0,0,0,0,0,0,0,0,0,0,0,1,0,0,0,0
banana republic,Video | Consideration | CON Digital Video Online: YT Shorts,2025-04-06,18604.311,0.0,0.0,0,0,0,0,0,0,0,0,0,0,0,0,0,0,0,0,0,0,0,0,0,0,0,0,0,0,0,0,0,0,0,0,0,0,0,0,0,0,0,0,0,0,0
banana republic,Video | Consideration | CON Digital Video Online: YT Shorts,2025-04-13,9247.0197,0.0,0.0,0,0,0,0,0,0,0,0,0,0,0,0,0,0,0,0,0,0,0,0,0,0,0,0,0,0,0,0,0,0,0,0,0,0,1,0,0,0,0,0,0,0,1
banana republic,Video | Consideration | CON Digital Video Online: YT Shorts,2025-04-20,1888.3104,0.0,0.0,0,0,0,0,0,0,0,0,0,0,0,0,0,0,0,0,0,0,0,0,0,0,0,0,0,0,0,0,0,0,0,0,0,0,1,0,0,0,0,0,0,0,1
banana republic,Video | Consideration | CON Digital Video Online: YT Shorts,2025-04-27,535.7118,0.0,0.0,0,0,0,0,0,0,0,0,0,0,0,0,0,0,0,0,0,0,0,0,0,0,0,0,0,0,0,0,0,0,0,0,0,0,0,0,0,0,0,0,0,0,0
banana republic,Video | Consideration | CON Digital Video Online: YT Shorts,2025-05-11,20501.8,0.0,0.0,0,0,0,0,0,0,0,0,0,0,0,0,0,0,0,0,0,0,0,0,0,0,0,0,0,0,0,0,0,0,0,0,0,0,0,0,0,0,0,0,0,0,0
banana republic,Video | Consideration | CON Digital Video Online: YT Shorts,2025-05-18,49681.4,0.0,0.0,0,0,0,0,0,0,0,0,0,0,0,0,0,0,0,0,0,0,0,0,0,0,0,0,1,0,0,0,0,0,0,0,0,0,0,0,0,0,0,0,0,0,1
banana republic,Video | Consideration | CON Digital Video Online: YT Shorts,2025-05-25,42399.1,0.0,0.0,0,0,0,0,0,0,0,0,0,0,0,0,0,0,0,0,0,0,0,0,0,0,0,0,1,0,0,0,0,0,0,0,0,0,0,0,0,0,0,0,0,0,1
banana republic,Video | Consideration | CON Digital Video Online: YT Shorts,2025-06-01,7150.9598,0.0,0.0,0,0,0,0,0,0,0,0,0,0,0,0,0,0,0,0,0,0,0,0,0,0,0,0,0,0,0,0,0,0,0,0,0,0,0,0,0,0,0,0,0,0,0
banana republic,Video | Consideration | CON Digital Video Online: YT Shorts,2025-06-08,8359.9475,0.0,0.0,0,0,0,0,0,0,0,0,0,0,0,0,0,0,0,0,0,0,0,0,0,0,0,0,0,0,0,0,0,0,0,0,0,0,0,0,0,0,0,0,0,0,0
banana republic,Video | Consideration | CON Digital Video Online: YT Shorts,2025-06-15,8103.4856,0.0,0.0,0,0,0,0,0,0,0,0,0,0,0,0,0,0,0,0,0,0,0,0,0,0,0,0,0,0,0,0,0,0,0,0,0,0,0,0,0,0,0,0,0,0,0
banana republic,Video | Consideration | CON Digital Video Online: YT Shorts,2025-06-22,8371.8561,0.0,0.0,0,0,0,0,0,0,0,0,0,0,0,0,0,0,0,0,0,0,0,0,0,0,0,0,0,1,0,0,0,0,0,0,0,0,0,0,0,0,0,0,1,0,0
banana republic,Video | Consideration | CON Digital Video Online: YT Shorts,2025-06-29,6663.9373,0.0,0.0,0,0,0,0,0,0,0,0,0,0,0,0,0,0,0,0,0,0,0,0,0,0,0,0,0,1,2,0,0,0,0,0,0,0,0,0,0,0,0,0,2,0,0
banana republic,Video | Consideration | CON Digital Video Online: YT Shorts,2025-07-06,5522.2665,0.0,0.0,0,0,0,0,0,0,0,0,0,0,0,0,0,0,0,0,0,0,0,0,0,0,0,0,0,0,2,1,0,0,0,0,0,0,0,0,0,0,0,0,2,0,0
banana republic,Video | Consideration | CON Digital Video Online: YT Shorts,2025-07-13,8352.1839,0.0,0.0,0,0,0,0,0,0,0,0,0,0,0,0,0,0,0,0,0,0,0,0,0,0,0,0,0,0,0,2,0,0,0,0,0,0,0,0,0,0,0,0,2,0,0
banana republic,Video | Consideration | CON Digital Video Online: YT Shorts,2025-07-20,5822.1151,0.0,0.0,0,0,0,0,0,0,0,0,0,0,0,0,0,0,0,0,0,0,0,0,0,0,0,0,0,0,0,1,2,0,0,0,0,0,0,0,0,0,0,0,2,0,0
banana republic,Video | Consideration | CON Digital Video Online: YT Shorts,2025-07-27,4.9519,0.0,0.0,0,0,0,0,0,0,0,0,0,0,0,0,0,0,0,0,0,0,0,0,0,0,0,0,0,0,0,0,2,0,0,0,0,0,0,0,0,0,0,0,2,0,0
banana republic canada,Social | Awareness | AWE Social META Influencer,2025-04-13,429.97,9661.1472,379.2461,0,0,0,0,0,0,0,0,0,0,0,0,0,0,0,0,0,0,0,0,0,0,0,0,0,0,0,0,0,0,0,0,0,0,1,0,0,0,0,0,0,0,1
banana republic canada,Social | Awareness | AWE Social META Influencer,2025-04-20,641.84,15606.4549,762.7547,0,0,0,0,0,0,0,0,0,0,0,0,0,0,0,0,0,0,0,0,0,0,0,0,0,0,0,0,0,0,0,0,0,0,1,0,0,0,0,0,0,0,1
banana republic canada,Social | Awareness | AWE Social META Influencer,2025-04-27,486.1,12580.0276,812.4406,0,0,0,0,0,0,0,0,0,0,0,0,0,0,0,0,0,0,0,0,0,0,0,0,0,0,0,0,0,0,0,0,0,0,0,0,0,0,0,0,0,0,0
banana republic canada,Social | Awareness | AWE Social META Influencer,2025-05-25,334.96,7390.9129,338.9101,0,0,0,0,0,0,0,0,0,0,0,0,0,0,0,0,0,0,0,0,0,0,0,0,0,0,0,0,0,0,0,0,0,0,0,0,0,0,0,0,0,0,0
banana republic canada,Social | Awareness | AWE Social META Influencer,2025-06-01,671.35,17138.3984,803.9549,0,0,0,0,0,0,0,0,0,0,0,0,0,0,0,0,0,0,0,0,0,0,0,0,0,0,0,0,0,0,0,0,0,0,0,0,0,0,0,0,0,0,0
banana republic canada,Social | Awareness | AWE Social META Influencer,2025-06-08,444.96,12003.2555,798.7763,0,0,0,0,0,0,0,0,0,0,0,0,0,0,0,0,0,0,0,0,0,0,0,0,0,0,0,0,0,0,0,0,0,0,0,0,0,0,0,0,0,0,0
banana republic canada,Social | Awareness | AWE Social META Influencer,2025-06-15,507.54,12882.9013,849.7946,0,0,0,0,0,0,0,0,0,0,0,0,0,0,0,0,0,0,0,0,0,0,0,0,0,0,0,0,0,0,0,0,0,0,0,0,0,0,0,0,0,0,0
banana republic canada,Social | Awareness | AWE Social META Influencer,2025-06-22,622.19,15309.3766,968.8019,0,0,0,0,0,0,0,0,0,0,0,0,0,0,0,0,0,0,0,0,0,0,0,0,0,1,0,0,0,0,0,0,0,0,0,0,0,0,0,0,1,0,0
banana republic canada,Social | Awareness | AWE Social META Influencer,2025-06-29,626.33,16619.218,1064.5657,0,0,0,0,0,0,0,0,0,0,0,0,0,0,0,0,0,0,0,0,0,0,0,0,0,1,2,0,0,0,0,0,0,0,0,0,0,0,0,0,2,0,0
banana republic canada,Social | Awareness | AWE Social META Influencer,2025-07-06,465.86,13315.7334,982.5738,0,0,0,0,0,0,0,0,0,0,0,0,0,0,0,0,0,0,0,0,0,0,0,0,0,0,2,1,0,0,0,0,0,0,0,0,0,0,0,0,2,0,0
banana republic canada,Social | Awareness | AWE Social META Influencer,2025-07-13,1157.17,30293.2511,1613.6603,0,0,0,0,0,0,0,0,0,0,0,0,0,0,0,0,0,0,0,0,0,0,0,0,0,0,0,2,0,0,0,0,0,0,0,0,0,0,0,0,2,0,0
banana republic canada,Social | Awareness | AWE Social META Influencer,2025-07-20,2298.18,59777.9589,2996.6575,0,0,0,0,0,0,0,0,0,0,0,0,0,0,0,0,0,0,0,0,0,0,0,0,0,0,0,1,2,0,0,0,0,0,0,0,0,0,0,0,2,0,0
banana republic canada,Social | Awareness | AWE Social META Influencer,2025-07-27,620.1,20986.6048,2085.3719,0,0,0,0,0,0,0,0,0,0,0,0,0,0,0,0,0,0,0,0,0,0,0,0,0,0,0,0,2,0,0,0,0,0,0,0,0,0,0,0,2,0,0
banana republic canada,Social | Awareness | AWE Social META Influencer,2025-08-24,15.45,476.1509,149.685,0,0,0,0,0,0,0,0,0,0,0,0,0,0,0,0,0,0,0,0,0,0,0,0,0,0,0,0,0,0,0,0,0,0,0,1,0,1,0,0,0,0,0
banana republic canada,Social | Awareness | AWE Social META Influencer,2025-08-31,7.66,272.3569,83.9618,0,0,0,0,0,0,0,0,0,0,0,0,0,0,0,0,0,0,0,0,0,0,0,0,0,0,0,0,0,0,0,0,0,0,0,1,0,1,0,0,0,0,0
banana republic canada,Social | Awareness | AWE Social META Influencer,2025-09-07,3059.48,76269.9747,3154.1003,0,1,0,0,0,0,0,0,0,0,0,0,0,0,0,0,0,0,0,0,0,0,0,0,0,0,0,0,0,0,0,0,0,0,0,0,0,0,1,0,0,0,0
banana republic canada,Social | Awareness | AWE Social META Influencer,2025-09-14,1000.14,31350.1259,2539.4668,0,2,0,0,0,0,0,0,0,0,0,0,0,0,0,0,0,0,0,0,0,0,0,0,0,0,0,0,0,0,0,0,0,0,0,0,0,0,2,0,0,0,0
banana republic canada,Social | Awareness | AWE Social META Influencer,2025-09-21,115.59,6238.4514,1397.9052,0,1,0,0,0,0,0,0,0,0,0,0,0,0,0,0,0,0,0,0,0,0,0,0,0,0,0,0,0,0,0,0,0,0,0,0,0,0,1,0,0,0,0
banana republic canada,Social | Awareness | AWE Social META Influencer,2025-09-28,66.74,2654.9648,782.6248,0,0,0,0,0,0,0,0,0,0,0,0,0,0,0,0,0,0,0,0,0,0,0,0,0,0,0,0,0,0,0,0,0,0,0,0,0,0,0,0,0,0,0
banana republic canada,Social | Awareness | AWE Social META Influencer,2025-10-26,108.13,3104.3623,176.7533,0,0,0,0,0,0,0,0,0,0,0,0,0,0,0,0,0,0,0,0,0,0,0,0,0,0,0,0,0,0,0,0,0,0,0,0,0,0,0,0,0,0,0
banana republic canada,Social | Awareness | AWE Social META Influencer,2025-11-02,118.46,3209.5557,208.9147,0,0,0,0,0,0,0,0,0,0,0,0,0,0,2,0,0,0,0,0,0,0,0,0,0,0,0,0,0,0,0,0,0,0,0,0,0,0,2,0,0,0,0
banana republic canada,Social | Awareness | AWE Social META Influencer,2025-11-16,28.68,719.1046,80.7076,0,0,0,0,0,0,0,0,0,0,0,0,0,0,0,0,0,0,0,0,0,0,0,0,0,0,0,0,0,0,0,0,0,0,0,0,0,0,0,0,0,0,0
banana republic canada,Social | Awareness | AWE Social META Influencer,2025-11-23,3209.19,52293.6479,2205.3339,0,0,0,0,0,0,0,0,0,0,0,0,0,0,0,0,0,0,0,0,0,0,0,0,0,0,0,0,0,2,0,0,0,0,0,0,0,0,2,0,0,0,0
banana republic canada,Social | Awareness | AWE Social META Influencer,2025-11-30,166.81,8801.1855,1247.7145,0,0,0,0,0,0,0,0,0,0,0,0,0,0,0,0,0,2,0,0,0,0,0,0,0,0,0,0,0,0,0,0,0,0,0,0,0,0,2,0,0,0,0
banana republic canada,Social | Awareness | AWE Social Meta,2024-02-04,3090.0691,76514.7358,8601.2946,0,0,0,0,0,0,0,0,0,0,0,0,0,0,0,0,0,0,0,0,0,0,0,0,0,0,0,0,0,0,0,0,0,0,0,0,0,0,0,0,0,0,0
banana republic canada,Social | Awareness | AWE Social Meta,2024-02-11,3151.6103,81365.9065,7965.082,0,0,0,0,0,0,0,0,0,0,0,0,0,0,0,0,0,0,0,0,0,0,0,0,0,0,0,0,0,0,0,0,0,0,0,0,0,0,0,0,0,0,0
banana republic canada,Social | Awareness | AWE Social Meta,2024-02-18,3762.1724,93494.827,8219.2701,0,0,0,0,0,0,0,0,0,0,0,0,0,0,0,0,0,0,0,0,0,0,0,0,0,0,0,0,0,0,0,0,0,0,0,0,0,0,0,0,0,0,0
banana republic canada,Social | Awareness | AWE Social Meta,2024-02-25,3881.62,92859.3157,8271.9547,0,0,0,0,0,0,0,0,0,0,0,0,0,0,0,0,0,0,0,0,0,0,0,0,0,0,0,0,0,0,0,0,0,0,0,0,0,0,0,0,0,0,0
banana republic canada,Social | Awareness | AWE Social Meta,2024-03-03,33744.3029,417912.6062,24336.9908,0,1,0,0,0,0,0,0,0,0,0,0,0,0,0,0,0,0,0,0,0,0,0,0,0,0,0,0,0,0,0,0,0,0,0,0,0,0,1,0,0,0,0
banana republic canada,Social | Awareness | AWE Social Meta,2024-03-10,28164.647,331418.5031,26477.9808,0,2,0,0,0,0,0,0,0,0,0,0,0,0,0,0,0,0,0,0,0,0,0,0,0,0,0,0,0,0,0,0,0,0,0,0,0,0,2,0,0,0,0
banana republic canada,Social | Awareness | AWE Social Meta,2024-03-17,7220.4146,150222.6485,19064.726,0,0,0,0,0,0,0,0,0,0,0,0,0,0,0,0,0,0,0,0,0,0,0,0,0,0,0,0,0,0,0,0,0,0,0,0,0,0,0,0,0,0,0
banana republic canada,Social | Awareness | AWE Social Meta,2024-03-24,7176.3093,131782.9531,15337.387,0,0,0,0,0,0,0,0,0,0,0,0,0,0,0,0,0,0,0,0,0,0,0,0,0,0,0,0,0,0,0,0,0,0,0,0,0,0,0,0,0,0,0
banana republic canada,Social | Awareness | AWE Social Meta,2024-03-31,7095.5202,143672.4138,14139.248,0,0,0,0,0,0,0,0,0,0,0,0,0,0,0,0,0,0,0,0,0,0,0,0,0,0,0,0,0,0,0,0,0,0,0,0,0,0,0,0,0,0,0
banana republic canada,Social | Awareness | AWE Social Meta,2024-04-07,12839.1847,230111.0775,17940.0718,0,0,0,0,0,0,0,0,0,0,0,0,0,0,0,0,0,0,0,0,0,0,0,0,0,0,0,0,0,0,0,0,0,0,0,0,0,0,0,0,0,0,0
banana republic canada,Social | Awareness | AWE Social Meta,2024-04-14,9755.6364,171500.7385,16500.1626,0,0,0,0,0,0,0,0,0,0,0,0,0,0,0,0,0,0,0,0,0,0,0,0,0,0,0,0,0,0,0,0,0,0,0,0,0,0,0,0,0,0,0
banana republic canada,Social | Awareness | AWE Social Meta,2024-04-21,12825.8935,207385.1014,17823.1015,0,0,0,0,0,0,0,0,0,0,0,0,0,0,0,0,0,0,0,0,0,0,0,0,0,0,0,0,0,0,0,0,0,0,0,0,0,0,0,0,0,0,0
banana republic canada,Social | Awareness | AWE Social Meta,2024-04-28,8780.0153,165538.4347,16217.2467,0,0,0,0,0,0,0,0,0,0,0,0,0,0,0,0,0,0,0,0,0,0,0,0,0,0,0,0,0,0,0,0,0,0,0,0,0,0,0,0,0,0,0
banana republic canada,Social | Awareness | AWE Social Meta,2024-05-05,9485.1459,170851.8798,15875.3264,0,0,0,0,0,0,0,0,0,0,0,0,0,0,0,0,0,0,0,0,0,0,0,0,0,0,0,0,0,0,0,0,0,0,0,0,0,0,0,0,0,0,0
banana republic canada,Social | Awareness | AWE Social Meta,2024-05-12,20003.7761,290248.2209,21633.0765,0,0,0,0,0,0,0,0,0,0,0,0,0,0,0,0,0,0,0,0,0,0,0,1,0,0,0,0,0,0,0,0,0,0,0,0,0,0,0,0,0,1,0
banana republic canada,Social | Awareness | AWE Social Meta,2024-05-19,14042.504,228427.9535,20830.6719,0,0,0,0,0,0,0,0,0,0,0,0,0,0,0,0,0,0,0,0,0,0,0,1,1,0,0,0,0,0,0,0,0,0,0,0,0,0,0,0,0,1,0
banana republic canada,Social | Awareness | AWE Social Meta,2024-05-26,9446.9756,171126.2545,17865.0365,0,0,0,0,0,0,0,0,0,0,0,0,0,0,0,0,0,0,0,0,0,0,0,0,1,0,0,0,0,0,0,0,0,0,0,0,0,0,0,0,0,1,0
banana republic canada,Social | Awareness | AWE Social Meta,2024-06-02,10947.1183,191034.1962,17696.2382,0,0,0,0,0,0,0,0,0,0,0,0,0,0,0,0,0,0,0,0,0,0,0,0,0,0,0,0,0,0,0,0,0,0,0,0,0,0,0,0,0,0,0
banana republic canada,Social | Awareness | AWE Social Meta,2024-06-09,10780.8855,183187.8201,17143.2866,0,0,0,0,0,0,0,0,0,0,0,0,0,0,0,0,0,0,0,0,0,0,0,0,0,0,0,0,0,0,0,0,0,0,0,0,0,0,0,0,0,0,0
banana republic canada,Social | Awareness | AWE Social Meta,2024-06-16,9797.7344,167990.6456,16119.2097,0,0,0,0,0,0,0,0,0,0,0,0,0,0,0,0,0,0,0,0,0,0,0,0,0,0,0,0,0,0,0,0,0,0,0,0,0,0,0,0,0,0,0
banana republic canada,Social | Awareness | AWE Social Meta,2024-06-23,10551.3212,175785.9271,16055.7957,0,0,0,0,0,0,0,0,0,0,0,0,0,0,0,0,0,0,0,0,0,0,0,0,0,1,0,0,0,0,0,0,0,0,0,0,0,1,0,0,0,0,0
banana republic canada,Social | Awareness | AWE Social Meta,2024-06-30,12431.3766,217957.592,18110.9687,0,0,0,0,0,0,0,0,0,0,0,0,0,0,0,0,0,0,0,0,0,0,0,0,0,2,1,0,0,0,0,0,0,0,0,0,0,2,0,0,0,0,0
banana republic canada,Social | Awareness | AWE Social Meta,2024-07-07,10672.5048,192290.9448,17648.1113,0,0,0,0,0,0,0,0,0,0,0,0,0,0,0,0,0,0,0,0,0,0,0,0,0,0,2,1,0,0,0,0,0,0,0,0,0,2,0,0,1,0,0
banana republic canada,Social | Awareness | AWE Social Meta,2024-07-14,10124.6449,175997.7942,16716.7589,0,0,0,0,0,0,0,0,0,0,0,0,0,0,0,0,0,0,0,0,0,0,0,0,0,0,0,2,0,0,0,0,0,0,0,0,0,0,0,0,2,0,0
banana republic canada,Social | Awareness | AWE Social Meta,2024-07-21,9979.6347,173012.356,16241.1869,0,0,0,0,0,0,0,0,0,0,0,0,0,0,0,0,0,0,0,0,0,0,0,0,0,0,0,1,2,0,0,0,0,0,0,0,0,0,0,0,2,0,0
banana republic canada,Social | Awareness | AWE Social Meta,2024-07-28,7542.5072,148277.2879,14786.7906,0,0,0,0,0,0,0,0,0,0,0,0,0,0,0,0,0,0,0,0,0,0,0,0,0,0,0,0,2,0,0,0,0,0,0,0,0,0,0,0,2,0,0
banana republic canada,Social | Awareness | AWE Social Meta,2024-08-04,9642.58,231821.6282,15832.9323,0,0,0,0,0,0,0,0,0,0,0,0,0,0,0,0,0,0,0,0,0,0,0,0,0,0,0,0,1,0,0,0,0,0,0,0,0,0,0,0,1,0,0
banana republic canada,Social | Awareness | AWE Social Meta,2024-08-11,8692.17,203817.4506,14924.1912,0,0,0,0,0,0,0,0,0,0,0,0,0,0,0,0,0,0,0,0,0,0,0,0,0,0,0,0,0,0,0,0,0,0,0,0,0,0,0,0,0,0,0
banana republic canada,Social | Awareness | AWE Social Meta,2024-08-18,9083.39,200883.018,14390.7636,0,0,0,0,0,0,0,0,0,0,0,0,0,0,0,0,0,0,0,0,0,0,0,0,0,0,0,0,0,0,0,0,0,0,0,0,0,0,0,0,0,0,0
banana republic canada,Social | Awareness | AWE Social Meta,2024-08-25,11125.03,226944.3214,15060.8343,0,0,0,0,0,0,0,0,0,0,0,0,0,0,0,0,0,0,0,0,0,0,0,0,0,0,0,0,0,0,0,0,0,0,0,0,0,0,0,0,0,0,0
banana republic canada,Social | Awareness | AWE Social Meta,2024-09-01,8463.5719,186505.3538,13806.2224,0,0,0,0,0,0,0,0,0,0,0,0,0,0,0,0,0,0,0,0,0,0,0,0,0,0,0,0,0,0,0,0,0,0,0,0,0,0,0,0,0,0,0
banana republic canada,Social | Awareness | AWE Social Meta,2024-09-08,10889.09,214870.3685,14442.7602,0,0,0,0,0,0,0,0,0,0,0,0,0,0,0,0,0,0,0,0,0,0,0,0,0,0,0,0,0,0,0,0,0,0,0,0,0,0,0,0,0,0,0
banana republic canada,Social | Awareness | AWE Social Meta,2024-09-15,28748.05,427648.3918,22811.1065,0,2,0,0,0,0,0,0,0,0,0,0,0,0,0,0,0,0,0,0,0,0,0,0,0,0,0,0,0,0,0,0,0,0,0,0,0,0,2,0,0,0,0
banana republic canada,Social | Awareness | AWE Social Meta,2024-09-22,16018.66,285794.6338,20652.3719,0,2,0,0,0,0,0,0,0,0,0,0,0,0,0,0,0,0,0,0,0,0,0,0,0,0,0,0,0,0,0,0,0,0,0,0,0,0,2,0,0,0,0
banana republic canada,Social | Awareness | AWE Social Meta,2024-09-29,3064.45,95227.5521,12874.8617,0,1,0,0,0,0,0,0,0,0,0,0,0,0,0,0,0,0,0,0,0,0,0,0,0,0,0,0,0,0,0,0,0,0,0,0,0,0,1,0,0,0,0
banana republic canada,Social | Awareness | AWE Social Meta,2024-10-06,10382.76,200975.4922,13851.6413,0,0,0,0,0,0,0,0,0,0,0,0,0,0,0,0,0,0,0,0,0,0,0,0,0,0,0,0,0,0,0,0,0,0,0,0,0,0,0,0,0,0,0
banana republic canada,Social | Awareness | AWE Social Meta,2024-10-13,10527.45,202066.4709,14025.1363,0,0,0,0,0,0,0,0,0,0,0,0,0,0,0,0,0,0,0,0,0,0,0,0,0,0,0,0,0,0,0,0,0,0,0,0,0,0,0,0,0,0,0
banana republic canada,Social | Awareness | AWE Social Meta,2024-10-20,8736.47,180524.3321,13289.4638,0,0,0,0,0,0,0,0,0,0,0,0,0,0,0,0,0,0,0,0,0,0,0,0,0,0,0,0,0,0,0,0,0,0,0,0,0,0,0,0,0,0,0
banana republic canada,Social | Awareness | AWE Social Meta,2024-10-27,13473.86,246754.0342,15640.9911,0,0,0,0,0,0,0,0,0,0,0,0,0,0,1,0,0,0,0,0,0,0,0,0,0,0,0,0,0,0,0,0,0,0,0,0,0,0,1,0,0,0,0
banana republic canada,Social | Awareness | AWE Social Meta,2024-11-03,35561.39,512205.7559,26972.8312,0,0,0,0,0,0,0,0,0,0,0,0,0,0,2,0,0,0,0,0,0,0,0,0,0,0,0,0,0,0,0,0,0,0,0,0,0,0,2,0,0,0,0
banana republic canada,Social | Awareness | AWE Social Meta,2024-11-10,13984.16,269207.6811,22136.1372,0,0,0,0,0,0,0,0,0,0,0,0,0,0,1,0,0,0,0,0,0,0,0,0,0,0,0,0,0,0,0,0,0,0,0,0,0,0,1,0,0,0,0
banana republic canada,Social | Awareness | AWE Social Meta,2024-11-17,24218.4,375918.3819,24873.3143,0,0,0,0,0,0,0,0,0,0,0,0,0,0,0,0,0,0,0,0,0,0,0,0,0,0,0,0,0,0,0,0,0,0,0,0,0,0,0,0,0,0,0
banana republic canada,Social | Awareness | AWE Social Meta,2024-11-24,64911.56,735971.0448,40139.504,0,0,0,0,0,0,0,0,0,0,0,0,0,0,0,0,0,0,0,0,0,0,0,0,0,0,0,0,0,2,0,0,0,0,0,0,0,0,2,0,0,0,0
banana republic canada,Social | Awareness | AWE Social Meta,2024-12-01,28797.1,396043.9794,32909.3761,0,0,0,0,0,0,0,0,0,0,0,0,0,0,0,0,0,2,0,0,0,0,0,0,0,0,0,0,0,0,0,0,0,0,0,0,0,0,2,0,0,0,0
banana republic canada,Social | Awareness | AWE Social Meta,2024-12-08,15982.32,312692.3718,27399.1943,0,0,0,0,0,0,0,0,0,0,0,0,0,0,0,0,0,0,0,0,0,0,0,0,0,0,0,0,0,0,1,0,0,0,0,0,0,0,1,0,0,0,0
banana republic canada,Social | Awareness | AWE Social Meta,2024-12-15,12844.97,259324.0949,22948.1765,0,0,0,0,0,0,0,0,0,0,0,0,0,0,0,0,0,0,0,0,0,0,0,0,0,0,0,0,0,0,1,0,0,0,0,0,0,0,1,0,0,0,0
banana republic canada,Social | Awareness | AWE Social Meta,2024-12-22,13060.12,288417.2764,22166.0355,0,0,0,0,0,0,0,0,0,0,0,0,0,0,0,0,0,0,0,0,0,0,0,0,0,0,0,0,0,0,0,1,0,0,0,0,0,0,0,0,1,0,0
banana republic canada,Social | Awareness | AWE Social Meta,2024-12-29,8392.78,274410.7197,21096.8492,0,0,0,0,0,0,0,0,0,0,0,0,0,0,0,0,0,0,0,0,0,0,0,0,0,0,0,0,0,0,0,2,1,0,0,0,0,0,0,0,2,0,0
banana republic canada,Social | Awareness | AWE Social Meta,2025-02-02,8385.35,203692.3824,8928.9157,0,0,0,0,0,0,0,0,0,0,0,0,0,0,0,0,0,0,0,0,0,0,0,0,0,0,0,0,0,0,0,0,0,0,0,0,0,0,0,0,0,0,0
banana republic canada,Social | Awareness | AWE Social Meta,2025-02-09,9022.42,234890.8253,13116.2397,0,0,0,0,0,0,0,0,0,0,0,0,0,0,0,0,0,0,0,0,0,0,0,0,0,0,0,0,0,0,0,0,0,0,0,0,0,0,0,0,0,0,0
banana republic canada,Social | Awareness | AWE Social Meta,2025-02-16,10800.41,288050.0769,17169.8232,0,0,0,0,0,0,0,0,0,0,0,0,0,0,0,0,0,0,0,0,0,0,0,0,0,0,0,0,0,0,0,0,0,0,0,0,0,0,0,0,0,0,0
banana republic canada,Social | Awareness | AWE Social Meta,2025-02-23,12032.97,291520.6604,19250.6897,0,0,0,0,0,0,0,0,0,0,0,0,0,0,0,0,0,0,0,0,0,0,0,0,0,0,0,0,0,0,0,0,0,0,0,0,0,0,0,0,0,0,0
banana republic canada,Social | Awareness | AWE Social Meta,2025-03-02,8096.66,218095.2793,17319.3981,0,0,0,0,0,0,0,0,0,0,0,0,0,0,0,0,0,0,0,0,0,0,0,0,0,0,0,0,0,0,0,0,0,0,0,0,0,0,0,0,0,0,0
banana republic canada,Social | Awareness | AWE Social Meta,2025-03-09,6300.79,167056.5029,14578.6311,0,0,0,0,0,0,0,0,0,0,0,0,0,0,0,0,0,0,0,0,0,0,0,0,0,0,0,0,0,0,0,0,0,0,0,0,0,0,0,0,0,0,0
banana republic canada,Social | Awareness | AWE Social Meta,2025-03-16,14550.78,341270.1829,20426.7241,0,0,0,0,0,0,0,0,0,0,0,0,0,0,0,0,0,0,0,0,0,0,0,0,0,0,0,0,0,0,0,0,0,0,0,0,0,0,0,0,0,0,0
banana republic canada,Social | Awareness | AWE Social Meta,2025-03-23,31866.65,736572.666,38584.9976,0,2,0,0,0,0,0,0,0,0,0,0,0,0,0,0,0,0,0,0,0,0,0,0,0,0,0,0,0,0,0,0,0,0,0,0,0,0,2,0,0,0,0
banana republic canada,Social | Awareness | AWE Social Meta,2025-03-30,12508.39,392602.7159,32137.3923,0,1,0,0,0,0,0,0,0,0,0,0,0,0,0,0,0,0,0,0,0,0,0,0,0,0,0,0,0,0,0,0,0,0,0,0,0,0,1,0,0,0,0
banana republic canada,Social | Awareness | AWE Social Meta,2025-04-06,9471.7,275995.3402,25491.6976,0,0,0,0,0,0,0,0,0,0,0,0,0,0,0,0,0,0,0,0,0,0,0,0,0,0,0,0,0,0,0,0,0,0,0,0,0,0,0,0,0,0,0
banana republic canada,Social | Awareness | AWE Social Meta,2025-04-13,8583.1,227974.4904,20594.4315,0,0,0,0,0,0,0,0,0,0,0,0,0,0,0,0,0,0,0,0,0,0,0,0,0,0,0,0,0,0,0,0,0,0,1,0,0,0,0,0,0,0,1
banana republic canada,Social | Awareness | AWE Social Meta,2025-04-20,11605.7,296387.8989,21007.0999,0,0,0,0,0,0,0,0,0,0,0,0,0,0,0,0,0,0,0,0,0,0,0,0,0,0,0,0,0,0,0,0,0,0,1,0,0,0,0,0,0,0,1
banana republic canada,Social | Awareness | AWE Social Meta,2025-04-27,10234.18,271488.4052,19964.5224,0,0,0,0,0,0,0,0,0,0,0,0,0,0,0,0,0,0,0,0,0,0,0,0,0,0,0,0,0,0,0,0,0,0,0,0,0,0,0,0,0,0,0
banana republic canada,Social | Awareness | AWE Social Meta,2025-05-04,11974.79,303242.1979,20782.8248,0,0,0,0,0,0,0,0,0,0,0,0,0,0,0,0,0,0,0,0,0,0,0,0,0,0,0,0,0,0,0,0,0,0,0,0,0,0,0,0,0,0,0
banana republic canada,Social | Awareness | AWE Social Meta,2025-05-11,12043.23,306676.2393,21324.94,0,0,0,0,0,0,0,0,0,0,0,0,0,0,0,0,0,0,0,0,0,0,0,1,0,0,0,0,0,0,0,0,0,0,0,0,0,0,0,0,0,0,1
banana republic canada,Social | Awareness | AWE Social Meta,2025-05-18,11440.64,291195.1654,20862.0084,0,0,0,0,0,0,0,0,0,0,0,0,0,0,0,0,0,0,0,0,0,0,0,1,0,0,0,0,0,0,0,0,0,0,0,0,0,0,0,0,0,0,1
banana republic canada,Social | Awareness | AWE Social Meta,2025-05-25,10930.38,273317.3909,19946.8699,0,0,0,0,0,0,0,0,0,0,0,0,0,0,0,0,0,0,0,0,0,0,0,0,0,0,0,0,0,0,0,0,0,0,0,0,0,0,0,0,0,0,0
banana republic canada,Social | Awareness | AWE Social Meta,2025-06-01,7412.85,207024.575,16919.6732,0,0,0,0,0,0,0,0,0,0,0,0,0,0,0,0,0,0,0,0,0,0,0,0,0,0,0,0,0,0,0,0,0,0,0,0,0,0,0,0,0,0,0
banana republic canada,Social | Awareness | AWE Social Meta,2025-06-08,7727.7,198516.8643,15318.1079,0,0,0,0,0,0,0,0,0,0,0,0,0,0,0,0,0,0,0,0,0,0,0,0,0,0,0,0,0,0,0,0,0,0,0,0,0,0,0,0,0,0,0
banana republic canada,Social | Awareness | AWE Social Meta,2025-06-15,7667.74,196841.5644,14482.6217,0,0,0,0,0,0,0,0,0,0,0,0,0,0,0,0,0,0,0,0,0,0,0,0,0,0,0,0,0,0,0,0,0,0,0,0,0,0,0,0,0,0,0
banana republic canada,Social | Awareness | AWE Social Meta,2025-06-22,7582.22,192084.9199,13929.893,0,0,0,0,0,0,0,0,0,0,0,0,0,0,0,0,0,0,0,0,0,0,0,0,0,1,0,0,0,0,0,0,0,0,0,0,0,0,0,0,1,0,0
banana republic canada,Social | Awareness | AWE Social Meta,2025-06-29,7463.96,206558.4576,14168.7475,0,0,0,0,0,0,0,0,0,0,0,0,0,0,0,0,0,0,0,0,0,0,0,0,0,1,2,0,0,0,0,0,0,0,0,0,0,0,0,0,2,0,0
banana republic canada,Social | Awareness | AWE Social Meta,2025-07-06,8430.01,232881.5326,15283.9747,0,0,0,0,0,0,0,0,0,0,0,0,0,0,0,0,0,0,0,0,0,0,0,0,0,0,2,1,0,0,0,0,0,0,0,0,0,0,0,0,2,0,0
banana republic canada,Social | Awareness | AWE Social Meta,2025-07-13,7894.15,225128.36,15465.6658,0,0,0,0,0,0,0,0,0,0,0,0,0,0,0,0,0,0,0,0,0,0,0,0,0,0,0,2,0,0,0,0,0,0,0,0,0,0,0,0,2,0,0
banana republic canada,Social | Awareness | AWE Social Meta,2025-07-20,6682.71,189123.7122,14159.974,0,0,0,0,0,0,0,0,0,0,0,0,0,0,0,0,0,0,0,0,0,0,0,0,0,0,0,1,2,0,0,0,0,0,0,0,0,0,0,0,2,0,0
banana republic canada,Social | Awareness | AWE Social Meta,2025-07-27,8354.82,228886.5376,15268.8324,0,0,0,0,0,0,0,0,0,0,0,0,0,0,0,0,0,0,0,0,0,0,0,0,0,0,0,0,2,0,0,0,0,0,0,0,0,0,0,0,2,0,0
banana republic canada,Social | Awareness | AWE Social Meta,2025-08-03,8924.7,242186.3429,18814.955,0,0,0,0,0,0,0,0,0,0,0,0,0,0,0,0,0,0,0,0,0,0,0,0,0,0,0,0,1,0,0,0,0,0,0,0,0,0,0,0,1,0,0
banana republic canada,Social | Awareness | AWE Social Meta,2025-08-10,9094.57,240317.5565,20430.9757,0,0,0,0,0,0,0,0,0,0,0,0,0,0,0,0,0,0,0,0,0,0,0,0,0,0,0,0,0,0,0,0,0,0,0,0,0,0,0,0,0,0,0
banana republic canada,Social | Awareness | AWE Social Meta,2025-08-17,9106.7,232837.4895,20928.0431,0,0,0,0,0,0,0,0,0,0,0,0,0,0,0,0,0,0,0,0,0,0,0,0,0,0,0,0,0,0,0,0,0,0,0,0,0,0,0,0,0,0,0
banana republic canada,Social | Awareness | AWE Social Meta,2025-08-24,9097.58,227952.2691,20895.1487,0,0,0,0,0,0,0,0,0,0,0,0,0,0,0,0,0,0,0,0,0,0,0,0,0,0,0,0,0,0,0,0,0,0,0,1,0,1,0,0,0,0,0
banana republic canada,Social | Awareness | AWE Social Meta,2025-08-31,13551.29,328340.0181,26042.9268,0,0,0,0,0,0,0,0,0,0,0,0,0,0,0,0,0,0,0,0,0,0,0,0,0,0,0,0,0,0,0,0,0,0,0,1,0,1,0,0,0,0,0
banana republic canada,Social | Awareness | AWE Social Meta,2025-09-07,27146.32,567576.9765,40387.0176,0,1,0,0,0,0,0,0,0,0,0,0,0,0,0,0,0,0,0,0,0,0,0,0,0,0,0,0,0,0,0,0,0,0,0,0,0,0,1,0,0,0,0
banana republic canada,Social | Awareness | AWE Social Meta,2025-09-14,29930.89,618326.3504,48781.3347,0,2,0,0,0,0,0,0,0,0,0,0,0,0,0,0,0,0,0,0,0,0,0,0,0,0,0,0,0,0,0,0,0,0,0,0,0,0,2,0,0,0,0
banana republic canada,Social | Awareness | AWE Social Meta,2025-09-21,10424.62,282164.3224,35730.3618,0,1,0,0,0,0,0,0,0,0,0,0,0,0,0,0,0,0,0,0,0,0,0,0,0,0,0,0,0,0,0,0,0,0,0,0,0,0,1,0,0,0,0
banana republic canada,Social | Awareness | AWE Social Meta,2025-09-28,7211.8,197156.4844,26583.9857,0,0,0,0,0,0,0,0,0,0,0,0,0,0,0,0,0,0,0,0,0,0,0,0,0,0,0,0,0,0,0,0,0,0,0,0,0,0,0,0,0,0,0
banana republic canada,Social | Awareness | AWE Social Meta,2025-10-05,11463.25,273218.5581,26403.3446,0,0,0,0,0,0,0,0,0,0,0,0,0,0,0,0,0,0,0,0,0,0,0,0,0,0,0,0,0,0,0,0,0,0,0,0,0,0,0,0,0,0,0
banana republic canada,Social | Awareness | AWE Social Meta,2025-10-12,11006.16,269835.4836,25789.4777,0,0,0,0,0,0,0,0,0,0,0,0,0,0,0,0,0,0,0,0,0,0,0,0,0,0,0,0,0,0,0,0,0,0,0,0,0,0,0,0,0,0,0
banana republic canada,Social | Awareness | AWE Social Meta,2025-10-19,11906.28,286568.7751,26342.2904,0,0,0,0,0,0,0,0,0,0,0,0,0,0,0,0,0,0,0,0,0,0,0,0,0,0,0,0,0,0,0,0,0,0,0,0,0,0,0,0,0,0,0
banana republic canada,Social | Awareness | AWE Social Meta,2025-10-26,11752.07,287774.5156,26543.089,0,0,0,0,0,0,0,0,0,0,0,0,0,0,0,0,0,0,0,0,0,0,0,0,0,0,0,0,0,0,0,0,0,0,0,0,0,0,0,0,0,0,0
banana republic canada,Social | Awareness | AWE Social Meta,2025-11-02,26066.42,528104.8115,39285.184,0,0,0,0,0,0,0,0,0,0,0,0,0,0,2,0,0,0,0,0,0,0,0,0,0,0,0,0,0,0,0,0,0,0,0,0,0,0,2,0,0,0,0
banana republic canada,Social | Awareness | AWE Social Meta,2025-11-09,23165.64,477497.9032,41633.5927,0,0,0,0,0,0,0,0,0,0,0,0,0,0,1,0,0,0,0,0,0,0,0,0,0,0,0,0,0,0,0,0,0,0,0,0,0,0,1,0,0,0,0
banana republic canada,Social | Awareness | AWE Social Meta,2025-11-16,15621.91,337734.7044,35894.3713,0,0,0,0,0,0,0,0,0,0,0,0,0,0,0,0,0,0,0,0,0,0,0,0,0,0,0,0,0,0,0,0,0,0,0,0,0,0,0,0,0,0,0
banana republic canada,Social | Awareness | AWE Social Meta,2025-11-23,46666.3,633700.0376,49124.7357,0,0,0,0,0,0,0,0,0,0,0,0,0,0,0,0,0,0,0,0,0,0,0,0,0,0,0,0,0,2,0,0,0,0,0,0,0,0,2,0,0,0,0
banana republic canada,Social | Awareness | AWE Social Meta,2025-11-30,20478.82,391064.4284,41423.4709,0,0,0,0,0,0,0,0,0,0,0,0,0,0,0,0,0,2,0,0,0,0,0,0,0,0,0,0,0,0,0,0,0,0,0,0,0,0,2,0,0,0,0
banana republic canada,Social | Awareness | AWE Social Meta,2025-12-07,9091.09,229227.8221,30406.3763,0,0,0,0,0,0,0,0,0,0,0,0,0,0,0,0,0,0,0,0,0,0,0,0,0,0,0,0,0,0,2,0,0,0,0,0,0,0,2,0,0,0,0
banana republic canada,Social | Awareness | AWE Social Meta,2025-12-14,5391.55,147721.9747,21553.948,0,0,0,0,0,0,0,0,0,0,0,0,0,0,0,0,0,0,0,0,0,0,0,0,0,0,0,0,0,0,1,0,0,0,0,0,2,2,1,0,0,0,0
banana republic canada,Social | Awareness | AWE Social Meta,2025-12-21,10049.79,266862.0082,23538.387,0,0,0,0,0,0,0,0,0,0,0,0,0,0,0,0,0,0,0,0,0,0,0,0,0,0,0,0,0,0,0,1,0,0,0,0,2,2,0,0,1,0,0
banana republic canada,Social | Awareness | AWE Social Meta,2025-12-28,7830.29,288901.154,25060.0696,0,0,0,0,0,0,0,0,0,0,0,0,0,0,0,0,0,0,0,0,0,0,0,0,0,0,0,0,0,0,0,2,0,0,0,0,0,0,0,0,2,0,0
banana republic canada,Social | Awareness | AWE Social Meta,2026-01-04,4581.3,204532.5759,21522.0692,0,0,0,0,0,0,0,0,0,0,0,0,0,0,0,0,0,0,0,0,0,0,0,0,0,0,0,0,0,0,0,1,2,0,0,0,0,0,0,0,2,0,0
banana republic canada,Social | Awareness | AWE Social Meta,2026-01-11,4668.99,176581.5747,18787.0907,0,0,0,0,0,0,0,0,0,0,0,0,0,0,0,0,0,0,0,0,0,0,0,0,0,0,0,0,0,0,0,0,1,2,0,0,0,0,0,0,2,0,0
banana republic canada,Social | Awareness | AWE Social Meta,2026-01-18,4736.99,163512.9077,16839.4113,0,0,0,0,0,0,0,0,0,0,0,0,0,0,0,0,0,0,0,0,0,0,0,0,0,0,0,0,0,0,0,0,0,2,0,0,0,0,0,0,2,0,0
banana republic canada,Social | Awareness | AWE Social Meta,2026-01-25,4665.7,157539.8341,15507.006,0,0,0,0,0,0,0,0,0,0,0,0,0,0,0,0,0,0,0,0,0,0,0,0,0,0,0,0,0,0,0,0,0,0,0,0,0,0,0,0,0,0,0
banana republic canada,Social | Awareness | AWE Social Pinterest,2024-02-04,801.7565,0.0,0.0,0,0,0,0,0,0,0,0,0,0,0,0,0,0,0,0,0,0,0,0,0,0,0,0,0,0,0,0,0,0,0,0,0,0,0,0,0,0,0,0,0,0,0
banana republic canada,Social | Awareness | AWE Social Pinterest,2024-02-11,825.1108,0.0,0.0,0,0,0,0,0,0,0,0,0,0,0,0,0,0,0,0,0,0,0,0,0,0,0,0,0,0,0,0,0,0,0,0,0,0,0,0,0,0,0,0,0,0,0
banana republic canada,Social | Awareness | AWE Social Pinterest,2024-02-18,960.5275,0.0,0.0,0,0,0,0,0,0,0,0,0,0,0,0,0,0,0,0,0,0,0,0,0,0,0,0,0,0,0,0,0,0,0,0,0,0,0,0,0,0,0,0,0,0,0
banana republic canada,Social | Awareness | AWE Social Pinterest,2024-02-25,1026.2128,0.0,0.0,0,0,0,0,0,0,0,0,0,0,0,0,0,0,0,0,0,0,0,0,0,0,0,0,0,0,0,0,0,0,0,0,0,0,0,0,0,0,0,0,0,0,0
banana republic canada,Social | Awareness | AWE Social Pinterest,2024-03-03,9347.4052,0.0,0.0,0,1,0,0,0,0,0,0,0,0,0,0,0,0,0,0,0,0,0,0,0,0,0,0,0,0,0,0,0,0,0,0,0,0,0,0,0,0,1,0,0,0,0
banana republic canada,Social | Awareness | AWE Social Pinterest,2024-03-10,6350.6569,0.0,0.0,0,2,0,0,0,0,0,0,0,0,0,0,0,0,0,0,0,0,0,0,0,0,0,0,0,0,0,0,0,0,0,0,0,0,0,0,0,0,2,0,0,0,0
banana republic canada,Social | Awareness | AWE Social Pinterest,2024-03-17,1878.3086,0.0,0.0,0,0,0,0,0,0,0,0,0,0,0,0,0,0,0,0,0,0,0,0,0,0,0,0,0,0,0,0,0,0,0,0,0,0,0,0,0,0,0,0,0,0,0
banana republic canada,Social | Awareness | AWE Social Pinterest,2024-03-24,1844.0334,0.0,0.0,0,0,0,0,0,0,0,0,0,0,0,0,0,0,0,0,0,0,0,0,0,0,0,0,0,0,0,0,0,0,0,0,0,0,0,0,0,0,0,0,0,0,0
banana republic canada,Social | Awareness | AWE Social Pinterest,2024-03-31,1748.3147,0.0,0.0,0,0,0,0,0,0,0,0,0,0,0,0,0,0,0,0,0,0,0,0,0,0,0,0,0,0,0,0,0,0,0,0,0,0,0,0,0,0,0,0,0,0,0
banana republic canada,Social | Awareness | AWE Social Pinterest,2024-04-07,4084.1244,0.0,0.0,0,0,0,0,0,0,0,0,0,0,0,0,0,0,0,0,0,0,0,0,0,0,0,0,0,0,0,0,0,0,0,0,0,0,0,0,0,0,0,0,0,0,0
banana republic canada,Social | Awareness | AWE Social Pinterest,2024-04-14,3077.0492,0.0,0.0,0,0,0,0,0,0,0,0,0,0,0,0,0,0,0,0,0,0,0,0,0,0,0,0,0,0,0,0,0,0,0,0,0,0,0,0,0,0,0,0,0,0,0
banana republic canada,Social | Awareness | AWE Social Pinterest,2024-04-21,3951.1794,0.0,0.0,0,0,0,0,0,0,0,0,0,0,0,0,0,0,0,0,0,0,0,0,0,0,0,0,0,0,0,0,0,0,0,0,0,0,0,0,0,0,0,0,0,0,0
banana republic canada,Social | Awareness | AWE Social Pinterest,2024-04-28,2717.5453,0.0,0.0,0,0,0,0,0,0,0,0,0,0,0,0,0,0,0,0,0,0,0,0,0,0,0,0,0,0,0,0,0,0,0,0,0,0,0,0,0,0,0,0,0,0,0
banana republic canada,Social | Awareness | AWE Social Pinterest,2024-05-05,3283.4161,0.0,0.0,0,0,0,0,0,0,0,0,0,0,0,0,0,0,0,0,0,0,0,0,0,0,0,0,0,0,0,0,0,0,0,0,0,0,0,0,0,0,0,0,0,0,0
banana republic canada,Social | Awareness | AWE Social Pinterest,2024-05-12,7174.6059,0.0,0.0,0,0,0,0,0,0,0,0,0,0,0,0,0,0,0,0,0,0,0,0,0,0,0,1,0,0,0,0,0,0,0,0,0,0,0,0,0,0,0,0,0,1,0
banana republic canada,Social | Awareness | AWE Social Pinterest,2024-05-19,5059.8758,0.0,0.0,0,0,0,0,0,0,0,0,0,0,0,0,0,0,0,0,0,0,0,0,0,0,0,1,1,0,0,0,0,0,0,0,0,0,0,0,0,0,0,0,0,1,0
banana republic canada,Social | Awareness | AWE Social Pinterest,2024-05-26,3394.0319,0.0,0.0,0,0,0,0,0,0,0,0,0,0,0,0,0,0,0,0,0,0,0,0,0,0,0,0,1,0,0,0,0,0,0,0,0,0,0,0,0,0,0,0,0,1,0
banana republic canada,Social | Awareness | AWE Social Pinterest,2024-06-02,3386.4911,0.0,0.0,0,0,0,0,0,0,0,0,0,0,0,0,0,0,0,0,0,0,0,0,0,0,0,0,0,0,0,0,0,0,0,0,0,0,0,0,0,0,0,0,0,0,0
banana republic canada,Social | Awareness | AWE Social Pinterest,2024-06-09,3346.9754,0.0,0.0,0,0,0,0,0,0,0,0,0,0,0,0,0,0,0,0,0,0,0,0,0,0,0,0,0,0,0,0,0,0,0,0,0,0,0,0,0,0,0,0,0,0,0
banana republic canada,Social | Awareness | AWE Social Pinterest,2024-06-16,3041.7975,0.0,0.0,0,0,0,0,0,0,0,0,0,0,0,0,0,0,0,0,0,0,0,0,0,0,0,0,0,0,0,0,0,0,0,0,0,0,0,0,0,0,0,0,0,0,0
banana republic canada,Social | Awareness | AWE Social Pinterest,2024-06-23,3268.3672,0.0,0.0,0,0,0,0,0,0,0,0,0,0,0,0,0,0,0,0,0,0,0,0,0,0,0,0,0,1,0,0,0,0,0,0,0,0,0,0,0,1,0,0,0,0,0
banana republic canada,Social | Awareness | AWE Social Pinterest,2024-06-30,3736.8268,0.0,0.0,0,0,0,0,0,0,0,0,0,0,0,0,0,0,0,0,0,0,0,0,0,0,0,0,0,2,1,0,0,0,0,0,0,0,0,0,0,2,0,0,0,0,0
banana republic canada,Social | Awareness | AWE Social Pinterest,2024-07-07,3306.9715,0.0,0.0,0,0,0,0,0,0,0,0,0,0,0,0,0,0,0,0,0,0,0,0,0,0,0,0,0,0,2,1,0,0,0,0,0,0,0,0,0,2,0,0,1,0,0
banana republic canada,Social | Awareness | AWE Social Pinterest,2024-07-14,3095.9824,0.0,0.0,0,0,0,0,0,0,0,0,0,0,0,0,0,0,0,0,0,0,0,0,0,0,0,0,0,0,0,2,0,0,0,0,0,0,0,0,0,0,0,0,2,0,0
banana republic canada,Social | Awareness | AWE Social Pinterest,2024-07-21,3067.87,0.0,0.0,0,0,0,0,0,0,0,0,0,0,0,0,0,0,0,0,0,0,0,0,0,0,0,0,0,0,0,1,2,0,0,0,0,0,0,0,0,0,0,0,2,0,0
banana republic canada,Social | Awareness | AWE Social Pinterest,2024-07-28,2386.3559,0.0,0.0,0,0,0,0,0,0,0,0,0,0,0,0,0,0,0,0,0,0,0,0,0,0,0,0,0,0,0,0,2,0,0,0,0,0,0,0,0,0,0,0,2,0,0
banana republic canada,Social | Awareness | AWE Social Pinterest,2024-08-04,2061.62,0.0,0.0,0,0,0,0,0,0,0,0,0,0,0,0,0,0,0,0,0,0,0,0,0,0,0,0,0,0,0,0,1,0,0,0,0,0,0,0,0,0,0,0,1,0,0
banana republic canada,Social | Awareness | AWE Social Pinterest,2024-08-11,2027.34,0.0,0.0,0,0,0,0,0,0,0,0,0,0,0,0,0,0,0,0,0,0,0,0,0,0,0,0,0,0,0,0,0,0,0,0,0,0,0,0,0,0,0,0,0,0,0
banana republic canada,Social | Awareness | AWE Social Pinterest,2024-08-18,2114.97,0.0,0.0,0,0,0,0,0,0,0,0,0,0,0,0,0,0,0,0,0,0,0,0,0,0,0,0,0,0,0,0,0,0,0,0,0,0,0,0,0,0,0,0,0,0,0
banana republic canada,Social | Awareness | AWE Social Pinterest,2024-08-25,2592.18,0.0,0.0,0,0,0,0,0,0,0,0,0,0,0,0,0,0,0,0,0,0,0,0,0,0,0,0,0,0,0,0,0,0,0,0,0,0,0,0,0,0,0,0,0,0,0
banana republic canada,Social | Awareness | AWE Social Pinterest,2024-09-01,1908.36,0.0,0.0,0,0,0,0,0,0,0,0,0,0,0,0,0,0,0,0,0,0,0,0,0,0,0,0,0,0,0,0,0,0,0,0,0,0,0,0,0,0,0,0,0,0,0
banana republic canada,Social | Awareness | AWE Social Pinterest,2024-09-08,3510.15,0.0,0.0,0,0,0,0,0,0,0,0,0,0,0,0,0,0,0,0,0,0,0,0,0,0,0,0,0,0,0,0,0,0,0,0,0,0,0,0,0,0,0,0,0,0,0
banana republic canada,Social | Awareness | AWE Social Pinterest,2024-09-15,9566.05,0.0,0.0,0,2,0,0,0,0,0,0,0,0,0,0,0,0,0,0,0,0,0,0,0,0,0,0,0,0,0,0,0,0,0,0,0,0,0,0,0,0,2,0,0,0,0
banana republic canada,Social | Awareness | AWE Social Pinterest,2024-09-22,6327.83,0.0,0.0,0,2,0,0,0,0,0,0,0,0,0,0,0,0,0,0,0,0,0,0,0,0,0,0,0,0,0,0,0,0,0,0,0,0,0,0,0,0,2,0,0,0,0
banana republic canada,Social | Awareness | AWE Social Pinterest,2024-09-29,1021.55,0.0,0.0,0,1,0,0,0,0,0,0,0,0,0,0,0,0,0,0,0,0,0,0,0,0,0,0,0,0,0,0,0,0,0,0,0,0,0,0,0,0,1,0,0,0,0
banana republic canada,Social | Awareness | AWE Social Pinterest,2024-10-06,3460.91,0.0,0.0,0,0,0,0,0,0,0,0,0,0,0,0,0,0,0,0,0,0,0,0,0,0,0,0,0,0,0,0,0,0,0,0,0,0,0,0,0,0,0,0,0,0,0
banana republic canada,Social | Awareness | AWE Social Pinterest,2024-10-13,3509.05,0.0,0.0,0,0,0,0,0,0,0,0,0,0,0,0,0,0,0,0,0,0,0,0,0,0,0,0,0,0,0,0,0,0,0,0,0,0,0,0,0,0,0,0,0,0,0
banana republic canada,Social | Awareness | AWE Social Pinterest,2024-10-20,3030.03,0.0,0.0,0,0,0,0,0,0,0,0,0,0,0,0,0,0,0,0,0,0,0,0,0,0,0,0,0,0,0,0,0,0,0,0,0,0,0,0,0,0,0,0,0,0,0
banana republic canada,Social | Awareness | AWE Social Pinterest,2024-10-27,4566.62,0.0,0.0,0,0,0,0,0,0,0,0,0,0,0,0,0,0,1,0,0,0,0,0,0,0,0,0,0,0,0,0,0,0,0,0,0,0,0,0,0,0,1,0,0,0,0
banana republic canada,Social | Awareness | AWE Social Pinterest,2024-11-03,7853.92,0.0,0.0,0,0,0,0,0,0,0,0,0,0,0,0,0,0,2,0,0,0,0,0,0,0,0,0,0,0,0,0,0,0,0,0,0,0,0,0,0,0,2,0,0,0,0
banana republic canada,Social | Awareness | AWE Social Pinterest,2025-03-02,3844.7,28148.4867,1068.8689,0,0,0,0,0,0,0,0,0,0,0,0,0,0,0,0,0,0,0,0,0,0,0,0,0,0,0,0,0,0,0,0,0,0,0,0,0,0,0,0,0,0,0
banana republic canada,Social | Awareness | AWE Social Pinterest,2025-03-09,2969.96,24691.7383,939.0278,0,0,0,0,0,0,0,0,0,0,0,0,0,0,0,0,0,0,0,0,0,0,0,0,0,0,0,0,0,0,0,0,0,0,0,0,0,0,0,0,0,0,0
banana republic canada,Social | Awareness | AWE Social Pinterest,2025-03-16,6700.48,38753.1028,1464.6814,0,0,0,0,0,0,0,0,0,0,0,0,0,0,0,0,0,0,0,0,0,0,0,0,0,0,0,0,0,0,0,0,0,0,0,0,0,0,0,0,0,0,0
banana republic canada,Social | Awareness | AWE Social Pinterest,2025-03-23,15105.31,84182.4275,3174.1843,0,2,0,0,0,0,0,0,0,0,0,0,0,0,0,0,0,0,0,0,0,0,0,0,0,0,0,0,0,0,0,0,0,0,0,0,0,0,2,0,0,0,0
banana republic canada,Social | Awareness | AWE Social Pinterest,2025-03-30,5953.56,48977.1193,1842.2224,0,1,0,0,0,0,0,0,0,0,0,0,0,0,0,0,0,0,0,0,0,0,0,0,0,0,0,0,0,0,0,0,0,0,0,0,0,0,1,0,0,0,0
banana republic canada,Social | Awareness | AWE Social Pinterest,2025-04-06,3802.91,34660.2669,1290.0613,0,0,0,0,0,0,0,0,0,0,0,0,0,0,0,0,0,0,0,0,0,0,0,0,0,0,0,0,0,0,0,0,0,0,0,0,0,0,0,0,0,0,0
banana republic canada,Social | Awareness | AWE Social Pinterest,2025-04-13,3519.26,31684.3591,1160.9846,0,0,0,0,0,0,0,0,0,0,0,0,0,0,0,0,0,0,0,0,0,0,0,0,0,0,0,0,0,0,0,0,0,0,1,0,0,0,0,0,0,0,1
banana republic canada,Social | Awareness | AWE Social Pinterest,2025-04-20,4827.01,38776.0639,1417.1955,0,0,0,0,0,0,0,0,0,0,0,0,0,0,0,0,0,0,0,0,0,0,0,0,0,0,0,0,0,0,0,0,0,0,1,0,0,0,0,0,0,0,1
banana republic canada,Social | Awareness | AWE Social Pinterest,2025-04-27,4319.77,34857.4971,1272.9693,0,0,0,0,0,0,0,0,0,0,0,0,0,0,0,0,0,0,0,0,0,0,0,0,0,0,0,0,0,0,0,0,0,0,0,0,0,0,0,0,0,0,0
banana republic canada,Social | Awareness | AWE Social Pinterest,2025-05-04,3308.53,29176.8717,1065.4231,0,0,0,0,0,0,0,0,0,0,0,0,0,0,0,0,0,0,0,0,0,0,0,0,0,0,0,0,0,0,0,0,0,0,0,0,0,0,0,0,0,0,0
banana republic canada,Social | Awareness | AWE Social Pinterest,2025-05-11,3940.64,35981.4522,1327.3428,0,0,0,0,0,0,0,0,0,0,0,0,0,0,0,0,0,0,0,0,0,0,0,1,0,0,0,0,0,0,0,0,0,0,0,0,0,0,0,0,0,0,1
banana republic canada,Social | Awareness | AWE Social Pinterest,2025-05-18,3906.62,37009.8669,1353.8356,0,0,0,0,0,0,0,0,0,0,0,0,0,0,0,0,0,0,0,0,0,0,0,1,0,0,0,0,0,0,0,0,0,0,0,0,0,0,0,0,0,0,1
banana republic canada,Social | Awareness | AWE Social Pinterest,2025-05-25,3844.23,35044.5433,1275.4926,0,0,0,0,0,0,0,0,0,0,0,0,0,0,0,0,0,0,0,0,0,0,0,0,0,0,0,0,0,0,0,0,0,0,0,0,0,0,0,0,0,0,0
banana republic canada,Social | Awareness | AWE Social Pinterest,2025-06-01,3572.27,31396.6449,1134.3116,0,0,0,0,0,0,0,0,0,0,0,0,0,0,0,0,0,0,0,0,0,0,0,0,0,0,0,0,0,0,0,0,0,0,0,0,0,0,0,0,0,0,0
banana republic canada,Social | Awareness | AWE Social Pinterest,2025-06-08,3563.55,32288.3756,1162.8963,0,0,0,0,0,0,0,0,0,0,0,0,0,0,0,0,0,0,0,0,0,0,0,0,0,0,0,0,0,0,0,0,0,0,0,0,0,0,0,0,0,0,0
banana republic canada,Social | Awareness | AWE Social Pinterest,2025-06-15,3544.71,32007.7106,1151.9706,0,0,0,0,0,0,0,0,0,0,0,0,0,0,0,0,0,0,0,0,0,0,0,0,0,0,0,0,0,0,0,0,0,0,0,0,0,0,0,0,0,0,0
banana republic canada,Social | Awareness | AWE Social Pinterest,2025-06-22,3518.72,31310.898,1133.1931,0,0,0,0,0,0,0,0,0,0,0,0,0,0,0,0,0,0,0,0,0,0,0,0,0,1,0,0,0,0,0,0,0,0,0,0,0,0,0,0,1,0,0
banana republic canada,Social | Awareness | AWE Social Pinterest,2025-06-29,3480.57,35924.638,1290.407,0,0,0,0,0,0,0,0,0,0,0,0,0,0,0,0,0,0,0,0,0,0,0,0,0,1,2,0,0,0,0,0,0,0,0,0,0,0,0,0,2,0,0
banana republic canada,Social | Awareness | AWE Social Pinterest,2025-07-06,3891.1,38927.6792,1403.8089,0,0,0,0,0,0,0,0,0,0,0,0,0,0,0,0,0,0,0,0,0,0,0,0,0,0,2,1,0,0,0,0,0,0,0,0,0,0,0,0,2,0,0
banana republic canada,Social | Awareness | AWE Social Pinterest,2025-07-13,3866.91,38053.8311,1376.3909,0,0,0,0,0,0,0,0,0,0,0,0,0,0,0,0,0,0,0,0,0,0,0,0,0,0,0,2,0,0,0,0,0,0,0,0,0,0,0,0,2,0,0
banana republic canada,Social | Awareness | AWE Social Pinterest,2025-07-20,3875.87,38278.8356,1379.0935,0,0,0,0,0,0,0,0,0,0,0,0,0,0,0,0,0,0,0,0,0,0,0,0,0,0,0,1,2,0,0,0,0,0,0,0,0,0,0,0,2,0,0
banana republic canada,Social | Awareness | AWE Social Pinterest,2025-07-27,3847.68,32844.4135,1194.6385,0,0,0,0,0,0,0,0,0,0,0,0,0,0,0,0,0,0,0,0,0,0,0,0,0,0,0,0,2,0,0,0,0,0,0,0,0,0,0,0,2,0,0
banana republic canada,Social | Awareness | AWE Social Pinterest,2025-08-03,4121.4369,31529.7258,1455.8462,0,0,0,0,0,0,0,0,0,0,0,0,0,0,0,0,0,0,0,0,0,0,0,0,0,0,0,0,1,0,0,0,0,0,0,0,0,0,0,0,1,0,0
banana republic canada,Social | Awareness | AWE Social Pinterest,2025-08-10,4152.0513,34631.8203,1636.2052,0,0,0,0,0,0,0,0,0,0,0,0,0,0,0,0,0,0,0,0,0,0,0,0,0,0,0,0,0,0,0,0,0,0,0,0,0,0,0,0,0,0,0
banana republic canada,Social | Awareness | AWE Social Pinterest,2025-08-17,4086.4669,36598.0809,1741.5868,0,0,0,0,0,0,0,0,0,0,0,0,0,0,0,0,0,0,0,0,0,0,0,0,0,0,0,0,0,0,0,0,0,0,0,0,0,0,0,0,0,0,0
banana republic canada,Social | Awareness | AWE Social Pinterest,2025-08-24,4103.0449,36739.6867,1739.2392,0,0,0,0,0,0,0,0,0,0,0,0,0,0,0,0,0,0,0,0,0,0,0,0,0,0,0,0,0,0,0,0,0,0,0,1,0,1,0,0,0,0,0
banana republic canada,Social | Awareness | AWE Social Pinterest,2025-08-31,5633.0614,42820.289,2029.2988,0,0,0,0,0,0,0,0,0,0,0,0,0,0,0,0,0,0,0,0,0,0,0,0,0,0,0,0,0,0,0,0,0,0,0,1,0,1,0,0,0,0,0
banana republic canada,Social | Awareness | AWE Social Pinterest,2025-09-07,11661.8986,70902.0523,3367.7717,0,1,0,0,0,0,0,0,0,0,0,0,0,0,0,0,0,0,0,0,0,0,0,0,0,0,0,0,0,0,0,0,0,0,0,0,0,0,1,0,0,0,0
banana republic canada,Social | Awareness | AWE Social Pinterest,2025-09-14,11947.75,72826.9443,3443.1812,0,2,0,0,0,0,0,0,0,0,0,0,0,0,0,0,0,0,0,0,0,0,0,0,0,0,0,0,0,0,0,0,0,0,0,0,0,0,2,0,0,0,0
banana republic canada,Social | Awareness | AWE Social Pinterest,2025-09-21,3837.45,39954.144,1904.4967,0,1,0,0,0,0,0,0,0,0,0,0,0,0,0,0,0,0,0,0,0,0,0,0,0,0,0,0,0,0,0,0,0,0,0,0,0,0,1,0,0,0,0
banana republic canada,Social | Awareness | AWE Social Pinterest,2025-09-28,2649.79,27382.95,1310.9221,0,0,0,0,0,0,0,0,0,0,0,0,0,0,0,0,0,0,0,0,0,0,0,0,0,0,0,0,0,0,0,0,0,0,0,0,0,0,0,0,0,0,0
banana republic canada,Social | Awareness | AWE Social Pinterest,2025-10-05,4022.4795,38557.1242,1850.8196,0,0,0,0,0,0,0,0,0,0,0,0,0,0,0,0,0,0,0,0,0,0,0,0,0,0,0,0,0,0,0,0,0,0,0,0,0,0,0,0,0,0,0
banana republic canada,Social | Awareness | AWE Social Pinterest,2025-10-12,4010.1597,42137.3711,2029.5549,0,0,0,0,0,0,0,0,0,0,0,0,0,0,0,0,0,0,0,0,0,0,0,0,0,0,0,0,0,0,0,0,0,0,0,0,0,0,0,0,0,0,0
banana republic canada,Social | Awareness | AWE Social Pinterest,2025-10-19,3984.9773,41063.5592,1975.0114,0,0,0,0,0,0,0,0,0,0,0,0,0,0,0,0,0,0,0,0,0,0,0,0,0,0,0,0,0,0,0,0,0,0,0,0,0,0,0,0,0,0,0
banana republic canada,Social | Awareness | AWE Social Pinterest,2025-10-26,3982.3835,40633.7878,1947.3442,0,0,0,0,0,0,0,0,0,0,0,0,0,0,0,0,0,0,0,0,0,0,0,0,0,0,0,0,0,0,0,0,0,0,0,0,0,0,0,0,0,0,0
banana republic canada,Social | Awareness | AWE Social Pinterest,2025-11-02,11859.1781,67294.846,3252.885,0,0,0,0,0,0,0,0,0,0,0,0,0,0,2,0,0,0,0,0,0,0,0,0,0,0,0,0,0,0,0,0,0,0,0,0,0,0,2,0,0,0,0
banana republic canada,Social | Awareness | AWE Social Pinterest,2025-11-09,10069.0399,71459.1145,3437.0627,0,0,0,0,0,0,0,0,0,0,0,0,0,0,1,0,0,0,0,0,0,0,0,0,0,0,0,0,0,0,0,0,0,0,0,0,0,0,1,0,0,0,0
banana republic canada,Social | Awareness | AWE Social Pinterest,2025-11-16,6964.1467,56205.7482,2711.4942,0,0,0,0,0,0,0,0,0,0,0,0,0,0,0,0,0,0,0,0,0,0,0,0,0,0,0,0,0,0,0,0,0,0,0,0,0,0,0,0,0,0,0
banana republic canada,Social | Awareness | AWE Social Pinterest,2025-11-23,22442.0,93999.5989,4534.768,0,0,0,0,0,0,0,0,0,0,0,0,0,0,0,0,0,0,0,0,0,0,0,0,0,0,0,0,0,2,0,0,0,0,0,0,0,0,2,0,0,0,0
banana republic canada,Social | Awareness | AWE Social Pinterest,2025-11-30,9702.0,56033.9564,2680.7576,0,0,0,0,0,0,0,0,0,0,0,0,0,0,0,0,0,2,0,0,0,0,0,0,0,0,0,0,0,0,0,0,0,0,0,0,0,0,2,0,0,0,0
banana republic canada,Social | Awareness | AWE Social Pinterest,2025-12-07,3798.0586,34070.7386,1615.6946,0,0,0,0,0,0,0,0,0,0,0,0,0,0,0,0,0,0,0,0,0,0,0,0,0,0,0,0,0,0,2,0,0,0,0,0,0,0,2,0,0,0,0
banana republic canada,Social | Awareness | AWE Social Pinterest,2025-12-14,2505.279,20955.4942,990.5079,0,0,0,0,0,0,0,0,0,0,0,0,0,0,0,0,0,0,0,0,0,0,0,0,0,0,0,0,0,0,1,0,0,0,0,0,2,2,1,0,0,0,0
banana republic canada,Social | Awareness | AWE Social Pinterest,2025-12-21,4581.22,27695.7092,1301.9123,0,0,0,0,0,0,0,0,0,0,0,0,0,0,0,0,0,0,0,0,0,0,0,0,0,0,0,0,0,0,0,1,0,0,0,0,2,2,0,0,1,0,0
banana republic canada,Social | Awareness | AWE Social Pinterest,2025-12-28,3543.1232,34974.3487,1645.4814,0,0,0,0,0,0,0,0,0,0,0,0,0,0,0,0,0,0,0,0,0,0,0,0,0,0,0,0,0,0,0,2,0,0,0,0,0,0,0,0,2,0,0
banana republic canada,Social | Awareness | AWE Social Pinterest,2026-01-04,1434.9245,18726.0542,888.6798,0,0,0,0,0,0,0,0,0,0,0,0,0,0,0,0,0,0,0,0,0,0,0,0,0,0,0,0,0,0,0,1,2,0,0,0,0,0,0,0,2,0,0
banana republic canada,Social | Awareness | AWE Social Pinterest,2026-01-11,1434.158,17318.3003,825.9104,0,0,0,0,0,0,0,0,0,0,0,0,0,0,0,0,0,0,0,0,0,0,0,0,0,0,0,0,0,0,0,0,1,2,0,0,0,0,0,0,2,0,0
banana republic canada,Social | Awareness | AWE Social Pinterest,2026-01-18,1431.4614,17257.2233,818.3675,0,0,0,0,0,0,0,0,0,0,0,0,0,0,0,0,0,0,0,0,0,0,0,0,0,0,0,0,0,0,0,0,0,2,0,0,0,0,0,0,2,0,0
banana republic canada,Social | Awareness | AWE Social Pinterest,2026-01-25,1431.0761,17326.3187,808.852,0,0,0,0,0,0,0,0,0,0,0,0,0,0,0,0,0,0,0,0,0,0,0,0,0,0,0,0,0,0,0,0,0,0,0,0,0,0,0,0,0,0,0
banana republic canada,Social | Consideration | CON Social META DABA,2024-02-04,513.0639,0.0,316.7859,0,0,0,0,0,0,0,0,0,0,0,0,0,0,0,0,0,0,0,0,0,0,0,0,0,0,0,0,0,0,0,0,0,0,0,0,0,0,0,0,0,0,0
banana republic canada,Social | Consideration | CON Social META DABA,2024-02-11,396.4373,0.0,289.5806,0,0,0,0,0,0,0,0,0,0,0,0,0,0,0,0,0,0,0,0,0,0,0,0,0,0,0,0,0,0,0,0,0,0,0,0,0,0,0,0,0,0,0
banana republic canada,Social | Consideration | CON Social META DABA,2024-02-18,477.4108,0.0,306.0765,0,0,0,0,0,0,0,0,0,0,0,0,0,0,0,0,0,0,0,0,0,0,0,0,0,0,0,0,0,0,0,0,0,0,0,0,0,0,0,0,0,0,0
banana republic canada,Social | Consideration | CON Social META DABA,2024-02-25,480.2644,0.0,277.3923,0,0,0,0,0,0,0,0,0,0,0,0,0,0,0,0,0,0,0,0,0,0,0,0,0,0,0,0,0,0,0,0,0,0,0,0,0,0,0,0,0,0,0
banana republic canada,Social | Consideration | CON Social META DABA,2024-03-03,2836.1249,0.0,1131.3543,0,1,0,0,0,0,0,0,0,0,0,0,0,0,0,0,0,0,0,0,0,0,0,0,0,0,0,0,0,0,0,0,0,0,0,0,0,0,1,0,0,0,0
banana republic canada,Social | Consideration | CON Social META DABA,2024-03-10,1830.829,0.0,929.1649,0,2,0,0,0,0,0,0,0,0,0,0,0,0,0,0,0,0,0,0,0,0,0,0,0,0,0,0,0,0,0,0,0,0,0,0,0,0,2,0,0,0,0
banana republic canada,Social | Consideration | CON Social META DABA,2024-03-17,426.2639,0.0,365.5652,0,0,0,0,0,0,0,0,0,0,0,0,0,0,0,0,0,0,0,0,0,0,0,0,0,0,0,0,0,0,0,0,0,0,0,0,0,0,0,0,0,0,0
banana republic canada,Social | Consideration | CON Social META DABA,2024-03-24,425.678,0.0,241.7152,0,0,0,0,0,0,0,0,0,0,0,0,0,0,0,0,0,0,0,0,0,0,0,0,0,0,0,0,0,0,0,0,0,0,0,0,0,0,0,0,0,0,0
banana republic canada,Social | Consideration | CON Social META DABA,2024-03-31,410.8569,0.0,221.0904,0,0,0,0,0,0,0,0,0,0,0,0,0,0,0,0,0,0,0,0,0,0,0,0,0,0,0,0,0,0,0,0,0,0,0,0,0,0,0,0,0,0,0
banana republic canada,Social | Consideration | CON Social META DABA,2024-04-07,378.4589,0.0,221.6161,0,0,0,0,0,0,0,0,0,0,0,0,0,0,0,0,0,0,0,0,0,0,0,0,0,0,0,0,0,0,0,0,0,0,0,0,0,0,0,0,0,0,0
banana republic canada,Social | Consideration | CON Social META DABA,2024-04-14,293.8072,0.0,162.2736,0,0,0,0,0,0,0,0,0,0,0,0,0,0,0,0,0,0,0,0,0,0,0,0,0,0,0,0,0,0,0,0,0,0,0,0,0,0,0,0,0,0,0
banana republic canada,Social | Consideration | CON Social META Influencer,2025-11-02,493.99,0.0,0.0,0,0,0,0,0,0,0,0,0,0,0,0,0,0,2,0,0,0,0,0,0,0,0,0,0,0,0,0,0,0,0,0,0,0,0,0,0,0,2,0,0,0,0
banana republic canada,Social | Consideration | CON Social META Influencer,2025-11-09,156.39,0.0,0.0,0,0,0,0,0,0,0,0,0,0,0,0,0,0,1,0,0,0,0,0,0,0,0,0,0,0,0,0,0,0,0,0,0,0,0,0,0,0,1,0,0,0,0
banana republic canada,Social | Consideration | CON Social META Influencer,2025-11-16,175.12,0.0,0.0,0,0,0,0,0,0,0,0,0,0,0,0,0,0,0,0,0,0,0,0,0,0,0,0,0,0,0,0,0,0,0,0,0,0,0,0,0,0,0,0,0,0,0
banana republic canada,Social | Consideration | CON Social META Influencer,2025-11-23,145.83,0.0,0.0,0,0,0,0,0,0,0,0,0,0,0,0,0,0,0,0,0,0,0,0,0,0,0,0,0,0,0,0,0,2,0,0,0,0,0,0,0,0,2,0,0,0,0
banana republic canada,Social | Consideration | CON Social META Influencer,2026-01-11,0.05,0.0,0.0,0,0,0,0,0,0,0,0,0,0,0,0,0,0,0,0,0,0,0,0,0,0,0,0,0,0,0,0,0,0,0,0,1,2,0,0,0,0,0,0,2,0,0
banana republic canada,Social | Consideration | CON Social META Influencer,2026-01-18,0.05,0.0,0.0,0,0,0,0,0,0,0,0,0,0,0,0,0,0,0,0,0,0,0,0,0,0,0,0,0,0,0,0,0,0,0,0,0,2,0,0,0,0,0,0,2,0,0
banana republic canada,Social | Consideration | CON Social META Influencer,2026-01-25,0.13,0.0,0.0,0,0,0,0,0,0,0,0,0,0,0,0,0,0,0,0,0,0,0,0,0,0,0,0,0,0,0,0,0,0,0,0,0,0,0,0,0,0,0,0,0,0,0
banana republic canada,Social | Consideration | CON Social Meta,2024-02-04,2058.6248,0.0,4023.8163,0,0,0,0,0,0,0,0,0,0,0,0,0,0,0,0,0,0,0,0,0,0,0,0,0,0,0,0,0,0,0,0,0,0,0,0,0,0,0,0,0,0,0
banana republic canada,Social | Consideration | CON Social Meta,2024-02-11,2239.0928,0.0,6754.9689,0,0,0,0,0,0,0,0,0,0,0,0,0,0,0,0,0,0,0,0,0,0,0,0,0,0,0,0,0,0,0,0,0,0,0,0,0,0,0,0,0,0,0
banana republic canada,Social | Consideration | CON Social Meta,2024-02-18,2662.4489,0.0,8807.9518,0,0,0,0,0,0,0,0,0,0,0,0,0,0,0,0,0,0,0,0,0,0,0,0,0,0,0,0,0,0,0,0,0,0,0,0,0,0,0,0,0,0,0
banana republic canada,Social | Consideration | CON Social Meta,2024-02-25,2616.0218,0.0,9200.5489,0,0,0,0,0,0,0,0,0,0,0,0,0,0,0,0,0,0,0,0,0,0,0,0,0,0,0,0,0,0,0,0,0,0,0,0,0,0,0,0,0,0,0
banana republic canada,Social | Consideration | CON Social Meta,2024-03-03,14510.0739,0.0,21534.0705,0,1,0,0,0,0,0,0,0,0,0,0,0,0,0,0,0,0,0,0,0,0,0,0,0,0,0,0,0,0,0,0,0,0,0,0,0,0,1,0,0,0,0
banana republic canada,Social | Consideration | CON Social Meta,2024-03-10,10882.0726,0.0,22899.6765,0,2,0,0,0,0,0,0,0,0,0,0,0,0,0,0,0,0,0,0,0,0,0,0,0,0,0,0,0,0,0,0,0,0,0,0,0,0,2,0,0,0,0
banana republic canada,Social | Consideration | CON Social Meta,2024-03-17,2399.7921,0.0,15431.6996,0,0,0,0,0,0,0,0,0,0,0,0,0,0,0,0,0,0,0,0,0,0,0,0,0,0,0,0,0,0,0,0,0,0,0,0,0,0,0,0,0,0,0
banana republic canada,Social | Consideration | CON Social Meta,2024-03-24,2375.1952,0.0,11619.2227,0,0,0,0,0,0,0,0,0,0,0,0,0,0,0,0,0,0,0,0,0,0,0,0,0,0,0,0,0,0,0,0,0,0,0,0,0,0,0,0,0,0,0
banana republic canada,Social | Consideration | CON Social Meta,2024-03-31,2360.3198,0.0,10100.6928,0,0,0,0,0,0,0,0,0,0,0,0,0,0,0,0,0,0,0,0,0,0,0,0,0,0,0,0,0,0,0,0,0,0,0,0,0,0,0,0,0,0,0
banana republic canada,Social | Consideration | CON Social Meta,2024-04-07,2181.0562,0.0,8821.8785,0,0,0,0,0,0,0,0,0,0,0,0,0,0,0,0,0,0,0,0,0,0,0,0,0,0,0,0,0,0,0,0,0,0,0,0,0,0,0,0,0,0,0
banana republic canada,Social | Consideration | CON Social Meta,2024-04-14,1669.1965,0.0,6833.547,0,0,0,0,0,0,0,0,0,0,0,0,0,0,0,0,0,0,0,0,0,0,0,0,0,0,0,0,0,0,0,0,0,0,0,0,0,0,0,0,0,0,0
banana republic canada,Social | Consideration | CON Social Meta,2024-04-21,2768.6704,0.0,7308.9935,0,0,0,0,0,0,0,0,0,0,0,0,0,0,0,0,0,0,0,0,0,0,0,0,0,0,0,0,0,0,0,0,0,0,0,0,0,0,0,0,0,0,0
banana republic canada,Social | Consideration | CON Social Meta,2024-04-28,1862.8473,0.0,6660.4386,0,0,0,0,0,0,0,0,0,0,0,0,0,0,0,0,0,0,0,0,0,0,0,0,0,0,0,0,0,0,0,0,0,0,0,0,0,0,0,0,0,0,0
banana republic canada,Social | Consideration | CON Social Meta,2024-05-05,2375.5749,0.0,6931.5633,0,0,0,0,0,0,0,0,0,0,0,0,0,0,0,0,0,0,0,0,0,0,0,0,0,0,0,0,0,0,0,0,0,0,0,0,0,0,0,0,0,0,0
banana republic canada,Social | Consideration | CON Social Meta,2024-05-12,5297.1219,0.0,10975.8384,0,0,0,0,0,0,0,0,0,0,0,0,0,0,0,0,0,0,0,0,0,0,0,1,0,0,0,0,0,0,0,0,0,0,0,0,0,0,0,0,0,1,0
banana republic canada,Social | Consideration | CON Social Meta,2024-05-19,3409.1676,0.0,10419.1531,0,0,0,0,0,0,0,0,0,0,0,0,0,0,0,0,0,0,0,0,0,0,0,1,1,0,0,0,0,0,0,0,0,0,0,0,0,0,0,0,0,1,0
banana republic canada,Social | Consideration | CON Social Meta,2024-05-26,2396.2334,0.0,8910.596,0,0,0,0,0,0,0,0,0,0,0,0,0,0,0,0,0,0,0,0,0,0,0,0,1,0,0,0,0,0,0,0,0,0,0,0,0,0,0,0,0,1,0
banana republic canada,Social | Consideration | CON Social Meta,2024-06-02,4197.4201,0.0,10868.6917,0,0,0,0,0,0,0,0,0,0,0,0,0,0,0,0,0,0,0,0,0,0,0,0,0,0,0,0,0,0,0,0,0,0,0,0,0,0,0,0,0,0,0
banana republic canada,Social | Consideration | CON Social Meta,2024-06-09,3908.604,0.0,10924.4966,0,0,0,0,0,0,0,0,0,0,0,0,0,0,0,0,0,0,0,0,0,0,0,0,0,0,0,0,0,0,0,0,0,0,0,0,0,0,0,0,0,0,0
banana republic canada,Social | Consideration | CON Social Meta,2024-06-16,3471.5334,0.0,10506.6299,0,0,0,0,0,0,0,0,0,0,0,0,0,0,0,0,0,0,0,0,0,0,0,0,0,0,0,0,0,0,0,0,0,0,0,0,0,0,0,0,0,0,0
banana republic canada,Social | Consideration | CON Social Meta,2024-06-23,3739.4308,0.0,10454.0554,0,0,0,0,0,0,0,0,0,0,0,0,0,0,0,0,0,0,0,0,0,0,0,0,0,1,0,0,0,0,0,0,0,0,0,0,0,1,0,0,0,0,0
banana republic canada,Social | Consideration | CON Social Meta,2024-06-30,4373.9496,0.0,11458.5563,0,0,0,0,0,0,0,0,0,0,0,0,0,0,0,0,0,0,0,0,0,0,0,0,0,2,1,0,0,0,0,0,0,0,0,0,0,2,0,0,0,0,0
banana republic canada,Social | Consideration | CON Social Meta,2024-07-07,2810.2259,0.0,9827.4311,0,0,0,0,0,0,0,0,0,0,0,0,0,0,0,0,0,0,0,0,0,0,0,0,0,0,2,1,0,0,0,0,0,0,0,0,0,2,0,0,1,0,0
banana republic canada,Social | Consideration | CON Social Meta,2024-07-14,2686.9157,0.0,8623.9677,0,0,0,0,0,0,0,0,0,0,0,0,0,0,0,0,0,0,0,0,0,0,0,0,0,0,0,2,0,0,0,0,0,0,0,0,0,0,0,0,2,0,0
banana republic canada,Social | Consideration | CON Social Meta,2024-07-21,2703.5704,0.0,7986.5451,0,0,0,0,0,0,0,0,0,0,0,0,0,0,0,0,0,0,0,0,0,0,0,0,0,0,0,1,2,0,0,0,0,0,0,0,0,0,0,0,2,0,0
banana republic canada,Social | Consideration | CON Social Meta,2024-07-28,2035.4829,0.0,7069.0139,0,0,0,0,0,0,0,0,0,0,0,0,0,0,0,0,0,0,0,0,0,0,0,0,0,0,0,0,2,0,0,0,0,0,0,0,0,0,0,0,2,0,0
banana republic canada,Social | Consideration | CON Social Meta,2024-08-04,2505.26,27086.9523,7747.4377,0,0,0,0,0,0,0,0,0,0,0,0,0,0,0,0,0,0,0,0,0,0,0,0,0,0,0,0,1,0,0,0,0,0,0,0,0,0,0,0,1,0,0
banana republic canada,Social | Consideration | CON Social Meta,2024-08-11,2256.35,26091.4366,7500.2198,0,0,0,0,0,0,0,0,0,0,0,0,0,0,0,0,0,0,0,0,0,0,0,0,0,0,0,0,0,0,0,0,0,0,0,0,0,0,0,0,0,0,0
banana republic canada,Social | Consideration | CON Social Meta,2024-08-18,2394.49,24760.0492,7149.0551,0,0,0,0,0,0,0,0,0,0,0,0,0,0,0,0,0,0,0,0,0,0,0,0,0,0,0,0,0,0,0,0,0,0,0,0,0,0,0,0,0,0,0
banana republic canada,Social | Consideration | CON Social Meta,2024-08-25,2849.9,28878.5394,7587.9909,0,0,0,0,0,0,0,0,0,0,0,0,0,0,0,0,0,0,0,0,0,0,0,0,0,0,0,0,0,0,0,0,0,0,0,0,0,0,0,0,0,0,0
banana republic canada,Social | Consideration | CON Social Meta,2024-09-01,3901.3208,37336.607,9068.3231,0,0,0,0,0,0,0,0,0,0,0,0,0,0,0,0,0,0,0,0,0,0,0,0,0,0,0,0,0,0,0,0,0,0,0,0,0,0,0,0,0,0,0
banana republic canada,Social | Consideration | CON Social Meta,2024-09-08,5399.82,42002.98,10412.6651,0,0,0,0,0,0,0,0,0,0,0,0,0,0,0,0,0,0,0,0,0,0,0,0,0,0,0,0,0,0,0,0,0,0,0,0,0,0,0,0,0,0,0
banana republic canada,Social | Consideration | CON Social Meta,2024-09-15,9536.29,64396.386,14442.8235,0,2,0,0,0,0,0,0,0,0,0,0,0,0,0,0,0,0,0,0,0,0,0,0,0,0,0,0,0,0,0,0,0,0,0,0,0,0,2,0,0,0,0
banana republic canada,Social | Consideration | CON Social Meta,2024-09-22,5223.52,39528.4856,12253.6087,0,2,0,0,0,0,0,0,0,0,0,0,0,0,0,0,0,0,0,0,0,0,0,0,0,0,0,0,0,0,0,0,0,0,0,0,0,0,2,0,0,0,0
banana republic canada,Social | Consideration | CON Social Meta,2024-09-29,1013.99,11799.6404,7326.6017,0,1,0,0,0,0,0,0,0,0,0,0,0,0,0,0,0,0,0,0,0,0,0,0,0,0,0,0,0,0,0,0,0,0,0,0,0,0,1,0,0,0,0
banana republic canada,Social | Consideration | CON Social Meta,2024-10-06,3203.88,22118.1699,6905.0858,0,0,0,0,0,0,0,0,0,0,0,0,0,0,0,0,0,0,0,0,0,0,0,0,0,0,0,0,0,0,0,0,0,0,0,0,0,0,0,0,0,0,0
banana republic canada,Social | Consideration | CON Social Meta,2024-10-13,3248.38,23174.0485,6721.7723,0,0,0,0,0,0,0,0,0,0,0,0,0,0,0,0,0,0,0,0,0,0,0,0,0,0,0,0,0,0,0,0,0,0,0,0,0,0,0,0,0,0,0
banana republic canada,Social | Consideration | CON Social Meta,2024-10-20,2699.5,19192.4037,6002.2622,0,0,0,0,0,0,0,0,0,0,0,0,0,0,0,0,0,0,0,0,0,0,0,0,0,0,0,0,0,0,0,0,0,0,0,0,0,0,0,0,0,0,0
banana republic canada,Social | Consideration | CON Social Meta,2024-10-27,4249.09,28024.6582,7106.1606,0,0,0,0,0,0,0,0,0,0,0,0,0,0,1,0,0,0,0,0,0,0,0,0,0,0,0,0,0,0,0,0,0,0,0,0,0,0,1,0,0,0,0
banana republic canada,Social | Consideration | CON Social Meta,2024-11-03,19559.4,98015.3872,18505.0403,0,0,0,0,0,0,0,0,0,0,0,0,0,0,2,0,0,0,0,0,0,0,0,0,0,0,0,0,0,0,0,0,0,0,0,0,0,0,2,0,0,0,0
banana republic canada,Social | Consideration | CON Social Meta,2024-11-10,9076.58,58020.9512,16899.4102,0,0,0,0,0,0,0,0,0,0,0,0,0,0,1,0,0,0,0,0,0,0,0,0,0,0,0,0,0,0,0,0,0,0,0,0,0,0,1,0,0,0,0
banana republic canada,Social | Consideration | CON Social Meta,2024-11-17,15876.75,81813.508,20469.7189,0,0,0,0,0,0,0,0,0,0,0,0,0,0,0,0,0,0,0,0,0,0,0,0,0,0,0,0,0,0,0,0,0,0,0,0,0,0,0,0,0,0,0
banana republic canada,Social | Consideration | CON Social Meta,2024-11-24,43343.21,170224.1372,35930.7208,0,0,0,0,0,0,0,0,0,0,0,0,0,0,0,0,0,0,0,0,0,0,0,0,0,0,0,0,0,2,0,0,0,0,0,0,0,0,2,0,0,0,0
banana republic canada,Social | Consideration | CON Social Meta,2024-12-01,6618.15,41276.7133,21832.1337,0,0,0,0,0,0,0,0,0,0,0,0,0,0,0,0,0,2,0,0,0,0,0,0,0,0,0,0,0,0,0,0,0,0,0,0,0,0,2,0,0,0,0
banana republic canada,Social | Consideration | CON Social Meta,2024-12-08,3645.78,25269.5821,14304.3382,0,0,0,0,0,0,0,0,0,0,0,0,0,0,0,0,0,0,0,0,0,0,0,0,0,0,0,0,0,0,1,0,0,0,0,0,0,0,1,0,0,0,0
banana republic canada,Social | Consideration | CON Social Meta,2024-12-15,2906.0,21717.0831,10263.1068,0,0,0,0,0,0,0,0,0,0,0,0,0,0,0,0,0,0,0,0,0,0,0,0,0,0,0,0,0,0,1,0,0,0,0,0,0,0,1,0,0,0,0
banana republic canada,Social | Consideration | CON Social Meta,2024-12-22,2927.43,23051.7118,8531.7138,0,0,0,0,0,0,0,0,0,0,0,0,0,0,0,0,0,0,0,0,0,0,0,0,0,0,0,0,0,0,0,1,0,0,0,0,0,0,0,0,1,0,0
banana republic canada,Social | Consideration | CON Social Meta,2024-12-29,1884.64,20799.2463,7280.7228,0,0,0,0,0,0,0,0,0,0,0,0,0,0,0,0,0,0,0,0,0,0,0,0,0,0,0,0,0,0,0,2,1,0,0,0,0,0,0,0,2,0,0
banana republic canada,Social | Consideration | CON Social Meta,2025-01-05,10516.1,94779.4337,18712.23,0,0,0,0,0,0,0,0,0,0,0,0,0,0,0,0,0,0,0,0,0,0,0,0,0,0,0,0,0,0,0,0,2,0,0,0,0,0,0,0,2,0,0
banana republic canada,Social | Consideration | CON Social Meta,2025-01-12,9478.5,88115.7086,22135.6386,0,0,0,0,0,0,0,0,0,0,0,0,0,0,0,0,0,0,0,0,0,0,0,0,0,0,0,0,0,0,0,0,1,2,0,0,0,0,0,0,2,0,0
banana republic canada,Social | Consideration | CON Social Meta,2025-01-19,7888.66,73846.8789,21614.3922,0,0,0,0,0,0,0,0,0,0,0,0,0,0,0,0,0,0,0,0,0,0,0,0,0,0,0,0,0,0,0,0,0,2,0,0,0,0,0,0,2,0,0
banana republic canada,Social | Consideration | CON Social Meta,2025-01-26,8391.31,69664.5128,20957.2453,0,0,0,0,0,0,0,0,0,0,0,0,0,0,0,0,0,0,0,0,0,0,0,0,0,0,0,0,0,0,0,0,0,0,0,0,0,0,0,0,0,0,0
banana republic canada,Social | Consideration | CON Social Meta,2025-02-02,4424.32,40611.8101,15931.7262,0,0,0,0,0,0,0,0,0,0,0,0,0,0,0,0,0,0,0,0,0,0,0,0,0,0,0,0,0,0,0,0,0,0,0,0,0,0,0,0,0,0,0
banana republic canada,Social | Consideration | CON Social Meta,2025-02-09,4603.01,37617.0662,13375.1255,0,0,0,0,0,0,0,0,0,0,0,0,0,0,0,0,0,0,0,0,0,0,0,0,0,0,0,0,0,0,0,0,0,0,0,0,0,0,0,0,0,0,0
banana republic canada,Social | Consideration | CON Social Meta,2025-02-16,5524.42,43645.4091,13082.635,0,0,0,0,0,0,0,0,0,0,0,0,0,0,0,0,0,0,0,0,0,0,0,0,0,0,0,0,0,0,0,0,0,0,0,0,0,0,0,0,0,0,0
banana republic canada,Social | Consideration | CON Social Meta,2025-02-23,6138.06,49433.1703,13854.852,0,0,0,0,0,0,0,0,0,0,0,0,0,0,0,0,0,0,0,0,0,0,0,0,0,0,0,0,0,0,0,0,0,0,0,0,0,0,0,0,0,0,0
banana republic canada,Social | Consideration | CON Social Meta,2025-03-02,3337.07,32142.9188,11356.2528,0,0,0,0,0,0,0,0,0,0,0,0,0,0,0,0,0,0,0,0,0,0,0,0,0,0,0,0,0,0,0,0,0,0,0,0,0,0,0,0,0,0,0
banana republic canada,Social | Consideration | CON Social Meta,2025-03-09,2558.9,21763.696,8700.0641,0,0,0,0,0,0,0,0,0,0,0,0,0,0,0,0,0,0,0,0,0,0,0,0,0,0,0,0,0,0,0,0,0,0,0,0,0,0,0,0,0,0,0
banana republic canada,Social | Consideration | CON Social Meta,2025-03-16,6178.81,44203.5022,11150.5447,0,0,0,0,0,0,0,0,0,0,0,0,0,0,0,0,0,0,0,0,0,0,0,0,0,0,0,0,0,0,0,0,0,0,0,0,0,0,0,0,0,0,0
banana republic canada,Social | Consideration | CON Social Meta,2025-03-23,12934.27,81513.5505,18022.7919,0,2,0,0,0,0,0,0,0,0,0,0,0,0,0,0,0,0,0,0,0,0,0,0,0,0,0,0,0,0,0,0,0,0,0,0,0,0,2,0,0,0,0
banana republic canada,Social | Consideration | CON Social Meta,2025-03-30,4739.19,45799.9287,15072.9232,0,1,0,0,0,0,0,0,0,0,0,0,0,0,0,0,0,0,0,0,0,0,0,0,0,0,0,0,0,0,0,0,0,0,0,0,0,0,1,0,0,0,0
banana republic canada,Social | Consideration | CON Social Meta,2025-04-06,3733.57,34709.5877,12331.4515,0,0,0,0,0,0,0,0,0,0,0,0,0,0,0,0,0,0,0,0,0,0,0,0,0,0,0,0,0,0,0,0,0,0,0,0,0,0,0,0,0,0,0
banana republic canada,Social | Consideration | CON Social Meta,2025-04-13,3555.48,29057.0774,10172.276,0,0,0,0,0,0,0,0,0,0,0,0,0,0,0,0,0,0,0,0,0,0,0,0,0,0,0,0,0,0,0,0,0,0,1,0,0,0,0,0,0,0,1
banana republic canada,Social | Consideration | CON Social Meta,2025-04-20,4793.81,36480.547,10340.2373,0,0,0,0,0,0,0,0,0,0,0,0,0,0,0,0,0,0,0,0,0,0,0,0,0,0,0,0,0,0,0,0,0,0,1,0,0,0,0,0,0,0,1
banana republic canada,Social | Consideration | CON Social Meta,2025-04-27,4240.11,35393.1471,10134.5979,0,0,0,0,0,0,0,0,0,0,0,0,0,0,0,0,0,0,0,0,0,0,0,0,0,0,0,0,0,0,0,0,0,0,0,0,0,0,0,0,0,0,0
banana republic canada,Social | Consideration | CON Social Meta,2025-05-04,3570.26,30135.6124,9226.543,0,0,0,0,0,0,0,0,0,0,0,0,0,0,0,0,0,0,0,0,0,0,0,0,0,0,0,0,0,0,0,0,0,0,0,0,0,0,0,0,0,0,0
banana republic canada,Social | Consideration | CON Social Meta,2025-05-11,3530.17,29687.6158,8832.2281,0,0,0,0,0,0,0,0,0,0,0,0,0,0,0,0,0,0,0,0,0,0,0,1,0,0,0,0,0,0,0,0,0,0,0,0,0,0,0,0,0,0,1
banana republic canada,Social | Consideration | CON Social Meta,2025-05-18,3457.9,30840.3805,8778.6027,0,0,0,0,0,0,0,0,0,0,0,0,0,0,0,0,0,0,0,0,0,0,0,1,0,0,0,0,0,0,0,0,0,0,0,0,0,0,0,0,0,0,1
banana republic canada,Social | Consideration | CON Social Meta,2025-05-25,3441.67,30325.0412,8633.0228,0,0,0,0,0,0,0,0,0,0,0,0,0,0,0,0,0,0,0,0,0,0,0,0,0,0,0,0,0,0,0,0,0,0,0,0,0,0,0,0,0,0,0
banana republic canada,Social | Consideration | CON Social Meta,2025-06-01,2858.38,27275.1554,8063.6556,0,0,0,0,0,0,0,0,0,0,0,0,0,0,0,0,0,0,0,0,0,0,0,0,0,0,0,0,0,0,0,0,0,0,0,0,0,0,0,0,0,0,0
banana republic canada,Social | Consideration | CON Social Meta,2025-06-08,2870.05,25955.6047,7613.3194,0,0,0,0,0,0,0,0,0,0,0,0,0,0,0,0,0,0,0,0,0,0,0,0,0,0,0,0,0,0,0,0,0,0,0,0,0,0,0,0,0,0,0
banana republic canada,Social | Consideration | CON Social Meta,2025-06-15,2867.63,25508.4028,7338.0506,0,0,0,0,0,0,0,0,0,0,0,0,0,0,0,0,0,0,0,0,0,0,0,0,0,0,0,0,0,0,0,0,0,0,0,0,0,0,0,0,0,0,0
banana republic canada,Social | Consideration | CON Social Meta,2025-06-22,2938.49,26203.3724,7337.2957,0,0,0,0,0,0,0,0,0,0,0,0,0,0,0,0,0,0,0,0,0,0,0,0,0,1,0,0,0,0,0,0,0,0,0,0,0,0,0,0,1,0,0
banana republic canada,Social | Consideration | CON Social Meta,2025-06-29,2777.39,28151.0482,7593.0611,0,0,0,0,0,0,0,0,0,0,0,0,0,0,0,0,0,0,0,0,0,0,0,0,0,1,2,0,0,0,0,0,0,0,0,0,0,0,0,0,2,0,0
banana republic canada,Social | Consideration | CON Social Meta,2025-07-06,1940.56,20097.7103,6466.0638,0,0,0,0,0,0,0,0,0,0,0,0,0,0,0,0,0,0,0,0,0,0,0,0,0,0,2,1,0,0,0,0,0,0,0,0,0,0,0,0,2,0,0
banana republic canada,Social | Consideration | CON Social Meta,2025-07-13,1911.58,18610.2709,5805.4166,0,0,0,0,0,0,0,0,0,0,0,0,0,0,0,0,0,0,0,0,0,0,0,0,0,0,0,2,0,0,0,0,0,0,0,0,0,0,0,0,2,0,0
banana republic canada,Social | Consideration | CON Social Meta,2025-07-20,1897.14,18241.4177,5428.9777,0,0,0,0,0,0,0,0,0,0,0,0,0,0,0,0,0,0,0,0,0,0,0,0,0,0,0,1,2,0,0,0,0,0,0,0,0,0,0,0,2,0,0
banana republic canada,Social | Consideration | CON Social Meta,2025-07-27,1905.72,17638.9456,5180.6914,0,0,0,0,0,0,0,0,0,0,0,0,0,0,0,0,0,0,0,0,0,0,0,0,0,0,0,0,2,0,0,0,0,0,0,0,0,0,0,0,2,0,0
banana republic canada,Social | Consideration | CON Social Meta,2025-08-03,2105.19,19456.8774,6199.521,0,0,0,0,0,0,0,0,0,0,0,0,0,0,0,0,0,0,0,0,0,0,0,0,0,0,0,0,1,0,0,0,0,0,0,0,0,0,0,0,1,0,0
banana republic canada,Social | Consideration | CON Social Meta,2025-08-10,2137.96,19147.1542,6610.5293,0,0,0,0,0,0,0,0,0,0,0,0,0,0,0,0,0,0,0,0,0,0,0,0,0,0,0,0,0,0,0,0,0,0,0,0,0,0,0,0,0,0,0
banana republic canada,Social | Consideration | CON Social Meta,2025-08-17,2130.42,18753.5576,6761.7073,0,0,0,0,0,0,0,0,0,0,0,0,0,0,0,0,0,0,0,0,0,0,0,0,0,0,0,0,0,0,0,0,0,0,0,0,0,0,0,0,0,0,0
banana republic canada,Social | Consideration | CON Social Meta,2025-08-24,2103.26,19652.2182,7005.9899,0,0,0,0,0,0,0,0,0,0,0,0,0,0,0,0,0,0,0,0,0,0,0,0,0,0,0,0,0,0,0,0,0,0,0,1,0,1,0,0,0,0,0
banana republic canada,Social | Consideration | CON Social Meta,2025-08-31,1521.46,14702.1339,6103.54,0,0,0,0,0,0,0,0,0,0,0,0,0,0,0,0,0,0,0,0,0,0,0,0,0,0,0,0,0,0,0,0,0,0,0,1,0,1,0,0,0,0,0
banana republic canada,Social | Consideration | CON Social Meta,2025-09-07,3355.25,27325.1068,8345.5639,0,1,0,0,0,0,0,0,0,0,0,0,0,0,0,0,0,0,0,0,0,0,0,0,0,0,0,0,0,0,0,0,0,0,0,0,0,0,1,0,0,0,0
banana republic canada,Social | Consideration | CON Social Meta,2025-09-14,3437.53,29344.5484,9593.0746,0,2,0,0,0,0,0,0,0,0,0,0,0,0,0,0,0,0,0,0,0,0,0,0,0,0,0,0,0,0,0,0,0,0,0,0,0,0,2,0,0,0,0
banana republic canada,Social | Consideration | CON Social Meta,2025-09-21,1061.17,11422.1794,6545.2355,0,1,0,0,0,0,0,0,0,0,0,0,0,0,0,0,0,0,0,0,0,0,0,0,0,0,0,0,0,0,0,0,0,0,0,0,0,0,1,0,0,0,0
banana republic canada,Social | Consideration | CON Social Meta,2025-09-28,732.78,8954.7808,4885.6701,0,0,0,0,0,0,0,0,0,0,0,0,0,0,0,0,0,0,0,0,0,0,0,0,0,0,0,0,0,0,0,0,0,0,0,0,0,0,0,0,0,0,0
banana republic canada,Social | Consideration | CON Social Meta,2025-10-05,1518.89,14031.9832,5161.1689,0,0,0,0,0,0,0,0,0,0,0,0,0,0,0,0,0,0,0,0,0,0,0,0,0,0,0,0,0,0,0,0,0,0,0,0,0,0,0,0,0,0,0
banana republic canada,Social | Consideration | CON Social Meta,2025-10-12,1454.27,14333.1249,5265.7646,0,0,0,0,0,0,0,0,0,0,0,0,0,0,0,0,0,0,0,0,0,0,0,0,0,0,0,0,0,0,0,0,0,0,0,0,0,0,0,0,0,0,0
banana republic canada,Social | Consideration | CON Social Meta,2025-10-19,1561.03,15510.6055,5550.6675,0,0,0,0,0,0,0,0,0,0,0,0,0,0,0,0,0,0,0,0,0,0,0,0,0,0,0,0,0,0,0,0,0,0,0,0,0,0,0,0,0,0,0
banana republic canada,Social | Consideration | CON Social Meta,2025-10-26,1547.42,14924.5922,5536.5782,0,0,0,0,0,0,0,0,0,0,0,0,0,0,0,0,0,0,0,0,0,0,0,0,0,0,0,0,0,0,0,0,0,0,0,0,0,0,0,0,0,0,0
banana republic canada,Social | Consideration | CON Social Meta,2025-11-02,21811.86,128047.2346,29137.2864,0,0,0,0,0,0,0,0,0,0,0,0,0,0,2,0,0,0,0,0,0,0,0,0,0,0,0,0,0,0,0,0,0,0,0,0,0,0,2,0,0,0,0
banana republic canada,Social | Consideration | CON Social Meta,2025-11-09,5978.06,49109.7569,22081.7169,0,0,0,0,0,0,0,0,0,0,0,0,0,0,1,0,0,0,0,0,0,0,0,0,0,0,0,0,0,0,0,0,0,0,0,0,0,0,1,0,0,0,0
banana republic canada,Social | Consideration | CON Social Meta,2025-11-16,3416.82,25458.2359,15316.2501,0,0,0,0,0,0,0,0,0,0,0,0,0,0,0,0,0,0,0,0,0,0,0,0,0,0,0,0,0,0,0,0,0,0,0,0,0,0,0,0,0,0,0
banana republic canada,Social | Consideration | CON Social Meta,2025-11-23,11592.47,54609.9847,18483.7343,0,0,0,0,0,0,0,0,0,0,0,0,0,0,0,0,0,0,0,0,0,0,0,0,0,0,0,0,0,2,0,0,0,0,0,0,0,0,2,0,0,0,0
banana republic canada,Social | Consideration | CON Social Meta,2025-11-30,4127.31,26926.2555,13658.5903,0,0,0,0,0,0,0,0,0,0,0,0,0,0,0,0,0,2,0,0,0,0,0,0,0,0,0,0,0,0,0,0,0,0,0,0,0,0,2,0,0,0,0
banana republic canada,Social | Consideration | CON Social Meta,2025-12-07,1993.27,15796.5375,9502.7455,0,0,0,0,0,0,0,0,0,0,0,0,0,0,0,0,0,0,0,0,0,0,0,0,0,0,0,0,0,0,2,0,0,0,0,0,0,0,2,0,0,0,0
banana republic canada,Social | Consideration | CON Social Meta,2025-12-14,1169.82,8455.6231,6151.1277,0,0,0,0,0,0,0,0,0,0,0,0,0,0,0,0,0,0,0,0,0,0,0,0,0,0,0,0,0,0,1,0,0,0,0,0,2,2,1,0,0,0,0
banana republic canada,Social | Consideration | CON Social Meta,2025-12-21,2073.03,14363.2638,5813.3935,0,0,0,0,0,0,0,0,0,0,0,0,0,0,0,0,0,0,0,0,0,0,0,0,0,0,0,0,0,0,0,1,0,0,0,0,2,2,0,0,1,0,0
banana republic canada,Social | Consideration | CON Social Meta,2025-12-28,1605.41,19833.9497,6637.6397,0,0,0,0,0,0,0,0,0,0,0,0,0,0,0,0,0,0,0,0,0,0,0,0,0,0,0,0,0,0,0,2,0,0,0,0,0,0,0,0,2,0,0
banana republic canada,Social | Consideration | CON Social Meta,2026-01-04,475.05,7754.4979,4502.7484,0,0,0,0,0,0,0,0,0,0,0,0,0,0,0,0,0,0,0,0,0,0,0,0,0,0,0,0,0,0,0,1,2,0,0,0,0,0,0,0,2,0,0
banana republic canada,Social | Consideration | CON Social Meta,2026-01-11,462.59,6460.9915,3420.8019,0,0,0,0,0,0,0,0,0,0,0,0,0,0,0,0,0,0,0,0,0,0,0,0,0,0,0,0,0,0,0,0,1,2,0,0,0,0,0,0,2,0,0
banana republic canada,Social | Consideration | CON Social Meta,2026-01-18,457.23,5975.3456,2798.9039,0,0,0,0,0,0,0,0,0,0,0,0,0,0,0,0,0,0,0,0,0,0,0,0,0,0,0,0,0,0,0,0,0,2,0,0,0,0,0,0,2,0,0
banana republic canada,Social | Consideration | CON Social Meta,2026-01-25,456.89,5631.0534,2410.3392,0,0,0,0,0,0,0,0,0,0,0,0,0,0,0,0,0,0,0,0,0,0,0,0,0,0,0,0,0,0,0,0,0,0,0,0,0,0,0,0,0,0,0
banana republic canada,Social | Consideration | CON Social Pinterest,2024-03-03,6988.7345,0.0,0.0,0,1,0,0,0,0,0,0,0,0,0,0,0,0,0,0,0,0,0,0,0,0,0,0,0,0,0,0,0,0,0,0,0,0,0,0,0,0,1,0,0,0,0
banana republic canada,Social | Consideration | CON Social Pinterest,2024-03-10,6154.847,0.0,0.0,0,2,0,0,0,0,0,0,0,0,0,0,0,0,0,0,0,0,0,0,0,0,0,0,0,0,0,0,0,0,0,0,0,0,0,0,0,0,2,0,0,0,0
banana republic canada,Social | Consideration | CON Social Pinterest,2024-03-17,1562.2155,0.0,0.0,0,0,0,0,0,0,0,0,0,0,0,0,0,0,0,0,0,0,0,0,0,0,0,0,0,0,0,0,0,0,0,0,0,0,0,0,0,0,0,0,0,0,0
banana republic canada,Social | Consideration | CON Social Pinterest,2024-03-24,1544.964,0.0,0.0,0,0,0,0,0,0,0,0,0,0,0,0,0,0,0,0,0,0,0,0,0,0,0,0,0,0,0,0,0,0,0,0,0,0,0,0,0,0,0,0,0,0,0
banana republic canada,Social | Consideration | CON Social Pinterest,2024-03-31,1486.9274,0.0,0.0,0,0,0,0,0,0,0,0,0,0,0,0,0,0,0,0,0,0,0,0,0,0,0,0,0,0,0,0,0,0,0,0,0,0,0,0,0,0,0,0,0,0,0
banana republic canada,Social | Consideration | CON Social Pinterest,2024-04-07,1826.4347,0.0,0.0,0,0,0,0,0,0,0,0,0,0,0,0,0,0,0,0,0,0,0,0,0,0,0,0,0,0,0,0,0,0,0,0,0,0,0,0,0,0,0,0,0,0,0
banana republic canada,Social | Consideration | CON Social Pinterest,2024-04-14,1400.5614,0.0,0.0,0,0,0,0,0,0,0,0,0,0,0,0,0,0,0,0,0,0,0,0,0,0,0,0,0,0,0,0,0,0,0,0,0,0,0,0,0,0,0,0,0,0,0
banana republic canada,Social | Consideration | CON Social Pinterest,2024-04-21,1967.8536,0.0,0.0,0,0,0,0,0,0,0,0,0,0,0,0,0,0,0,0,0,0,0,0,0,0,0,0,0,0,0,0,0,0,0,0,0,0,0,0,0,0,0,0,0,0,0
banana republic canada,Social | Consideration | CON Social Pinterest,2024-04-28,1370.8867,0.0,0.0,0,0,0,0,0,0,0,0,0,0,0,0,0,0,0,0,0,0,0,0,0,0,0,0,0,0,0,0,0,0,0,0,0,0,0,0,0,0,0,0,0,0,0
banana republic canada,Social | Consideration | CON Social Pinterest,2024-05-05,1712.7268,0.0,0.0,0,0,0,0,0,0,0,0,0,0,0,0,0,0,0,0,0,0,0,0,0,0,0,0,0,0,0,0,0,0,0,0,0,0,0,0,0,0,0,0,0,0,0
banana republic canada,Social | Consideration | CON Social Pinterest,2024-05-12,3482.3943,0.0,0.0,0,0,0,0,0,0,0,0,0,0,0,0,0,0,0,0,0,0,0,0,0,0,0,1,0,0,0,0,0,0,0,0,0,0,0,0,0,0,0,0,0,1,0
banana republic canada,Social | Consideration | CON Social Pinterest,2024-05-19,2597.3273,0.0,0.0,0,0,0,0,0,0,0,0,0,0,0,0,0,0,0,0,0,0,0,0,0,0,0,1,1,0,0,0,0,0,0,0,0,0,0,0,0,0,0,0,0,1,0
banana republic canada,Social | Consideration | CON Social Pinterest,2024-05-26,1723.5442,0.0,0.0,0,0,0,0,0,0,0,0,0,0,0,0,0,0,0,0,0,0,0,0,0,0,0,0,1,0,0,0,0,0,0,0,0,0,0,0,0,0,0,0,0,1,0
banana republic canada,Social | Consideration | CON Social Pinterest,2024-06-02,2600.8752,0.0,0.0,0,0,0,0,0,0,0,0,0,0,0,0,0,0,0,0,0,0,0,0,0,0,0,0,0,0,0,0,0,0,0,0,0,0,0,0,0,0,0,0,0,0,0
banana republic canada,Social | Consideration | CON Social Pinterest,2024-06-09,2783.0901,0.0,0.0,0,0,0,0,0,0,0,0,0,0,0,0,0,0,0,0,0,0,0,0,0,0,0,0,0,0,0,0,0,0,0,0,0,0,0,0,0,0,0,0,0,0,0
banana republic canada,Social | Consideration | CON Social Pinterest,2024-06-16,2673.4291,0.0,0.0,0,0,0,0,0,0,0,0,0,0,0,0,0,0,0,0,0,0,0,0,0,0,0,0,0,0,0,0,0,0,0,0,0,0,0,0,0,0,0,0,0,0,0
banana republic canada,Social | Consideration | CON Social Pinterest,2024-06-23,2784.2944,0.0,0.0,0,0,0,0,0,0,0,0,0,0,0,0,0,0,0,0,0,0,0,0,0,0,0,0,0,1,0,0,0,0,0,0,0,0,0,0,0,1,0,0,0,0,0
banana republic canada,Social | Consideration | CON Social Pinterest,2024-06-30,3196.6812,0.0,0.0,0,0,0,0,0,0,0,0,0,0,0,0,0,0,0,0,0,0,0,0,0,0,0,0,0,2,1,0,0,0,0,0,0,0,0,0,0,2,0,0,0,0,0
banana republic canada,Social | Consideration | CON Social Pinterest,2024-07-07,2077.8943,0.0,0.0,0,0,0,0,0,0,0,0,0,0,0,0,0,0,0,0,0,0,0,0,0,0,0,0,0,0,2,1,0,0,0,0,0,0,0,0,0,2,0,0,1,0,0
banana republic canada,Social | Consideration | CON Social Pinterest,2024-07-14,1909.6868,0.0,0.0,0,0,0,0,0,0,0,0,0,0,0,0,0,0,0,0,0,0,0,0,0,0,0,0,0,0,0,2,0,0,0,0,0,0,0,0,0,0,0,0,2,0,0
banana republic canada,Social | Consideration | CON Social Pinterest,2024-07-21,2014.6823,0.0,0.0,0,0,0,0,0,0,0,0,0,0,0,0,0,0,0,0,0,0,0,0,0,0,0,0,0,0,0,1,2,0,0,0,0,0,0,0,0,0,0,0,2,0,0
banana republic canada,Social | Consideration | CON Social Pinterest,2024-07-28,1409.1062,0.0,0.0,0,0,0,0,0,0,0,0,0,0,0,0,0,0,0,0,0,0,0,0,0,0,0,0,0,0,0,0,2,0,0,0,0,0,0,0,0,0,0,0,2,0,0
banana republic canada,Social | Consideration | CON Social Pinterest,2024-08-04,1531.85,0.0,0.0,0,0,0,0,0,0,0,0,0,0,0,0,0,0,0,0,0,0,0,0,0,0,0,0,0,0,0,0,1,0,0,0,0,0,0,0,0,0,0,0,1,0,0
banana republic canada,Social | Consideration | CON Social Pinterest,2024-08-11,1504.34,0.0,0.0,0,0,0,0,0,0,0,0,0,0,0,0,0,0,0,0,0,0,0,0,0,0,0,0,0,0,0,0,0,0,0,0,0,0,0,0,0,0,0,0,0,0,0
banana republic canada,Social | Consideration | CON Social Pinterest,2024-08-18,1570.88,0.0,0.0,0,0,0,0,0,0,0,0,0,0,0,0,0,0,0,0,0,0,0,0,0,0,0,0,0,0,0,0,0,0,0,0,0,0,0,0,0,0,0,0,0,0,0
banana republic canada,Social | Consideration | CON Social Pinterest,2024-08-25,1927.31,0.0,0.0,0,0,0,0,0,0,0,0,0,0,0,0,0,0,0,0,0,0,0,0,0,0,0,0,0,0,0,0,0,0,0,0,0,0,0,0,0,0,0,0,0,0,0
banana republic canada,Social | Consideration | CON Social Pinterest,2024-09-01,1529.59,0.0,0.0,0,0,0,0,0,0,0,0,0,0,0,0,0,0,0,0,0,0,0,0,0,0,0,0,0,0,0,0,0,0,0,0,0,0,0,0,0,0,0,0,0,0,0
banana republic canada,Social | Consideration | CON Social Pinterest,2024-09-08,2957.92,0.0,0.0,0,0,0,0,0,0,0,0,0,0,0,0,0,0,0,0,0,0,0,0,0,0,0,0,0,0,0,0,0,0,0,0,0,0,0,0,0,0,0,0,0,0,0
banana republic canada,Social | Consideration | CON Social Pinterest,2024-09-15,8060.08,0.0,0.0,0,2,0,0,0,0,0,0,0,0,0,0,0,0,0,0,0,0,0,0,0,0,0,0,0,0,0,0,0,0,0,0,0,0,0,0,0,0,2,0,0,0,0
banana republic canada,Social | Consideration | CON Social Pinterest,2024-09-22,4649.44,0.0,0.0,0,2,0,0,0,0,0,0,0,0,0,0,0,0,0,0,0,0,0,0,0,0,0,0,0,0,0,0,0,0,0,0,0,0,0,0,0,0,2,0,0,0,0
banana republic canada,Social | Consideration | CON Social Pinterest,2024-09-29,863.8,0.0,0.0,0,1,0,0,0,0,0,0,0,0,0,0,0,0,0,0,0,0,0,0,0,0,0,0,0,0,0,0,0,0,0,0,0,0,0,0,0,0,1,0,0,0,0
banana republic canada,Social | Consideration | CON Social Pinterest,2024-10-06,2729.23,0.0,0.0,0,0,0,0,0,0,0,0,0,0,0,0,0,0,0,0,0,0,0,0,0,0,0,0,0,0,0,0,0,0,0,0,0,0,0,0,0,0,0,0,0,0,0
banana republic canada,Social | Consideration | CON Social Pinterest,2024-10-13,2742.0,0.0,0.0,0,0,0,0,0,0,0,0,0,0,0,0,0,0,0,0,0,0,0,0,0,0,0,0,0,0,0,0,0,0,0,0,0,0,0,0,0,0,0,0,0,0,0
banana republic canada,Social | Consideration | CON Social Pinterest,2024-10-20,2389.23,0.0,0.0,0,0,0,0,0,0,0,0,0,0,0,0,0,0,0,0,0,0,0,0,0,0,0,0,0,0,0,0,0,0,0,0,0,0,0,0,0,0,0,0,0,0,0
banana republic canada,Social | Consideration | CON Social Pinterest,2024-10-27,3597.74,0.0,0.0,0,0,0,0,0,0,0,0,0,0,0,0,0,0,1,0,0,0,0,0,0,0,0,0,0,0,0,0,0,0,0,0,0,0,0,0,0,0,1,0,0,0,0
banana republic canada,Social | Consideration | CON Social Pinterest,2024-11-03,9173.69,0.0,0.0,0,0,0,0,0,0,0,0,0,0,0,0,0,0,2,0,0,0,0,0,0,0,0,0,0,0,0,0,0,0,0,0,0,0,0,0,0,0,2,0,0,0,0
banana republic canada,Social | Consideration | CON Social Pinterest,2024-11-10,162.64,0.0,0.0,0,0,0,0,0,0,0,0,0,0,0,0,0,0,1,0,0,0,0,0,0,0,0,0,0,0,0,0,0,0,0,0,0,0,0,0,0,0,1,0,0,0,0
banana republic canada,Social | Consideration | CON Social Pinterest,2024-12-15,3861.87,0.0,0.0,0,0,0,0,0,0,0,0,0,0,0,0,0,0,0,0,0,0,0,0,0,0,0,0,0,0,0,0,0,0,1,0,0,0,0,0,0,0,1,0,0,0,0
banana republic canada,Social | Consideration | CON Social Pinterest,2024-12-22,7815.27,0.0,0.0,0,0,0,0,0,0,0,0,0,0,0,0,0,0,0,0,0,0,0,0,0,0,0,0,0,0,0,0,0,0,0,1,0,0,0,0,0,0,0,0,1,0,0
banana republic canada,Social | Consideration | CON Social Pinterest,2024-12-29,3323.1,0.0,0.0,0,0,0,0,0,0,0,0,0,0,0,0,0,0,0,0,0,0,0,0,0,0,0,0,0,0,0,0,0,0,0,2,1,0,0,0,0,0,0,0,2,0,0
banana republic canada,Social | Consideration | CON Social Pinterest,2025-06-08,144.52,0.0,0.0,0,0,0,0,0,0,0,0,0,0,0,0,0,0,0,0,0,0,0,0,0,0,0,0,0,0,0,0,0,0,0,0,0,0,0,0,0,0,0,0,0,0,0
banana republic canada,Social | Consideration | CON Social Pinterest,2025-06-15,332.35,0.0,0.0,0,0,0,0,0,0,0,0,0,0,0,0,0,0,0,0,0,0,0,0,0,0,0,0,0,0,0,0,0,0,0,0,0,0,0,0,0,0,0,0,0,0,0
banana republic canada,Social | Consideration | CON Social Pinterest,2025-06-22,329.45,0.0,0.0,0,0,0,0,0,0,0,0,0,0,0,0,0,0,0,0,0,0,0,0,0,0,0,0,0,1,0,0,0,0,0,0,0,0,0,0,0,0,0,0,1,0,0
banana republic canada,Social | Consideration | CON Social Pinterest,2025-06-29,101.68,0.0,0.0,0,0,0,0,0,0,0,0,0,0,0,0,0,0,0,0,0,0,0,0,0,0,0,0,0,1,2,0,0,0,0,0,0,0,0,0,0,0,0,0,2,0,0
banana republic canada,Social | Consideration | CON Social Pinterest,2025-07-13,207.77,0.0,0.0,0,0,0,0,0,0,0,0,0,0,0,0,0,0,0,0,0,0,0,0,0,0,0,0,0,0,0,2,0,0,0,0,0,0,0,0,0,0,0,0,2,0,0
banana republic canada,Social | Consideration | CON Social Pinterest,2025-07-20,352.25,0.0,0.0,0,0,0,0,0,0,0,0,0,0,0,0,0,0,0,0,0,0,0,0,0,0,0,0,0,0,0,1,2,0,0,0,0,0,0,0,0,0,0,0,2,0,0
banana republic canada,Social | Consideration | CON Social Pinterest,2025-07-27,333.31,0.0,0.0,0,0,0,0,0,0,0,0,0,0,0,0,0,0,0,0,0,0,0,0,0,0,0,0,0,0,0,0,2,0,0,0,0,0,0,0,0,0,0,0,2,0,0
banana republic canada,Social | Consideration | CON Social Pinterest,2025-08-03,203.3819,0.0,0.0,0,0,0,0,0,0,0,0,0,0,0,0,0,0,0,0,0,0,0,0,0,0,0,0,0,0,0,0,1,0,0,0,0,0,0,0,0,0,0,0,1,0,0
banana republic canada,Social | Consideration | CON Social Pinterest,2025-08-10,1272.7526,0.0,0.0,0,0,0,0,0,0,0,0,0,0,0,0,0,0,0,0,0,0,0,0,0,0,0,0,0,0,0,0,0,0,0,0,0,0,0,0,0,0,0,0,0,0,0
banana republic canada,Social | Consideration | CON Social Pinterest,2025-08-17,1271.3171,0.0,0.0,0,0,0,0,0,0,0,0,0,0,0,0,0,0,0,0,0,0,0,0,0,0,0,0,0,0,0,0,0,0,0,0,0,0,0,0,0,0,0,0,0,0,0
banana republic canada,Social | Consideration | CON Social Pinterest,2025-08-24,1252.5484,0.0,0.0,0,0,0,0,0,0,0,0,0,0,0,0,0,0,0,0,0,0,0,0,0,0,0,0,0,0,0,0,0,0,0,0,0,0,0,1,0,1,0,0,0,0,0
banana republic canada,Social | Consideration | CON Social Pinterest,2025-08-31,602.3285,0.0,0.0,0,0,0,0,0,0,0,0,0,0,0,0,0,0,0,0,0,0,0,0,0,0,0,0,0,0,0,0,0,0,0,0,0,0,0,1,0,1,0,0,0,0,0
banana republic canada,Social | Consideration | CON Social Pinterest,2025-09-07,1561.655,0.0,0.0,0,1,0,0,0,0,0,0,0,0,0,0,0,0,0,0,0,0,0,0,0,0,0,0,0,0,0,0,0,0,0,0,0,0,0,0,0,0,1,0,0,0,0
banana republic canada,Social | Consideration | CON Social Pinterest,2025-09-14,2461.0781,0.0,0.0,0,2,0,0,0,0,0,0,0,0,0,0,0,0,0,0,0,0,0,0,0,0,0,0,0,0,0,0,0,0,0,0,0,0,0,0,0,0,2,0,0,0,0
banana republic canada,Social | Consideration | CON Social Pinterest,2025-09-21,697.4284,0.0,0.0,0,1,0,0,0,0,0,0,0,0,0,0,0,0,0,0,0,0,0,0,0,0,0,0,0,0,0,0,0,0,0,0,0,0,0,0,0,0,1,0,0,0,0
banana republic canada,Social | Consideration | CON Social Pinterest,2025-09-28,378.3,0.0,0.0,0,0,0,0,0,0,0,0,0,0,0,0,0,0,0,0,0,0,0,0,0,0,0,0,0,0,0,0,0,0,0,0,0,0,0,0,0,0,0,0,0,0,0
banana republic canada,Social | Consideration | CON Social Pinterest,2025-10-05,997.2422,0.0,0.0,0,0,0,0,0,0,0,0,0,0,0,0,0,0,0,0,0,0,0,0,0,0,0,0,0,0,0,0,0,0,0,0,0,0,0,0,0,0,0,0,0,0,0
banana republic canada,Social | Consideration | CON Social Pinterest,2025-10-12,999.8288,0.0,0.0,0,0,0,0,0,0,0,0,0,0,0,0,0,0,0,0,0,0,0,0,0,0,0,0,0,0,0,0,0,0,0,0,0,0,0,0,0,0,0,0,0,0,0
banana republic canada,Social | Consideration | CON Social Pinterest,2025-10-19,1347.4299,0.0,0.0,0,0,0,0,0,0,0,0,0,0,0,0,0,0,0,0,0,0,0,0,0,0,0,0,0,0,0,0,0,0,0,0,0,0,0,0,0,0,0,0,0,0,0
banana republic canada,Social | Consideration | CON Social Pinterest,2025-10-26,1498.3191,0.0,0.0,0,0,0,0,0,0,0,0,0,0,0,0,0,0,0,0,0,0,0,0,0,0,0,0,0,0,0,0,0,0,0,0,0,0,0,0,0,0,0,0,0,0,0
banana republic canada,Social | Consideration | CON Social Pinterest,2025-11-02,4254.4849,0.0,0.0,0,0,0,0,0,0,0,0,0,0,0,0,0,0,2,0,0,0,0,0,0,0,0,0,0,0,0,0,0,0,0,0,0,0,0,0,0,0,2,0,0,0,0
banana republic canada,Social | Consideration | CON Social Pinterest,2025-11-09,2594.0311,0.0,0.0,0,0,0,0,0,0,0,0,0,0,0,0,0,0,1,0,0,0,0,0,0,0,0,0,0,0,0,0,0,0,0,0,0,0,0,0,0,0,1,0,0,0,0
banana republic canada,Social | Consideration | CON Social Pinterest,2025-11-16,1805.7232,0.0,0.0,0,0,0,0,0,0,0,0,0,0,0,0,0,0,0,0,0,0,0,0,0,0,0,0,0,0,0,0,0,0,0,0,0,0,0,0,0,0,0,0,0,0,0
banana republic canada,Social | Consideration | CON Social Pinterest,2025-11-23,5584.6678,0.0,0.0,0,0,0,0,0,0,0,0,0,0,0,0,0,0,0,0,0,0,0,0,0,0,0,0,0,0,0,0,0,2,0,0,0,0,0,0,0,0,2,0,0,0,0
banana republic canada,Social | Consideration | CON Social Pinterest,2025-11-30,1615.7034,0.0,0.0,0,0,0,0,0,0,0,0,0,0,0,0,0,0,0,0,0,2,0,0,0,0,0,0,0,0,0,0,0,0,0,0,0,0,0,0,0,0,2,0,0,0,0
banana republic canada,Social | Consideration | CON Social Pinterest,2025-12-07,635.2356,0.0,0.0,0,0,0,0,0,0,0,0,0,0,0,0,0,0,0,0,0,0,0,0,0,0,0,0,0,0,0,0,0,0,2,0,0,0,0,0,0,0,2,0,0,0,0
banana republic canada,Social | Consideration | CON Social Pinterest,2025-12-14,408.2612,0.0,0.0,0,0,0,0,0,0,0,0,0,0,0,0,0,0,0,0,0,0,0,0,0,0,0,0,0,0,0,0,0,0,1,0,0,0,0,0,2,2,1,0,0,0,0
banana republic canada,Social | Consideration | CON Social Pinterest,2025-12-21,2245.8812,0.0,0.0,0,0,0,0,0,0,0,0,0,0,0,0,0,0,0,0,0,0,0,0,0,0,0,0,0,0,0,0,0,0,0,1,0,0,0,0,2,2,0,0,1,0,0
banana republic canada,Social | Consideration | CON Social Pinterest,2025-12-28,1390.0395,0.0,0.0,0,0,0,0,0,0,0,0,0,0,0,0,0,0,0,0,0,0,0,0,0,0,0,0,0,0,0,0,0,0,0,2,0,0,0,0,0,0,0,0,2,0,0
banana republic canada,Social | Consideration | CON Social Pinterest,2026-01-04,468.6228,0.0,0.0,0,0,0,0,0,0,0,0,0,0,0,0,0,0,0,0,0,0,0,0,0,0,0,0,0,0,0,0,0,0,0,1,2,0,0,0,0,0,0,0,2,0,0
banana republic canada,Social | Consideration | CON Social Pinterest,2026-01-11,464.112,0.0,0.0,0,0,0,0,0,0,0,0,0,0,0,0,0,0,0,0,0,0,0,0,0,0,0,0,0,0,0,0,0,0,0,0,1,2,0,0,0,0,0,0,2,0,0
banana republic canada,Social | Consideration | CON Social Pinterest,2026-01-18,461.1029,0.0,0.0,0,0,0,0,0,0,0,0,0,0,0,0,0,0,0,0,0,0,0,0,0,0,0,0,0,0,0,0,0,0,0,0,0,2,0,0,0,0,0,0,2,0,0
banana republic canada,Social | Consideration | CON Social Pinterest,2026-01-25,458.3823,0.0,0.0,0,0,0,0,0,0,0,0,0,0,0,0,0,0,0,0,0,0,0,0,0,0,0,0,0,0,0,0,0,0,0,0,0,0,0,0,0,0,0,0,0,0,0
banana republic canada,Social | Conversion | CVR Social META ASC,2024-02-04,1289.3597,18508.5513,4440.6216,0,0,0,0,0,0,0,0,0,0,0,0,0,0,0,0,0,0,0,0,0,0,0,0,0,0,0,0,0,0,0,0,0,0,0,0,0,0,0,0,0,0,0
banana republic canada,Social | Conversion | CVR Social META ASC,2024-02-11,1273.8117,18638.2778,4287.1429,0,0,0,0,0,0,0,0,0,0,0,0,0,0,0,0,0,0,0,0,0,0,0,0,0,0,0,0,0,0,0,0,0,0,0,0,0,0,0,0,0,0,0
banana republic canada,Social | Conversion | CVR Social META ASC,2024-02-18,1530.1755,21732.0651,4970.0378,0,0,0,0,0,0,0,0,0,0,0,0,0,0,0,0,0,0,0,0,0,0,0,0,0,0,0,0,0,0,0,0,0,0,0,0,0,0,0,0,0,0,0
banana republic canada,Social | Conversion | CVR Social META ASC,2024-02-25,1594.2447,17933.2677,4114.7132,0,0,0,0,0,0,0,0,0,0,0,0,0,0,0,0,0,0,0,0,0,0,0,0,0,0,0,0,0,0,0,0,0,0,0,0,0,0,0,0,0,0,0
banana republic canada,Social | Conversion | CVR Social META ASC,2024-03-03,8515.08,67331.7995,15342.5429,0,1,0,0,0,0,0,0,0,0,0,0,0,0,0,0,0,0,0,0,0,0,0,0,0,0,0,0,0,0,0,0,0,0,0,0,0,0,1,0,0,0,0
banana republic canada,Social | Conversion | CVR Social META ASC,2024-03-10,3822.455,40895.6811,9306.4017,0,2,0,0,0,0,0,0,0,0,0,0,0,0,0,0,0,0,0,0,0,0,0,0,0,0,0,0,0,0,0,0,0,0,0,0,0,0,2,0,0,0,0
banana republic canada,Social | Conversion | CVR Social META ASC,2024-03-17,912.0835,13597.186,3110.9395,0,0,0,0,0,0,0,0,0,0,0,0,0,0,0,0,0,0,0,0,0,0,0,0,0,0,0,0,0,0,0,0,0,0,0,0,0,0,0,0,0,0,0
banana republic canada,Social | Conversion | CVR Social META ASC,2024-03-24,885.8048,11755.3558,2691.1987,0,0,0,0,0,0,0,0,0,0,0,0,0,0,0,0,0,0,0,0,0,0,0,0,0,0,0,0,0,0,0,0,0,0,0,0,0,0,0,0,0,0,0
banana republic canada,Social | Conversion | CVR Social META ASC,2024-03-31,764.5561,12301.6391,2809.6591,0,0,0,0,0,0,0,0,0,0,0,0,0,0,0,0,0,0,0,0,0,0,0,0,0,0,0,0,0,0,0,0,0,0,0,0,0,0,0,0,0,0,0
banana republic canada,Social | Conversion | CVR Social META ASC,2024-04-07,1323.342,19426.6911,4492.9675,0,0,0,0,0,0,0,0,0,0,0,0,0,0,0,0,0,0,0,0,0,0,0,0,0,0,0,0,0,0,0,0,0,0,0,0,0,0,0,0,0,0,0
banana republic canada,Social | Conversion | CVR Social META ASC,2024-04-14,984.1276,14702.3314,3428.9964,0,0,0,0,0,0,0,0,0,0,0,0,0,0,0,0,0,0,0,0,0,0,0,0,0,0,0,0,0,0,0,0,0,0,0,0,0,0,0,0,0,0,0
banana republic canada,Social | Conversion | CVR Social META ASC,2024-04-21,1173.3733,15579.7516,3612.3269,0,0,0,0,0,0,0,0,0,0,0,0,0,0,0,0,0,0,0,0,0,0,0,0,0,0,0,0,0,0,0,0,0,0,0,0,0,0,0,0,0,0,0
banana republic canada,Social | Conversion | CVR Social META ASC,2024-04-28,838.6724,10266.9195,2384.8293,0,0,0,0,0,0,0,0,0,0,0,0,0,0,0,0,0,0,0,0,0,0,0,0,0,0,0,0,0,0,0,0,0,0,0,0,0,0,0,0,0,0,0
banana republic canada,Social | Conversion | CVR Social META ASC,2024-05-05,2136.0937,20114.6939,4663.5259,0,0,0,0,0,0,0,0,0,0,0,0,0,0,0,0,0,0,0,0,0,0,0,0,0,0,0,0,0,0,0,0,0,0,0,0,0,0,0,0,0,0,0
banana republic canada,Social | Conversion | CVR Social META ASC,2024-05-12,4192.657,33927.2708,7835.1253,0,0,0,0,0,0,0,0,0,0,0,0,0,0,0,0,0,0,0,0,0,0,0,1,0,0,0,0,0,0,0,0,0,0,0,0,0,0,0,0,0,1,0
banana republic canada,Social | Conversion | CVR Social META ASC,2024-05-19,3057.5625,26529.0297,6134.2416,0,0,0,0,0,0,0,0,0,0,0,0,0,0,0,0,0,0,0,0,0,0,0,1,1,0,0,0,0,0,0,0,0,0,0,0,0,0,0,0,0,1,0
banana republic canada,Social | Conversion | CVR Social META ASC,2024-05-26,2164.4556,20112.7789,4652.8889,0,0,0,0,0,0,0,0,0,0,0,0,0,0,0,0,0,0,0,0,0,0,0,0,1,0,0,0,0,0,0,0,0,0,0,0,0,0,0,0,0,1,0
banana republic canada,Social | Conversion | CVR Social META ASC,2024-06-02,1199.8038,12765.233,2961.3012,0,0,0,0,0,0,0,0,0,0,0,0,0,0,0,0,0,0,0,0,0,0,0,0,0,0,0,0,0,0,0,0,0,0,0,0,0,0,0,0,0,0,0
banana republic canada,Social | Conversion | CVR Social META ASC,2024-06-09,1125.2101,11413.6914,2656.1986,0,0,0,0,0,0,0,0,0,0,0,0,0,0,0,0,0,0,0,0,0,0,0,0,0,0,0,0,0,0,0,0,0,0,0,0,0,0,0,0,0,0,0
banana republic canada,Social | Conversion | CVR Social META ASC,2024-06-16,1078.1102,12627.1312,2932.9865,0,0,0,0,0,0,0,0,0,0,0,0,0,0,0,0,0,0,0,0,0,0,0,0,0,0,0,0,0,0,0,0,0,0,0,0,0,0,0,0,0,0,0
banana republic canada,Social | Conversion | CVR Social META ASC,2024-06-23,1141.3223,12275.0908,2843.8252,0,0,0,0,0,0,0,0,0,0,0,0,0,0,0,0,0,0,0,0,0,0,0,0,0,1,0,0,0,0,0,0,0,0,0,0,0,1,0,0,0,0,0
banana republic canada,Social | Conversion | CVR Social META ASC,2024-06-30,1600.1797,13910.9554,3223.4917,0,0,0,0,0,0,0,0,0,0,0,0,0,0,0,0,0,0,0,0,0,0,0,0,0,2,1,0,0,0,0,0,0,0,0,0,0,2,0,0,0,0,0
banana republic canada,Social | Conversion | CVR Social META ASC,2024-07-07,2422.3601,24240.4932,5624.9042,0,0,0,0,0,0,0,0,0,0,0,0,0,0,0,0,0,0,0,0,0,0,0,0,0,0,2,1,0,0,0,0,0,0,0,0,0,2,0,0,1,0,0
banana republic canada,Social | Conversion | CVR Social META ASC,2024-07-14,2417.4234,25908.3089,6007.3503,0,0,0,0,0,0,0,0,0,0,0,0,0,0,0,0,0,0,0,0,0,0,0,0,0,0,0,2,0,0,0,0,0,0,0,0,0,0,0,0,2,0,0
banana republic canada,Social | Conversion | CVR Social META ASC,2024-07-21,2644.0799,25806.1359,6023.2588,0,0,0,0,0,0,0,0,0,0,0,0,0,0,0,0,0,0,0,0,0,0,0,0,0,0,0,1,2,0,0,0,0,0,0,0,0,0,0,0,2,0,0
banana republic canada,Social | Conversion | CVR Social META ASC,2024-07-28,1504.9693,15901.4878,3725.2006,0,0,0,0,0,0,0,0,0,0,0,0,0,0,0,0,0,0,0,0,0,0,0,0,0,0,0,0,2,0,0,0,0,0,0,0,0,0,0,0,2,0,0
banana republic canada,Social | Conversion | CVR Social META ASC,2024-08-04,1369.56,17222.7782,4014.5852,0,0,0,0,0,0,0,0,0,0,0,0,0,0,0,0,0,0,0,0,0,0,0,0,0,0,0,0,1,0,0,0,0,0,0,0,0,0,0,0,1,0,0
banana republic canada,Social | Conversion | CVR Social META ASC,2024-08-11,1235.75,16714.9925,3886.332,0,0,0,0,0,0,0,0,0,0,0,0,0,0,0,0,0,0,0,0,0,0,0,0,0,0,0,0,0,0,0,0,0,0,0,0,0,0,0,0,0,0,0
banana republic canada,Social | Conversion | CVR Social META ASC,2024-08-18,1276.23,17056.7776,3927.0629,0,0,0,0,0,0,0,0,0,0,0,0,0,0,0,0,0,0,0,0,0,0,0,0,0,0,0,0,0,0,0,0,0,0,0,0,0,0,0,0,0,0,0
banana republic canada,Social | Conversion | CVR Social META ASC,2024-08-25,1597.57,19988.186,4557.8003,0,0,0,0,0,0,0,0,0,0,0,0,0,0,0,0,0,0,0,0,0,0,0,0,0,0,0,0,0,0,0,0,0,0,0,0,0,0,0,0,0,0,0
banana republic canada,Social | Conversion | CVR Social META ASC,2024-09-01,1267.88,15511.7051,3557.5932,0,0,0,0,0,0,0,0,0,0,0,0,0,0,0,0,0,0,0,0,0,0,0,0,0,0,0,0,0,0,0,0,0,0,0,0,0,0,0,0,0,0,0
banana republic canada,Social | Conversion | CVR Social META ASC,2024-09-08,2101.63,21280.3079,4897.364,0,0,0,0,0,0,0,0,0,0,0,0,0,0,0,0,0,0,0,0,0,0,0,0,0,0,0,0,0,0,0,0,0,0,0,0,0,0,0,0,0,0,0
banana republic canada,Social | Conversion | CVR Social META ASC,2024-09-15,8896.48,77828.5468,17898.3361,0,2,0,0,0,0,0,0,0,0,0,0,0,0,0,0,0,0,0,0,0,0,0,0,0,0,0,0,0,0,0,0,0,0,0,0,0,0,2,0,0,0,0
banana republic canada,Social | Conversion | CVR Social META ASC,2024-09-22,5715.04,60231.9103,13748.3676,0,2,0,0,0,0,0,0,0,0,0,0,0,0,0,0,0,0,0,0,0,0,0,0,0,0,0,0,0,0,0,0,0,0,0,0,0,0,2,0,0,0,0
banana republic canada,Social | Conversion | CVR Social META ASC,2024-09-29,744.58,13146.2957,3008.5843,0,1,0,0,0,0,0,0,0,0,0,0,0,0,0,0,0,0,0,0,0,0,0,0,0,0,0,0,0,0,0,0,0,0,0,0,0,0,1,0,0,0,0
banana republic canada,Social | Conversion | CVR Social META ASC,2024-10-06,3257.97,28955.7993,6713.9119,0,0,0,0,0,0,0,0,0,0,0,0,0,0,0,0,0,0,0,0,0,0,0,0,0,0,0,0,0,0,0,0,0,0,0,0,0,0,0,0,0,0,0
banana republic canada,Social | Conversion | CVR Social META ASC,2024-10-13,3413.03,30452.3488,7112.3143,0,0,0,0,0,0,0,0,0,0,0,0,0,0,0,0,0,0,0,0,0,0,0,0,0,0,0,0,0,0,0,0,0,0,0,0,0,0,0,0,0,0,0
banana republic canada,Social | Conversion | CVR Social META ASC,2024-10-20,2323.03,22264.2548,5220.0879,0,0,0,0,0,0,0,0,0,0,0,0,0,0,0,0,0,0,0,0,0,0,0,0,0,0,0,0,0,0,0,0,0,0,0,0,0,0,0,0,0,0,0
banana republic canada,Social | Conversion | CVR Social META ASC,2024-10-27,4646.26,42168.9324,9934.345,0,0,0,0,0,0,0,0,0,0,0,0,0,0,1,0,0,0,0,0,0,0,0,0,0,0,0,0,0,0,0,0,0,0,0,0,0,0,1,0,0,0,0
banana republic canada,Social | Conversion | CVR Social META ASC,2024-11-03,11293.27,93480.2779,21999.1025,0,0,0,0,0,0,0,0,0,0,0,0,0,0,2,0,0,0,0,0,0,0,0,0,0,0,0,0,0,0,0,0,0,0,0,0,0,0,2,0,0,0,0
banana republic canada,Social | Conversion | CVR Social META ASC,2024-11-10,2280.47,26866.483,6374.7785,0,0,0,0,0,0,0,0,0,0,0,0,0,0,1,0,0,0,0,0,0,0,0,0,0,0,0,0,0,0,0,0,0,0,0,0,0,0,1,0,0,0,0
banana republic canada,Social | Conversion | CVR Social META ASC,2024-11-17,2559.87,19270.9988,4567.5175,0,0,0,0,0,0,0,0,0,0,0,0,0,0,0,0,0,0,0,0,0,0,0,0,0,0,0,0,0,0,0,0,0,0,0,0,0,0,0,0,0,0,0
banana republic canada,Social | Conversion | CVR Social META ASC,2024-11-24,9630.46,48444.5822,11511.6029,0,0,0,0,0,0,0,0,0,0,0,0,0,0,0,0,0,0,0,0,0,0,0,0,0,0,0,0,0,2,0,0,0,0,0,0,0,0,2,0,0,0,0
banana republic canada,Social | Conversion | CVR Social META ASC,2024-12-01,8344.6,50336.0106,11999.7179,0,0,0,0,0,0,0,0,0,0,0,0,0,0,0,0,0,2,0,0,0,0,0,0,0,0,0,0,0,0,0,0,0,0,0,0,0,0,2,0,0,0,0
banana republic canada,Social | Conversion | CVR Social META ASC,2024-12-08,3954.83,33500.0909,8036.4308,0,0,0,0,0,0,0,0,0,0,0,0,0,0,0,0,0,0,0,0,0,0,0,0,0,0,0,0,0,0,1,0,0,0,0,0,0,0,1,0,0,0,0
banana republic canada,Social | Conversion | CVR Social META ASC,2024-12-15,3016.43,27016.7584,6554.2432,0,0,0,0,0,0,0,0,0,0,0,0,0,0,0,0,0,0,0,0,0,0,0,0,0,0,0,0,0,0,1,0,0,0,0,0,0,0,1,0,0,0,0
banana republic canada,Social | Conversion | CVR Social META ASC,2024-12-22,3556.37,32806.2103,8001.9272,0,0,0,0,0,0,0,0,0,0,0,0,0,0,0,0,0,0,0,0,0,0,0,0,0,0,0,0,0,0,0,1,0,0,0,0,0,0,0,0,1,0,0
banana republic canada,Social | Conversion | CVR Social META ASC,2024-12-29,2676.32,32800.8739,8012.2677,0,0,0,0,0,0,0,0,0,0,0,0,0,0,0,0,0,0,0,0,0,0,0,0,0,0,0,0,0,0,0,2,1,0,0,0,0,0,0,0,2,0,0
banana republic canada,Social | Conversion | CVR Social META ASC,2025-01-05,1215.46,18943.8522,4616.3979,0,0,0,0,0,0,0,0,0,0,0,0,0,0,0,0,0,0,0,0,0,0,0,0,0,0,0,0,0,0,0,0,2,0,0,0,0,0,0,0,2,0,0
banana republic canada,Social | Conversion | CVR Social META ASC,2025-01-12,1761.21,22391.871,5453.9709,0,0,0,0,0,0,0,0,0,0,0,0,0,0,0,0,0,0,0,0,0,0,0,0,0,0,0,0,0,0,0,0,1,2,0,0,0,0,0,0,2,0,0
banana republic canada,Social | Conversion | CVR Social META ASC,2025-01-19,1448.51,18517.2566,4501.5824,0,0,0,0,0,0,0,0,0,0,0,0,0,0,0,0,0,0,0,0,0,0,0,0,0,0,0,0,0,0,0,0,0,2,0,0,0,0,0,0,2,0,0
banana republic canada,Social | Conversion | CVR Social META ASC,2025-01-26,1271.84,14648.2183,3576.0411,0,0,0,0,0,0,0,0,0,0,0,0,0,0,0,0,0,0,0,0,0,0,0,0,0,0,0,0,0,0,0,0,0,0,0,0,0,0,0,0,0,0,0
banana republic canada,Social | Conversion | CVR Social META ASC,2025-02-02,2303.89,25275.135,6148.1639,0,0,0,0,0,0,0,0,0,0,0,0,0,0,0,0,0,0,0,0,0,0,0,0,0,0,0,0,0,0,0,0,0,0,0,0,0,0,0,0,0,0,0
banana republic canada,Social | Conversion | CVR Social META ASC,2025-02-09,4370.98,42849.5697,10359.7833,0,0,0,0,0,0,0,0,0,0,0,0,0,0,0,0,0,0,0,0,0,0,0,0,0,0,0,0,0,0,0,0,0,0,0,0,0,0,0,0,0,0,0
banana republic canada,Social | Conversion | CVR Social META ASC,2025-02-16,4754.98,43873.5214,10548.5808,0,0,0,0,0,0,0,0,0,0,0,0,0,0,0,0,0,0,0,0,0,0,0,0,0,0,0,0,0,0,0,0,0,0,0,0,0,0,0,0,0,0,0
banana republic canada,Social | Conversion | CVR Social META ASC,2025-02-23,5747.88,49522.0479,12031.7257,0,0,0,0,0,0,0,0,0,0,0,0,0,0,0,0,0,0,0,0,0,0,0,0,0,0,0,0,0,0,0,0,0,0,0,0,0,0,0,0,0,0,0
banana republic canada,Social | Conversion | CVR Social META ASC,2025-03-02,6328.52,60361.7676,14711.5897,0,0,0,0,0,0,0,0,0,0,0,0,0,0,0,0,0,0,0,0,0,0,0,0,0,0,0,0,0,0,0,0,0,0,0,0,0,0,0,0,0,0,0
banana republic canada,Social | Conversion | CVR Social META ASC,2025-03-09,5578.23,53679.0075,13102.6612,0,0,0,0,0,0,0,0,0,0,0,0,0,0,0,0,0,0,0,0,0,0,0,0,0,0,0,0,0,0,0,0,0,0,0,0,0,0,0,0,0,0,0
banana republic canada,Social | Conversion | CVR Social META ASC,2025-03-16,6607.03,62302.3378,15113.648,0,0,0,0,0,0,0,0,0,0,0,0,0,0,0,0,0,0,0,0,0,0,0,0,0,0,0,0,0,0,0,0,0,0,0,0,0,0,0,0,0,0,0
banana republic canada,Social | Conversion | CVR Social META ASC,2025-03-23,19814.25,174165.5409,42150.3501,0,2,0,0,0,0,0,0,0,0,0,0,0,0,0,0,0,0,0,0,0,0,0,0,0,0,0,0,0,0,0,0,0,0,0,0,0,0,2,0,0,0,0
banana republic canada,Social | Conversion | CVR Social META ASC,2025-03-30,4653.03,61716.8972,14899.8253,0,1,0,0,0,0,0,0,0,0,0,0,0,0,0,0,0,0,0,0,0,0,0,0,0,0,0,0,0,0,0,0,0,0,0,0,0,0,1,0,0,0,0
banana republic canada,Social | Conversion | CVR Social META ASC,2025-04-06,2897.63,30852.9741,7370.615,0,0,0,0,0,0,0,0,0,0,0,0,0,0,0,0,0,0,0,0,0,0,0,0,0,0,0,0,0,0,0,0,0,0,0,0,0,0,0,0,0,0,0
banana republic canada,Social | Conversion | CVR Social META ASC,2025-04-13,2706.0,30205.3392,7103.8455,0,0,0,0,0,0,0,0,0,0,0,0,0,0,0,0,0,0,0,0,0,0,0,0,0,0,0,0,0,0,0,0,0,0,1,0,0,0,0,0,0,0,1
banana republic canada,Social | Conversion | CVR Social META ASC,2025-04-20,4837.58,51190.0645,12008.2576,0,0,0,0,0,0,0,0,0,0,0,0,0,0,0,0,0,0,0,0,0,0,0,0,0,0,0,0,0,0,0,0,0,0,1,0,0,0,0,0,0,0,1
banana republic canada,Social | Conversion | CVR Social META ASC,2025-04-27,6916.21,67442.709,15808.2938,0,0,0,0,0,0,0,0,0,0,0,0,0,0,0,0,0,0,0,0,0,0,0,0,0,0,0,0,0,0,0,0,0,0,0,0,0,0,0,0,0,0,0
banana republic canada,Social | Conversion | CVR Social META ASC,2025-05-04,3921.6,40312.2437,9448.1897,0,0,0,0,0,0,0,0,0,0,0,0,0,0,0,0,0,0,0,0,0,0,0,0,0,0,0,0,0,0,0,0,0,0,0,0,0,0,0,0,0,0,0
banana republic canada,Social | Conversion | CVR Social META ASC,2025-05-11,7309.81,63480.5015,15030.4858,0,0,0,0,0,0,0,0,0,0,0,0,0,0,0,0,0,0,0,0,0,0,0,1,0,0,0,0,0,0,0,0,0,0,0,0,0,0,0,0,0,0,1
banana republic canada,Social | Conversion | CVR Social META ASC,2025-05-18,3869.24,42601.6253,10002.3681,0,0,0,0,0,0,0,0,0,0,0,0,0,0,0,0,0,0,0,0,0,0,0,1,0,0,0,0,0,0,0,0,0,0,0,0,0,0,0,0,0,0,1
banana republic canada,Social | Conversion | CVR Social META ASC,2025-05-25,4562.61,47401.0317,11073.2118,0,0,0,0,0,0,0,0,0,0,0,0,0,0,0,0,0,0,0,0,0,0,0,0,0,0,0,0,0,0,0,0,0,0,0,0,0,0,0,0,0,0,0
banana republic canada,Social | Conversion | CVR Social META ASC,2025-06-01,3821.56,47378.3666,10986.4527,0,0,0,0,0,0,0,0,0,0,0,0,0,0,0,0,0,0,0,0,0,0,0,0,0,0,0,0,0,0,0,0,0,0,0,0,0,0,0,0,0,0,0
banana republic canada,Social | Conversion | CVR Social META ASC,2025-06-08,5543.66,58256.8656,13466.9791,0,0,0,0,0,0,0,0,0,0,0,0,0,0,0,0,0,0,0,0,0,0,0,0,0,0,0,0,0,0,0,0,0,0,0,0,0,0,0,0,0,0,0
banana republic canada,Social | Conversion | CVR Social META ASC,2025-06-15,4177.25,51507.3349,11898.2782,0,0,0,0,0,0,0,0,0,0,0,0,0,0,0,0,0,0,0,0,0,0,0,0,0,0,0,0,0,0,0,0,0,0,0,0,0,0,0,0,0,0,0
banana republic canada,Social | Conversion | CVR Social META ASC,2025-06-22,3777.26,46772.7568,10864.9971,0,0,0,0,0,0,0,0,0,0,0,0,0,0,0,0,0,0,0,0,0,0,0,0,0,1,0,0,0,0,0,0,0,0,0,0,0,0,0,0,1,0,0
banana republic canada,Social | Conversion | CVR Social META ASC,2025-06-29,4891.69,59300.9739,13671.759,0,0,0,0,0,0,0,0,0,0,0,0,0,0,0,0,0,0,0,0,0,0,0,0,0,1,2,0,0,0,0,0,0,0,0,0,0,0,0,0,2,0,0
banana republic canada,Social | Conversion | CVR Social META ASC,2025-07-06,3669.55,44625.8673,10329.146,0,0,0,0,0,0,0,0,0,0,0,0,0,0,0,0,0,0,0,0,0,0,0,0,0,0,2,1,0,0,0,0,0,0,0,0,0,0,0,0,2,0,0
banana republic canada,Social | Conversion | CVR Social META ASC,2025-07-13,3465.32,43322.9876,10057.5006,0,0,0,0,0,0,0,0,0,0,0,0,0,0,0,0,0,0,0,0,0,0,0,0,0,0,0,2,0,0,0,0,0,0,0,0,0,0,0,0,2,0,0
banana republic canada,Social | Conversion | CVR Social META ASC,2025-07-20,3515.97,49184.6805,11373.4731,0,0,0,0,0,0,0,0,0,0,0,0,0,0,0,0,0,0,0,0,0,0,0,0,0,0,0,1,2,0,0,0,0,0,0,0,0,0,0,0,2,0,0
banana republic canada,Social | Conversion | CVR Social META ASC,2025-07-27,3252.24,46270.7014,10802.1282,0,0,0,0,0,0,0,0,0,0,0,0,0,0,0,0,0,0,0,0,0,0,0,0,0,0,0,0,2,0,0,0,0,0,0,0,0,0,0,0,2,0,0
banana republic canada,Social | Conversion | CVR Social META ASC Influencer,2025-08-31,111.29,1095.4156,332.9434,0,0,0,0,0,0,0,0,0,0,0,0,0,0,0,0,0,0,0,0,0,0,0,0,0,0,0,0,0,0,0,0,0,0,0,1,0,1,0,0,0,0,0
banana republic canada,Social | Conversion | CVR Social META ASC Influencer,2025-09-07,121.19,1181.0587,359.7905,0,1,0,0,0,0,0,0,0,0,0,0,0,0,0,0,0,0,0,0,0,0,0,0,0,0,0,0,0,0,0,0,0,0,0,0,0,0,1,0,0,0,0
banana republic canada,Social | Conversion | CVR Social META ASC Influencer,2025-09-28,1736.48,15433.3707,4738.6185,0,0,0,0,0,0,0,0,0,0,0,0,0,0,0,0,0,0,0,0,0,0,0,0,0,0,0,0,0,0,0,0,0,0,0,0,0,0,0,0,0,0,0
banana republic canada,Social | Conversion | CVR Social META ASC Influencer,2025-10-05,1534.35,17190.1002,5292.1503,0,0,0,0,0,0,0,0,0,0,0,0,0,0,0,0,0,0,0,0,0,0,0,0,0,0,0,0,0,0,0,0,0,0,0,0,0,0,0,0,0,0,0
banana republic canada,Social | Conversion | CVR Social META ASC Influencer,2025-10-12,512.43,7112.2239,2197.0154,0,0,0,0,0,0,0,0,0,0,0,0,0,0,0,0,0,0,0,0,0,0,0,0,0,0,0,0,0,0,0,0,0,0,0,0,0,0,0,0,0,0,0
banana republic canada,Social | Conversion | CVR Social META ASC Influencer,2025-12-14,168.71,1273.0518,385.9228,0,0,0,0,0,0,0,0,0,0,0,0,0,0,0,0,0,0,0,0,0,0,0,0,0,0,0,0,0,0,1,0,0,0,0,0,2,2,1,0,0,0,0
banana republic canada,Social | Conversion | CVR Social META ASC Influencer,2025-12-21,119.06,1139.6123,343.5743,0,0,0,0,0,0,0,0,0,0,0,0,0,0,0,0,0,0,0,0,0,0,0,0,0,0,0,0,0,0,0,1,0,0,0,0,2,2,0,0,1,0,0
banana republic canada,Social | Conversion | CVR Social META ASC Max Value,2025-08-10,135.13,1179.207,314.7796,0,0,0,0,0,0,0,0,0,0,0,0,0,0,0,0,0,0,0,0,0,0,0,0,0,0,0,0,0,0,0,0,0,0,0,0,0,0,0,0,0,0,0
banana republic canada,Social | Conversion | CVR Social META ASC Max Value,2025-08-17,1524.59,15232.761,4087.478,0,0,0,0,0,0,0,0,0,0,0,0,0,0,0,0,0,0,0,0,0,0,0,0,0,0,0,0,0,0,0,0,0,0,0,0,0,0,0,0,0,0,0
banana republic canada,Social | Conversion | CVR Social META ASC Max Value,2025-08-24,2985.94,25946.288,6924.8182,0,0,0,0,0,0,0,0,0,0,0,0,0,0,0,0,0,0,0,0,0,0,0,0,0,0,0,0,0,0,0,0,0,0,0,1,0,1,0,0,0,0,0
banana republic canada,Social | Conversion | CVR Social META ASC Max Value,2025-08-31,2833.46,24664.3222,6589.7152,0,0,0,0,0,0,0,0,0,0,0,0,0,0,0,0,0,0,0,0,0,0,0,0,0,0,0,0,0,0,0,0,0,0,0,1,0,1,0,0,0,0,0
banana republic canada,Social | Conversion | CVR Social META ASC Max Value,2025-09-07,5914.03,42712.5756,11437.7324,0,1,0,0,0,0,0,0,0,0,0,0,0,0,0,0,0,0,0,0,0,0,0,0,0,0,0,0,0,0,0,0,0,0,0,0,0,0,1,0,0,0,0
banana republic canada,Social | Conversion | CVR Social META ASC Max Value,2025-09-14,7099.68,62377.5005,16626.3169,0,2,0,0,0,0,0,0,0,0,0,0,0,0,0,0,0,0,0,0,0,0,0,0,0,0,0,0,0,0,0,0,0,0,0,0,0,0,2,0,0,0,0
banana republic canada,Social | Conversion | CVR Social META ASC Max Value,2025-09-21,3108.04,32644.7339,8772.6706,0,1,0,0,0,0,0,0,0,0,0,0,0,0,0,0,0,0,0,0,0,0,0,0,0,0,0,0,0,0,0,0,0,0,0,0,0,0,1,0,0,0,0
banana republic canada,Social | Conversion | CVR Social META ASC Max Value,2025-09-28,1939.83,18432.6234,4974.8969,0,0,0,0,0,0,0,0,0,0,0,0,0,0,0,0,0,0,0,0,0,0,0,0,0,0,0,0,0,0,0,0,0,0,0,0,0,0,0,0,0,0,0
banana republic canada,Social | Conversion | CVR Social META ASC Max Value,2025-10-05,5078.25,37596.7406,10174.4265,0,0,0,0,0,0,0,0,0,0,0,0,0,0,0,0,0,0,0,0,0,0,0,0,0,0,0,0,0,0,0,0,0,0,0,0,0,0,0,0,0,0,0
banana republic canada,Social | Conversion | CVR Social META ASC Max Value,2025-10-12,5778.64,46449.3859,12612.8617,0,0,0,0,0,0,0,0,0,0,0,0,0,0,0,0,0,0,0,0,0,0,0,0,0,0,0,0,0,0,0,0,0,0,0,0,0,0,0,0,0,0,0
banana republic canada,Social | Conversion | CVR Social META ASC Max Value,2025-10-19,5661.44,45676.7119,12385.3458,0,0,0,0,0,0,0,0,0,0,0,0,0,0,0,0,0,0,0,0,0,0,0,0,0,0,0,0,0,0,0,0,0,0,0,0,0,0,0,0,0,0,0
banana republic canada,Social | Conversion | CVR Social META ASC Max Value,2025-10-26,6714.4,50974.6632,13772.4137,0,0,0,0,0,0,0,0,0,0,0,0,0,0,0,0,0,0,0,0,0,0,0,0,0,0,0,0,0,0,0,0,0,0,0,0,0,0,0,0,0,0,0
banana republic canada,Social | Conversion | CVR Social META ASC Max Value,2025-11-02,14385.37,97120.669,26466.6432,0,0,0,0,0,0,0,0,0,0,0,0,0,0,2,0,0,0,0,0,0,0,0,0,0,0,0,0,0,0,0,0,0,0,0,0,0,0,2,0,0,0,0
banana republic canada,Social | Conversion | CVR Social META ASC Max Value,2025-11-09,8152.83,63935.0527,17336.8078,0,0,0,0,0,0,0,0,0,0,0,0,0,0,1,0,0,0,0,0,0,0,0,0,0,0,0,0,0,0,0,0,0,0,0,0,0,0,1,0,0,0,0
banana republic canada,Social | Conversion | CVR Social META ASC Max Value,2025-11-16,6238.42,37949.2116,10321.2189,0,0,0,0,0,0,0,0,0,0,0,0,0,0,0,0,0,0,0,0,0,0,0,0,0,0,0,0,0,0,0,0,0,0,0,0,0,0,0,0,0,0,0
banana republic canada,Social | Conversion | CVR Social META ASC Max Value,2025-11-23,15519.41,53732.8322,14613.9994,0,0,0,0,0,0,0,0,0,0,0,0,0,0,0,0,0,0,0,0,0,0,0,0,0,0,0,0,0,2,0,0,0,0,0,0,0,0,2,0,0,0,0
banana republic canada,Social | Conversion | CVR Social META ASC Max Value,2025-11-30,11721.23,51710.1881,13947.0596,0,0,0,0,0,0,0,0,0,0,0,0,0,0,0,0,0,2,0,0,0,0,0,0,0,0,0,0,0,0,0,0,0,0,0,0,0,0,2,0,0,0,0
banana republic canada,Social | Conversion | CVR Social META ASC Max Value,2025-12-07,3195.74,24208.3192,6472.0615,0,0,0,0,0,0,0,0,0,0,0,0,0,0,0,0,0,0,0,0,0,0,0,0,0,0,0,0,0,0,2,0,0,0,0,0,0,0,2,0,0,0,0
banana republic canada,Social | Conversion | CVR Social META ASC Max Value,2025-12-14,2966.88,23188.4981,6179.21,0,0,0,0,0,0,0,0,0,0,0,0,0,0,0,0,0,0,0,0,0,0,0,0,0,0,0,0,0,0,1,0,0,0,0,0,2,2,1,0,0,0,0
banana republic canada,Social | Conversion | CVR Social META ASC Max Value,2025-12-21,5222.86,40741.0692,10796.9709,0,0,0,0,0,0,0,0,0,0,0,0,0,0,0,0,0,0,0,0,0,0,0,0,0,0,0,0,0,0,0,1,0,0,0,0,2,2,0,0,1,0,0
banana republic canada,Social | Conversion | CVR Social META ASC Max Value,2025-12-28,4624.89,41358.4184,10970.0232,0,0,0,0,0,0,0,0,0,0,0,0,0,0,0,0,0,0,0,0,0,0,0,0,0,0,0,0,0,0,0,2,0,0,0,0,0,0,0,0,2,0,0
banana republic canada,Social | Conversion | CVR Social META ASC Max Value,2026-01-04,2542.72,30172.6887,8072.5982,0,0,0,0,0,0,0,0,0,0,0,0,0,0,0,0,0,0,0,0,0,0,0,0,0,0,0,0,0,0,0,1,2,0,0,0,0,0,0,0,2,0,0
banana republic canada,Social | Conversion | CVR Social META ASC Max Value,2026-01-11,2901.85,32576.6447,8758.5922,0,0,0,0,0,0,0,0,0,0,0,0,0,0,0,0,0,0,0,0,0,0,0,0,0,0,0,0,0,0,0,0,1,2,0,0,0,0,0,0,2,0,0
banana republic canada,Social | Conversion | CVR Social META ASC Max Value,2026-01-18,4108.43,46456.5701,12420.0939,0,0,0,0,0,0,0,0,0,0,0,0,0,0,0,0,0,0,0,0,0,0,0,0,0,0,0,0,0,0,0,0,0,2,0,0,0,0,0,0,2,0,0
banana republic canada,Social | Conversion | CVR Social META ASC Max Value,2026-01-25,2292.47,29295.3395,7710.1284,0,0,0,0,0,0,0,0,0,0,0,0,0,0,0,0,0,0,0,0,0,0,0,0,0,0,0,0,0,0,0,0,0,0,0,0,0,0,0,0,0,0,0
banana republic canada,Social | Conversion | CVR Social META ASC Max volume,2025-08-03,2288.37,17110.6836,7417.5514,0,0,0,0,0,0,0,0,0,0,0,0,0,0,0,0,0,0,0,0,0,0,0,0,0,0,0,0,1,0,0,0,0,0,0,0,0,0,0,0,1,0,0
banana republic canada,Social | Conversion | CVR Social META ASC Max volume,2025-08-10,2161.3,17412.1182,7553.7771,0,0,0,0,0,0,0,0,0,0,0,0,0,0,0,0,0,0,0,0,0,0,0,0,0,0,0,0,0,0,0,0,0,0,0,0,0,0,0,0,0,0,0
banana republic canada,Social | Conversion | CVR Social META ASC Max volume,2025-08-17,3925.29,40882.7289,17828.4119,0,0,0,0,0,0,0,0,0,0,0,0,0,0,0,0,0,0,0,0,0,0,0,0,0,0,0,0,0,0,0,0,0,0,0,0,0,0,0,0,0,0,0
banana republic canada,Social | Conversion | CVR Social META ASC Max volume,2025-08-24,3496.38,35225.3107,15278.6138,0,0,0,0,0,0,0,0,0,0,0,0,0,0,0,0,0,0,0,0,0,0,0,0,0,0,0,0,0,0,0,0,0,0,0,1,0,1,0,0,0,0,0
banana republic canada,Social | Conversion | CVR Social META ASC Max volume,2025-08-31,2506.53,27146.103,11786.9361,0,0,0,0,0,0,0,0,0,0,0,0,0,0,0,0,0,0,0,0,0,0,0,0,0,0,0,0,0,0,0,0,0,0,0,1,0,1,0,0,0,0,0
banana republic canada,Social | Conversion | CVR Social META ASC Max volume,2025-09-07,9573.07,81995.5467,35683.7442,0,1,0,0,0,0,0,0,0,0,0,0,0,0,0,0,0,0,0,0,0,0,0,0,0,0,0,0,0,0,0,0,0,0,0,0,0,0,1,0,0,0,0
banana republic canada,Social | Conversion | CVR Social META ASC Max volume,2025-09-14,10898.3,96416.39,41765.2352,0,2,0,0,0,0,0,0,0,0,0,0,0,0,0,0,0,0,0,0,0,0,0,0,0,0,0,0,0,0,0,0,0,0,0,0,0,0,2,0,0,0,0
banana republic canada,Social | Conversion | CVR Social META ASC Max volume,2025-09-21,4043.83,44157.7381,19285.082,0,1,0,0,0,0,0,0,0,0,0,0,0,0,0,0,0,0,0,0,0,0,0,0,0,0,0,0,0,0,0,0,0,0,0,0,0,0,1,0,0,0,0
banana republic canada,Social | Conversion | CVR Social META ASC Max volume,2025-09-28,3467.82,31816.5078,13955.5008,0,0,0,0,0,0,0,0,0,0,0,0,0,0,0,0,0,0,0,0,0,0,0,0,0,0,0,0,0,0,0,0,0,0,0,0,0,0,0,0,0,0,0
banana republic canada,Social | Conversion | CVR Social META ASC Max volume,2025-10-05,5022.41,43719.8869,19228.0283,0,0,0,0,0,0,0,0,0,0,0,0,0,0,0,0,0,0,0,0,0,0,0,0,0,0,0,0,0,0,0,0,0,0,0,0,0,0,0,0,0,0,0
banana republic canada,Social | Conversion | CVR Social META ASC Max volume,2025-10-12,5573.52,49648.3537,21909.602,0,0,0,0,0,0,0,0,0,0,0,0,0,0,0,0,0,0,0,0,0,0,0,0,0,0,0,0,0,0,0,0,0,0,0,0,0,0,0,0,0,0,0
banana republic canada,Social | Conversion | CVR Social META ASC Max volume,2025-10-19,5466.63,50866.0042,22414.9053,0,0,0,0,0,0,0,0,0,0,0,0,0,0,0,0,0,0,0,0,0,0,0,0,0,0,0,0,0,0,0,0,0,0,0,0,0,0,0,0,0,0,0
banana republic canada,Social | Conversion | CVR Social META ASC Max volume,2025-10-26,6247.53,54632.5172,23988.4886,0,0,0,0,0,0,0,0,0,0,0,0,0,0,0,0,0,0,0,0,0,0,0,0,0,0,0,0,0,0,0,0,0,0,0,0,0,0,0,0,0,0,0
banana republic canada,Social | Conversion | CVR Social META ASC Max volume,2025-11-02,8772.39,63958.7432,28325.8596,0,0,0,0,0,0,0,0,0,0,0,0,0,0,2,0,0,0,0,0,0,0,0,0,0,0,0,0,0,0,0,0,0,0,0,0,0,0,2,0,0,0,0
banana republic canada,Social | Conversion | CVR Social META ASC Max volume,2025-11-09,5800.43,42130.3166,18566.1053,0,0,0,0,0,0,0,0,0,0,0,0,0,0,1,0,0,0,0,0,0,0,0,0,0,0,0,0,0,0,0,0,0,0,0,0,0,0,1,0,0,0,0
banana republic canada,Social | Conversion | CVR Social META ASC Max volume,2025-11-16,3344.7,20416.3644,9024.0735,0,0,0,0,0,0,0,0,0,0,0,0,0,0,0,0,0,0,0,0,0,0,0,0,0,0,0,0,0,0,0,0,0,0,0,0,0,0,0,0,0,0,0
banana republic canada,Social | Conversion | CVR Social META ASC Max volume,2025-11-23,10675.07,44809.7219,19806.0368,0,0,0,0,0,0,0,0,0,0,0,0,0,0,0,0,0,0,0,0,0,0,0,0,0,0,0,0,0,2,0,0,0,0,0,0,0,0,2,0,0,0,0
banana republic canada,Social | Conversion | CVR Social META ASC Max volume,2025-11-30,11794.95,53552.2674,23473.637,0,0,0,0,0,0,0,0,0,0,0,0,0,0,0,0,0,2,0,0,0,0,0,0,0,0,0,0,0,0,0,0,0,0,0,0,0,0,2,0,0,0,0
banana republic canada,Social | Conversion | CVR Social META ASC Max volume,2025-12-07,4255.1,33344.2128,14487.5333,0,0,0,0,0,0,0,0,0,0,0,0,0,0,0,0,0,0,0,0,0,0,0,0,0,0,0,0,0,0,2,0,0,0,0,0,0,0,2,0,0,0,0
banana republic canada,Social | Conversion | CVR Social META ASC Max volume,2025-12-14,3065.24,26575.872,11509.1655,0,0,0,0,0,0,0,0,0,0,0,0,0,0,0,0,0,0,0,0,0,0,0,0,0,0,0,0,0,0,1,0,0,0,0,0,2,2,1,0,0,0,0
banana republic canada,Social | Conversion | CVR Social META ASC Max volume,2025-12-21,3624.06,32755.1226,14107.3265,0,0,0,0,0,0,0,0,0,0,0,0,0,0,0,0,0,0,0,0,0,0,0,0,0,0,0,0,0,0,0,1,0,0,0,0,2,2,0,0,1,0,0
banana republic canada,Social | Conversion | CVR Social META ASC Max volume,2025-12-28,3457.22,35221.9103,15182.8223,0,0,0,0,0,0,0,0,0,0,0,0,0,0,0,0,0,0,0,0,0,0,0,0,0,0,0,0,0,0,0,2,0,0,0,0,0,0,0,0,2,0,0
banana republic canada,Social | Conversion | CVR Social META ASC Max volume,2026-01-04,1780.21,23615.0142,10267.9445,0,0,0,0,0,0,0,0,0,0,0,0,0,0,0,0,0,0,0,0,0,0,0,0,0,0,0,0,0,0,0,1,2,0,0,0,0,0,0,0,2,0,0
banana republic canada,Social | Conversion | CVR Social META ASC Max volume,2026-01-11,2151.7,28062.3394,12261.6187,0,0,0,0,0,0,0,0,0,0,0,0,0,0,0,0,0,0,0,0,0,0,0,0,0,0,0,0,0,0,0,0,1,2,0,0,0,0,0,0,2,0,0
banana republic canada,Social | Conversion | CVR Social META ASC Max volume,2026-01-18,3301.21,42332.0101,18392.5781,0,0,0,0,0,0,0,0,0,0,0,0,0,0,0,0,0,0,0,0,0,0,0,0,0,0,0,0,0,0,0,0,0,2,0,0,0,0,0,0,2,0,0
banana republic canada,Social | Conversion | CVR Social META ASC Max volume,2026-01-25,2009.37,28874.9527,12350.3805,0,0,0,0,0,0,0,0,0,0,0,0,0,0,0,0,0,0,0,0,0,0,0,0,0,0,0,0,0,0,0,0,0,0,0,0,0,0,0,0,0,0,0
banana republic canada,Social | Conversion | CVR Social META Custom,2024-02-04,2769.4516,12378.4403,6546.3298,0,0,0,0,0,0,0,0,0,0,0,0,0,0,0,0,0,0,0,0,0,0,0,0,0,0,0,0,0,0,0,0,0,0,0,0,0,0,0,0,0,0,0
banana republic canada,Social | Conversion | CVR Social META Custom,2024-02-11,3014.2493,13687.6523,6924.9637,0,0,0,0,0,0,0,0,0,0,0,0,0,0,0,0,0,0,0,0,0,0,0,0,0,0,0,0,0,0,0,0,0,0,0,0,0,0,0,0,0,0,0
banana republic canada,Social | Conversion | CVR Social META Custom,2024-02-18,3796.5669,15828.804,7964.1156,0,0,0,0,0,0,0,0,0,0,0,0,0,0,0,0,0,0,0,0,0,0,0,0,0,0,0,0,0,0,0,0,0,0,0,0,0,0,0,0,0,0,0
banana republic canada,Social | Conversion | CVR Social META Custom,2024-02-25,3587.3463,18315.3137,9245.4161,0,0,0,0,0,0,0,0,0,0,0,0,0,0,0,0,0,0,0,0,0,0,0,0,0,0,0,0,0,0,0,0,0,0,0,0,0,0,0,0,0,0,0
banana republic canada,Social | Conversion | CVR Social META Custom,2024-03-03,10914.1126,39648.4745,19876.6299,0,1,0,0,0,0,0,0,0,0,0,0,0,0,0,0,0,0,0,0,0,0,0,0,0,0,0,0,0,0,0,0,0,0,0,0,0,0,1,0,0,0,0
banana republic canada,Social | Conversion | CVR Social META Custom,2024-03-10,8663.3452,39561.7033,19806.9835,0,2,0,0,0,0,0,0,0,0,0,0,0,0,0,0,0,0,0,0,0,0,0,0,0,0,0,0,0,0,0,0,0,0,0,0,0,0,2,0,0,0,0
banana republic canada,Social | Conversion | CVR Social META Custom,2024-03-17,2171.4756,15697.7903,7901.6916,0,0,0,0,0,0,0,0,0,0,0,0,0,0,0,0,0,0,0,0,0,0,0,0,0,0,0,0,0,0,0,0,0,0,0,0,0,0,0,0,0,0,0
banana republic canada,Social | Conversion | CVR Social META Custom,2024-03-24,2082.0065,10611.284,5344.6215,0,0,0,0,0,0,0,0,0,0,0,0,0,0,0,0,0,0,0,0,0,0,0,0,0,0,0,0,0,0,0,0,0,0,0,0,0,0,0,0,0,0,0
banana republic canada,Social | Conversion | CVR Social META Custom,2024-03-31,1821.7475,10129.494,5089.9958,0,0,0,0,0,0,0,0,0,0,0,0,0,0,0,0,0,0,0,0,0,0,0,0,0,0,0,0,0,0,0,0,0,0,0,0,0,0,0,0,0,0,0
banana republic canada,Social | Conversion | CVR Social META Custom,2024-04-07,3141.3137,14175.3687,7212.8656,0,0,0,0,0,0,0,0,0,0,0,0,0,0,0,0,0,0,0,0,0,0,0,0,0,0,0,0,0,0,0,0,0,0,0,0,0,0,0,0,0,0,0
banana republic canada,Social | Conversion | CVR Social META Custom,2024-04-14,2332.099,10657.0522,5468.3581,0,0,0,0,0,0,0,0,0,0,0,0,0,0,0,0,0,0,0,0,0,0,0,0,0,0,0,0,0,0,0,0,0,0,0,0,0,0,0,0,0,0,0
banana republic canada,Social | Conversion | CVR Social META Custom,2024-04-21,2806.461,12060.0019,6151.9518,0,0,0,0,0,0,0,0,0,0,0,0,0,0,0,0,0,0,0,0,0,0,0,0,0,0,0,0,0,0,0,0,0,0,0,0,0,0,0,0,0,0,0
banana republic canada,Social | Conversion | CVR Social META Custom,2024-04-28,1958.284,8710.1886,4451.268,0,0,0,0,0,0,0,0,0,0,0,0,0,0,0,0,0,0,0,0,0,0,0,0,0,0,0,0,0,0,0,0,0,0,0,0,0,0,0,0,0,0,0
banana republic canada,Social | Conversion | CVR Social META Custom,2024-05-05,1439.4478,5894.9859,3006.9262,0,0,0,0,0,0,0,0,0,0,0,0,0,0,0,0,0,0,0,0,0,0,0,0,0,0,0,0,0,0,0,0,0,0,0,0,0,0,0,0,0,0,0
banana republic canada,Social | Conversion | CVR Social META Custom,2024-05-12,2666.7021,8263.2576,4198.4342,0,0,0,0,0,0,0,0,0,0,0,0,0,0,0,0,0,0,0,0,0,0,0,1,0,0,0,0,0,0,0,0,0,0,0,0,0,0,0,0,0,1,0
banana republic canada,Social | Conversion | CVR Social META Custom,2024-05-19,2021.7239,6145.824,3126.5017,0,0,0,0,0,0,0,0,0,0,0,0,0,0,0,0,0,0,0,0,0,0,0,1,1,0,0,0,0,0,0,0,0,0,0,0,0,0,0,0,0,1,0
banana republic canada,Social | Conversion | CVR Social META Custom,2024-05-26,1446.5328,4662.2712,2372.9423,0,0,0,0,0,0,0,0,0,0,0,0,0,0,0,0,0,0,0,0,0,0,0,0,1,0,0,0,0,0,0,0,0,0,0,0,0,0,0,0,0,1,0
banana republic canada,Social | Conversion | CVR Social META Custom,2024-06-02,799.786,3103.6516,1584.0389,0,0,0,0,0,0,0,0,0,0,0,0,0,0,0,0,0,0,0,0,0,0,0,0,0,0,0,0,0,0,0,0,0,0,0,0,0,0,0,0,0,0,0
banana republic canada,Social | Conversion | CVR Social META Custom,2024-06-09,856.4881,2914.8147,1492.3972,0,0,0,0,0,0,0,0,0,0,0,0,0,0,0,0,0,0,0,0,0,0,0,0,0,0,0,0,0,0,0,0,0,0,0,0,0,0,0,0,0,0,0
banana republic canada,Social | Conversion | CVR Social META Custom,2024-06-16,732.7113,2596.376,1326.8199,0,0,0,0,0,0,0,0,0,0,0,0,0,0,0,0,0,0,0,0,0,0,0,0,0,0,0,0,0,0,0,0,0,0,0,0,0,0,0,0,0,0,0
banana republic canada,Social | Conversion | CVR Social META Custom,2024-06-23,761.3011,3695.8135,1883.7674,0,0,0,0,0,0,0,0,0,0,0,0,0,0,0,0,0,0,0,0,0,0,0,0,0,1,0,0,0,0,0,0,0,0,0,0,0,1,0,0,0,0,0
banana republic canada,Social | Conversion | CVR Social META Custom,2024-06-30,1081.1916,5000.0509,2549.0776,0,0,0,0,0,0,0,0,0,0,0,0,0,0,0,0,0,0,0,0,0,0,0,0,0,2,1,0,0,0,0,0,0,0,0,0,0,2,0,0,0,0,0
banana republic canada,Social | Conversion | CVR Social META Custom,2024-07-07,1643.0046,7405.1822,3780.4932,0,0,0,0,0,0,0,0,0,0,0,0,0,0,0,0,0,0,0,0,0,0,0,0,0,0,2,1,0,0,0,0,0,0,0,0,0,2,0,0,1,0,0
banana republic canada,Social | Conversion | CVR Social META Custom,2024-07-14,1629.3553,7552.6507,3852.852,0,0,0,0,0,0,0,0,0,0,0,0,0,0,0,0,0,0,0,0,0,0,0,0,0,0,0,2,0,0,0,0,0,0,0,0,0,0,0,0,2,0,0
banana republic canada,Social | Conversion | CVR Social META Custom,2024-07-21,1814.0874,8321.7915,4273.3101,0,0,0,0,0,0,0,0,0,0,0,0,0,0,0,0,0,0,0,0,0,0,0,0,0,0,0,1,2,0,0,0,0,0,0,0,0,0,0,0,2,0,0
banana republic canada,Social | Conversion | CVR Social META Custom,2024-07-28,1545.2309,7915.2225,4079.567,0,0,0,0,0,0,0,0,0,0,0,0,0,0,0,0,0,0,0,0,0,0,0,0,0,0,0,0,2,0,0,0,0,0,0,0,0,0,0,0,2,0,0
banana republic canada,Social | Conversion | CVR Social META Custom,2024-08-04,2396.71,6807.5479,6153.5674,0,0,0,0,0,0,0,0,0,0,0,0,0,0,0,0,0,0,0,0,0,0,0,0,0,0,0,0,1,0,0,0,0,0,0,0,0,0,0,0,1,0,0
banana republic canada,Social | Conversion | CVR Social META Custom,2024-08-11,2197.23,5631.4502,5332.9867,0,0,0,0,0,0,0,0,0,0,0,0,0,0,0,0,0,0,0,0,0,0,0,0,0,0,0,0,0,0,0,0,0,0,0,0,0,0,0,0,0,0,0
banana republic canada,Social | Conversion | CVR Social META Custom,2024-08-18,2267.13,6645.3699,6269.3427,0,0,0,0,0,0,0,0,0,0,0,0,0,0,0,0,0,0,0,0,0,0,0,0,0,0,0,0,0,0,0,0,0,0,0,0,0,0,0,0,0,0,0
banana republic canada,Social | Conversion | CVR Social META Custom,2024-08-25,2817.46,6274.4283,5865.5122,0,0,0,0,0,0,0,0,0,0,0,0,0,0,0,0,0,0,0,0,0,0,0,0,0,0,0,0,0,0,0,0,0,0,0,0,0,0,0,0,0,0,0
banana republic canada,Social | Conversion | CVR Social META Custom,2024-09-01,2247.26,4991.1595,4693.2197,0,0,0,0,0,0,0,0,0,0,0,0,0,0,0,0,0,0,0,0,0,0,0,0,0,0,0,0,0,0,0,0,0,0,0,0,0,0,0,0,0,0,0
banana republic canada,Social | Conversion | CVR Social META Custom,2024-09-08,3740.11,7312.0419,6899.2022,0,0,0,0,0,0,0,0,0,0,0,0,0,0,0,0,0,0,0,0,0,0,0,0,0,0,0,0,0,0,0,0,0,0,0,0,0,0,0,0,0,0,0
banana republic canada,Social | Conversion | CVR Social META Custom,2024-09-15,5884.32,9044.3295,8527.5847,0,2,0,0,0,0,0,0,0,0,0,0,0,0,0,0,0,0,0,0,0,0,0,0,0,0,0,0,0,0,0,0,0,0,0,0,0,0,2,0,0,0,0
banana republic canada,Social | Conversion | CVR Social META Custom,2024-09-22,3848.89,8456.7145,7914.1106,0,2,0,0,0,0,0,0,0,0,0,0,0,0,0,0,0,0,0,0,0,0,0,0,0,0,0,0,0,0,0,0,0,0,0,0,0,0,2,0,0,0,0
banana republic canada,Social | Conversion | CVR Social META Custom,2024-09-29,735.64,3207.3689,3009.4259,0,1,0,0,0,0,0,0,0,0,0,0,0,0,0,0,0,0,0,0,0,0,0,0,0,0,0,0,0,0,0,0,0,0,0,0,0,0,1,0,0,0,0
banana republic canada,Social | Conversion | CVR Social META Custom,2024-10-06,3290.47,6560.9379,6237.0892,0,0,0,0,0,0,0,0,0,0,0,0,0,0,0,0,0,0,0,0,0,0,0,0,0,0,0,0,0,0,0,0,0,0,0,0,0,0,0,0,0,0,0
banana republic canada,Social | Conversion | CVR Social META Custom,2024-10-13,2563.16,5097.7247,4881.3784,0,0,0,0,0,0,0,0,0,0,0,0,0,0,0,0,0,0,0,0,0,0,0,0,0,0,0,0,0,0,0,0,0,0,0,0,0,0,0,0,0,0,0
banana republic canada,Social | Conversion | CVR Social META Custom,2024-10-20,1450.03,3112.8038,2992.2464,0,0,0,0,0,0,0,0,0,0,0,0,0,0,0,0,0,0,0,0,0,0,0,0,0,0,0,0,0,0,0,0,0,0,0,0,0,0,0,0,0,0,0
banana republic canada,Social | Conversion | CVR Social META Custom,2024-10-27,2911.3,6744.1183,6514.0001,0,0,0,0,0,0,0,0,0,0,0,0,0,0,1,0,0,0,0,0,0,0,0,0,0,0,0,0,0,0,0,0,0,0,0,0,0,0,1,0,0,0,0
banana republic canada,Social | Conversion | CVR Social META Custom,2024-11-03,3040.29,7601.5684,7334.3921,0,0,0,0,0,0,0,0,0,0,0,0,0,0,2,0,0,0,0,0,0,0,0,0,0,0,0,0,0,0,0,0,0,0,0,0,0,0,2,0,0,0,0
banana republic canada,Social | Conversion | CVR Social META Custom,2024-11-10,652.69,2235.8668,2175.0846,0,0,0,0,0,0,0,0,0,0,0,0,0,0,1,0,0,0,0,0,0,0,0,0,0,0,0,0,0,0,0,0,0,0,0,0,0,0,1,0,0,0,0
banana republic canada,Social | Conversion | CVR Social META Custom,2024-11-17,827.8,1810.1101,1758.964,0,0,0,0,0,0,0,0,0,0,0,0,0,0,0,0,0,0,0,0,0,0,0,0,0,0,0,0,0,0,0,0,0,0,0,0,0,0,0,0,0,0,0
banana republic canada,Social | Conversion | CVR Social META Custom,2024-11-24,3358.21,4463.4246,4348.4526,0,0,0,0,0,0,0,0,0,0,0,0,0,0,0,0,0,0,0,0,0,0,0,0,0,0,0,0,0,2,0,0,0,0,0,0,0,0,2,0,0,0,0
banana republic canada,Social | Conversion | CVR Social META Custom,2024-12-01,2881.61,4055.9391,3964.2371,0,0,0,0,0,0,0,0,0,0,0,0,0,0,0,0,0,2,0,0,0,0,0,0,0,0,0,0,0,0,0,0,0,0,0,0,0,0,2,0,0,0,0
banana republic canada,Social | Conversion | CVR Social META Custom,2024-12-08,3314.46,5439.9853,5350.4573,0,0,0,0,0,0,0,0,0,0,0,0,0,0,0,0,0,0,0,0,0,0,0,0,0,0,0,0,0,0,1,0,0,0,0,0,0,0,1,0,0,0,0
banana republic canada,Social | Conversion | CVR Social META Custom,2024-12-15,1793.22,3730.0796,3710.0808,0,0,0,0,0,0,0,0,0,0,0,0,0,0,0,0,0,0,0,0,0,0,0,0,0,0,0,0,0,0,1,0,0,0,0,0,0,0,1,0,0,0,0
banana republic canada,Social | Conversion | CVR Social META Custom,2024-12-22,1769.54,4346.9533,4347.0982,0,0,0,0,0,0,0,0,0,0,0,0,0,0,0,0,0,0,0,0,0,0,0,0,0,0,0,0,0,0,0,1,0,0,0,0,0,0,0,0,1,0,0
banana republic canada,Social | Conversion | CVR Social META Custom,2024-12-29,1338.62,4299.5503,4305.9504,0,0,0,0,0,0,0,0,0,0,0,0,0,0,0,0,0,0,0,0,0,0,0,0,0,0,0,0,0,0,0,2,1,0,0,0,0,0,0,0,2,0,0
banana republic canada,Social | Conversion | CVR Social META Custom,2025-01-05,229.38,1051.2565,1050.315,0,0,0,0,0,0,0,0,0,0,0,0,0,0,0,0,0,0,0,0,0,0,0,0,0,0,0,0,0,0,0,0,2,0,0,0,0,0,0,0,2,0,0
banana republic canada,Social | Conversion | CVR Social META DABA,2024-02-04,20606.25,17341.1396,5956.0278,0,0,0,0,0,0,0,0,0,0,0,0,0,0,0,0,0,0,0,0,0,0,0,0,0,0,0,0,0,0,0,0,0,0,0,0,0,0,0,0,0,0,0
banana republic canada,Social | Conversion | CVR Social META DABA,2024-02-11,20606.25,21228.0202,7024.3366,0,0,0,0,0,0,0,0,0,0,0,0,0,0,0,0,0,0,0,0,0,0,0,0,0,0,0,0,0,0,0,0,0,0,0,0,0,0,0,0,0,0,0
banana republic canada,Social | Conversion | CVR Social META DABA,2024-02-18,20606.25,23269.5057,7665.5954,0,0,0,0,0,0,0,0,0,0,0,0,0,0,0,0,0,0,0,0,0,0,0,0,0,0,0,0,0,0,0,0,0,0,0,0,0,0,0,0,0,0,0
banana republic canada,Social | Conversion | CVR Social META DABA,2024-02-25,20606.25,22099.0675,7304.5062,0,0,0,0,0,0,0,0,0,0,0,0,0,0,0,0,0,0,0,0,0,0,0,0,0,0,0,0,0,0,0,0,0,0,0,0,0,0,0,0,0,0,0
banana republic canada,Social | Conversion | CVR Social META DABA,2024-03-03,16485.0,65659.8327,21553.665,0,1,0,0,0,0,0,0,0,0,0,0,0,0,0,0,0,0,0,0,0,0,0,0,0,0,0,0,0,0,0,0,0,0,0,0,0,0,1,0,0,0,0
banana republic canada,Social | Conversion | CVR Social META DABA,2024-03-10,16485.0,50202.1617,16457.7728,0,2,0,0,0,0,0,0,0,0,0,0,0,0,0,0,0,0,0,0,0,0,0,0,0,0,0,0,0,0,0,0,0,0,0,0,0,0,2,0,0,0,0
banana republic canada,Social | Conversion | CVR Social META DABA,2024-03-17,16485.0,18221.1006,6005.6698,0,0,0,0,0,0,0,0,0,0,0,0,0,0,0,0,0,0,0,0,0,0,0,0,0,0,0,0,0,0,0,0,0,0,0,0,0,0,0,0,0,0,0
banana republic canada,Social | Conversion | CVR Social META DABA,2024-03-24,16485.0,13209.2177,4356.4367,0,0,0,0,0,0,0,0,0,0,0,0,0,0,0,0,0,0,0,0,0,0,0,0,0,0,0,0,0,0,0,0,0,0,0,0,0,0,0,0,0,0,0
banana republic canada,Social | Conversion | CVR Social META DABA,2024-03-31,16485.0,17115.666,5631.5608,0,0,0,0,0,0,0,0,0,0,0,0,0,0,0,0,0,0,0,0,0,0,0,0,0,0,0,0,0,0,0,0,0,0,0,0,0,0,0,0,0,0,0
banana republic canada,Social | Conversion | CVR Social META DABA,2024-04-07,18468.0,20949.2569,6979.871,0,0,0,0,0,0,0,0,0,0,0,0,0,0,0,0,0,0,0,0,0,0,0,0,0,0,0,0,0,0,0,0,0,0,0,0,0,0,0,0,0,0,0
banana republic canada,Social | Conversion | CVR Social META DABA,2024-04-14,18468.0,12887.7553,4330.1449,0,0,0,0,0,0,0,0,0,0,0,0,0,0,0,0,0,0,0,0,0,0,0,0,0,0,0,0,0,0,0,0,0,0,0,0,0,0,0,0,0,0,0
banana republic canada,Social | Conversion | CVR Social META DABA,2024-04-21,18468.0,18608.926,6215.7301,0,0,0,0,0,0,0,0,0,0,0,0,0,0,0,0,0,0,0,0,0,0,0,0,0,0,0,0,0,0,0,0,0,0,0,0,0,0,0,0,0,0,0
banana republic canada,Social | Conversion | CVR Social META DABA,2024-04-28,18468.0,14299.1426,4784.8847,0,0,0,0,0,0,0,0,0,0,0,0,0,0,0,0,0,0,0,0,0,0,0,0,0,0,0,0,0,0,0,0,0,0,0,0,0,0,0,0,0,0,0
banana republic canada,Social | Conversion | CVR Social META DABA,2024-05-05,20606.25,17408.6328,5814.4676,0,0,0,0,0,0,0,0,0,0,0,0,0,0,0,0,0,0,0,0,0,0,0,0,0,0,0,0,0,0,0,0,0,0,0,0,0,0,0,0,0,0,0
banana republic canada,Social | Conversion | CVR Social META DABA,2024-05-12,20606.25,26854.6441,8934.3045,0,0,0,0,0,0,0,0,0,0,0,0,0,0,0,0,0,0,0,0,0,0,0,1,0,0,0,0,0,0,0,0,0,0,0,0,0,0,0,0,0,1,0
banana republic canada,Social | Conversion | CVR Social META DABA,2024-05-19,20606.25,22046.3353,7343.7899,0,0,0,0,0,0,0,0,0,0,0,0,0,0,0,0,0,0,0,0,0,0,0,1,1,0,0,0,0,0,0,0,0,0,0,0,0,0,0,0,0,1,0
banana republic canada,Social | Conversion | CVR Social META DABA,2024-05-26,20606.25,17052.5208,5683.0768,0,0,0,0,0,0,0,0,0,0,0,0,0,0,0,0,0,0,0,0,0,0,0,0,1,0,0,0,0,0,0,0,0,0,0,0,0,0,0,0,0,1,0
banana republic canada,Social | Conversion | CVR Social META DABA,2024-06-02,16485.0,10119.2721,3381.7963,0,0,0,0,0,0,0,0,0,0,0,0,0,0,0,0,0,0,0,0,0,0,0,0,0,0,0,0,0,0,0,0,0,0,0,0,0,0,0,0,0,0,0
banana republic canada,Social | Conversion | CVR Social META DABA,2024-06-09,16485.0,9644.5078,3233.3954,0,0,0,0,0,0,0,0,0,0,0,0,0,0,0,0,0,0,0,0,0,0,0,0,0,0,0,0,0,0,0,0,0,0,0,0,0,0,0,0,0,0,0
banana republic canada,Social | Conversion | CVR Social META DABA,2024-06-16,16485.0,9251.4481,3095.7039,0,0,0,0,0,0,0,0,0,0,0,0,0,0,0,0,0,0,0,0,0,0,0,0,0,0,0,0,0,0,0,0,0,0,0,0,0,0,0,0,0,0,0
banana republic canada,Social | Conversion | CVR Social META DABA,2024-06-23,16485.0,9026.1631,3012.4906,0,0,0,0,0,0,0,0,0,0,0,0,0,0,0,0,0,0,0,0,0,0,0,0,0,1,0,0,0,0,0,0,0,0,0,0,0,1,0,0,0,0,0
banana republic canada,Social | Conversion | CVR Social META DABA,2024-06-30,16485.0,12672.5596,4230.3692,0,0,0,0,0,0,0,0,0,0,0,0,0,0,0,0,0,0,0,0,0,0,0,0,0,2,1,0,0,0,0,0,0,0,0,0,0,2,0,0,0,0,0
banana republic canada,Social | Conversion | CVR Social META DABA,2024-07-07,20606.25,21407.298,7156.1571,0,0,0,0,0,0,0,0,0,0,0,0,0,0,0,0,0,0,0,0,0,0,0,0,0,0,2,1,0,0,0,0,0,0,0,0,0,2,0,0,1,0,0
banana republic canada,Social | Conversion | CVR Social META DABA,2024-07-14,20606.25,21100.6523,7048.2955,0,0,0,0,0,0,0,0,0,0,0,0,0,0,0,0,0,0,0,0,0,0,0,0,0,0,0,2,0,0,0,0,0,0,0,0,0,0,0,0,2,0,0
banana republic canada,Social | Conversion | CVR Social META DABA,2024-07-21,20606.25,21898.3691,7363.1669,0,0,0,0,0,0,0,0,0,0,0,0,0,0,0,0,0,0,0,0,0,0,0,0,0,0,0,1,2,0,0,0,0,0,0,0,0,0,0,0,2,0,0
banana republic canada,Social | Conversion | CVR Social META DABA,2024-07-28,20606.25,13374.1025,4513.5773,0,0,0,0,0,0,0,0,0,0,0,0,0,0,0,0,0,0,0,0,0,0,0,0,0,0,0,0,2,0,0,0,0,0,0,0,0,0,0,0,2,0,0
banana republic canada,Social | Conversion | CVR Social META DABA,2024-08-04,20606.2397,14639.2566,4915.875,0,0,0,0,0,0,0,0,0,0,0,0,0,0,0,0,0,0,0,0,0,0,0,0,0,0,0,0,1,0,0,0,0,0,0,0,0,0,0,0,1,0,0
banana republic canada,Social | Conversion | CVR Social META DABA,2024-08-11,20606.2397,12688.569,4250.0173,0,0,0,0,0,0,0,0,0,0,0,0,0,0,0,0,0,0,0,0,0,0,0,0,0,0,0,0,0,0,0,0,0,0,0,0,0,0,0,0,0,0,0
banana republic canada,Social | Conversion | CVR Social META DABA,2024-08-18,20606.2397,11581.3103,3841.253,0,0,0,0,0,0,0,0,0,0,0,0,0,0,0,0,0,0,0,0,0,0,0,0,0,0,0,0,0,0,0,0,0,0,0,0,0,0,0,0,0,0,0
banana republic canada,Social | Conversion | CVR Social META DABA,2024-08-25,20606.2397,11836.6185,3888.2475,0,0,0,0,0,0,0,0,0,0,0,0,0,0,0,0,0,0,0,0,0,0,0,0,0,0,0,0,0,0,0,0,0,0,0,0,0,0,0,0,0,0,0
banana republic canada,Social | Conversion | CVR Social META DABA,2024-09-01,17554.9918,9680.2497,3198.3622,0,0,0,0,0,0,0,0,0,0,0,0,0,0,0,0,0,0,0,0,0,0,0,0,0,0,0,0,0,0,0,0,0,0,0,0,0,0,0,0,0,0,0
banana republic canada,Social | Conversion | CVR Social META DABA,2024-09-08,17554.9918,7804.7744,2587.5525,0,0,0,0,0,0,0,0,0,0,0,0,0,0,0,0,0,0,0,0,0,0,0,0,0,0,0,0,0,0,0,0,0,0,0,0,0,0,0,0,0,0,0
banana republic canada,Social | Conversion | CVR Social META DABA,2024-09-15,17554.9918,51478.7462,17054.7769,0,2,0,0,0,0,0,0,0,0,0,0,0,0,0,0,0,0,0,0,0,0,0,0,0,0,0,0,0,0,0,0,0,0,0,0,0,0,2,0,0,0,0
banana republic canada,Social | Conversion | CVR Social META DABA,2024-09-22,17554.9918,46337.7262,15237.1435,0,2,0,0,0,0,0,0,0,0,0,0,0,0,0,0,0,0,0,0,0,0,0,0,0,0,0,0,0,0,0,0,0,0,0,0,0,0,2,0,0,0,0
banana republic canada,Social | Conversion | CVR Social META DABA,2024-09-29,17554.9918,11552.1445,3808.6033,0,1,0,0,0,0,0,0,0,0,0,0,0,0,0,0,0,0,0,0,0,0,0,0,0,0,0,0,0,0,0,0,0,0,0,0,0,0,1,0,0,0,0
banana republic canada,Social | Conversion | CVR Social META DABA,2024-10-06,20606.2397,24403.5922,8151.5121,0,0,0,0,0,0,0,0,0,0,0,0,0,0,0,0,0,0,0,0,0,0,0,0,0,0,0,0,0,0,0,0,0,0,0,0,0,0,0,0,0,0,0
banana republic canada,Social | Conversion | CVR Social META DABA,2024-10-13,20606.2397,26361.9486,8869.7626,0,0,0,0,0,0,0,0,0,0,0,0,0,0,0,0,0,0,0,0,0,0,0,0,0,0,0,0,0,0,0,0,0,0,0,0,0,0,0,0,0,0,0
banana republic canada,Social | Conversion | CVR Social META DABA,2024-10-20,20606.2397,20761.1744,7012.3875,0,0,0,0,0,0,0,0,0,0,0,0,0,0,0,0,0,0,0,0,0,0,0,0,0,0,0,0,0,0,0,0,0,0,0,0,0,0,0,0,0,0,0
banana republic canada,Social | Conversion | CVR Social META DABA,2024-10-27,20606.2397,36648.7647,12437.9932,0,0,0,0,0,0,0,0,0,0,0,0,0,0,1,0,0,0,0,0,0,0,0,0,0,0,0,0,0,0,0,0,0,0,0,0,0,0,1,0,0,0,0
banana republic canada,Social | Conversion | CVR Social META DABA,2024-11-03,20606.2397,65519.9505,22212.7777,0,0,0,0,0,0,0,0,0,0,0,0,0,0,2,0,0,0,0,0,0,0,0,0,0,0,0,0,0,0,0,0,0,0,0,0,0,0,2,0,0,0,0
banana republic canada,Social | Conversion | CVR Social META DABA,2024-11-10,20606.2397,19809.267,6771.2216,0,0,0,0,0,0,0,0,0,0,0,0,0,0,1,0,0,0,0,0,0,0,0,0,0,0,0,0,0,0,0,0,0,0,0,0,0,0,1,0,0,0,0
banana republic canada,Social | Conversion | CVR Social META DABA,2024-11-17,20606.2397,15711.7035,5364.6775,0,0,0,0,0,0,0,0,0,0,0,0,0,0,0,0,0,0,0,0,0,0,0,0,0,0,0,0,0,0,0,0,0,0,0,0,0,0,0,0,0,0,0
banana republic canada,Social | Conversion | CVR Social META DABA,2024-11-24,20606.2397,38144.9485,13057.8585,0,0,0,0,0,0,0,0,0,0,0,0,0,0,0,0,0,0,0,0,0,0,0,0,0,0,0,0,0,2,0,0,0,0,0,0,0,0,2,0,0,0,0
banana republic canada,Social | Conversion | CVR Social META DABA,2024-12-01,16484.9918,42542.5723,14610.3404,0,0,0,0,0,0,0,0,0,0,0,0,0,0,0,0,0,2,0,0,0,0,0,0,0,0,0,0,0,0,0,0,0,0,0,0,0,0,2,0,0,0,0
banana republic canada,Social | Conversion | CVR Social META DABA,2024-12-08,16484.9918,26530.6603,9168.7393,0,0,0,0,0,0,0,0,0,0,0,0,0,0,0,0,0,0,0,0,0,0,0,0,0,0,0,0,0,0,1,0,0,0,0,0,0,0,1,0,0,0,0
banana republic canada,Social | Conversion | CVR Social META DABA,2024-12-15,16484.9918,24156.559,8442.4544,0,0,0,0,0,0,0,0,0,0,0,0,0,0,0,0,0,0,0,0,0,0,0,0,0,0,0,0,0,0,1,0,0,0,0,0,0,0,1,0,0,0,0
banana republic canada,Social | Conversion | CVR Social META DABA,2024-12-22,16484.9918,29205.3743,10262.3223,0,0,0,0,0,0,0,0,0,0,0,0,0,0,0,0,0,0,0,0,0,0,0,0,0,0,0,0,0,0,0,1,0,0,0,0,0,0,0,0,1,0,0
banana republic canada,Social | Conversion | CVR Social META DABA,2024-12-29,16484.9918,28648.3864,10081.2537,0,0,0,0,0,0,0,0,0,0,0,0,0,0,0,0,0,0,0,0,0,0,0,0,0,0,0,0,0,0,0,2,1,0,0,0,0,0,0,0,2,0,0
banana republic canada,Social | Conversion | CVR Social META DABA,2025-01-05,20606.2397,16277.7175,5714.4283,0,0,0,0,0,0,0,0,0,0,0,0,0,0,0,0,0,0,0,0,0,0,0,0,0,0,0,0,0,0,0,0,2,0,0,0,0,0,0,0,2,0,0
banana republic canada,Social | Conversion | CVR Social META DABA,2025-01-12,20606.2397,18539.5803,6505.2901,0,0,0,0,0,0,0,0,0,0,0,0,0,0,0,0,0,0,0,0,0,0,0,0,0,0,0,0,0,0,0,0,1,2,0,0,0,0,0,0,2,0,0
banana republic canada,Social | Conversion | CVR Social META DABA,2025-01-19,20606.2397,17819.7145,6240.7049,0,0,0,0,0,0,0,0,0,0,0,0,0,0,0,0,0,0,0,0,0,0,0,0,0,0,0,0,0,0,0,0,0,2,0,0,0,0,0,0,2,0,0
banana republic canada,Social | Conversion | CVR Social META DABA,2025-01-26,20606.2397,14198.4349,4993.4708,0,0,0,0,0,0,0,0,0,0,0,0,0,0,0,0,0,0,0,0,0,0,0,0,0,0,0,0,0,0,0,0,0,0,0,0,0,0,0,0,0,0,0
banana republic canada,Social | Conversion | CVR Social META DABA,2025-02-02,19795.4784,19803.4316,6939.6369,0,0,0,0,0,0,0,0,0,0,0,0,0,0,0,0,0,0,0,0,0,0,0,0,0,0,0,0,0,0,0,0,0,0,0,0,0,0,0,0,0,0,0
banana republic canada,Social | Conversion | CVR Social META DABA,2025-02-09,19795.4784,21365.1276,7441.3895,0,0,0,0,0,0,0,0,0,0,0,0,0,0,0,0,0,0,0,0,0,0,0,0,0,0,0,0,0,0,0,0,0,0,0,0,0,0,0,0,0,0,0
banana republic canada,Social | Conversion | CVR Social META DABA,2025-02-16,19795.4784,23872.934,8268.7846,0,0,0,0,0,0,0,0,0,0,0,0,0,0,0,0,0,0,0,0,0,0,0,0,0,0,0,0,0,0,0,0,0,0,0,0,0,0,0,0,0,0,0
banana republic canada,Social | Conversion | CVR Social META DABA,2025-02-23,19795.4784,23193.5127,8117.8346,0,0,0,0,0,0,0,0,0,0,0,0,0,0,0,0,0,0,0,0,0,0,0,0,0,0,0,0,0,0,0,0,0,0,0,0,0,0,0,0,0,0,0
banana republic canada,Social | Conversion | CVR Social META DABA,2025-03-02,15836.3827,22113.4068,7764.2168,0,0,0,0,0,0,0,0,0,0,0,0,0,0,0,0,0,0,0,0,0,0,0,0,0,0,0,0,0,0,0,0,0,0,0,0,0,0,0,0,0,0,0
banana republic canada,Social | Conversion | CVR Social META DABA,2025-03-09,15836.3827,26278.0011,9240.4198,0,0,0,0,0,0,0,0,0,0,0,0,0,0,0,0,0,0,0,0,0,0,0,0,0,0,0,0,0,0,0,0,0,0,0,0,0,0,0,0,0,0,0
banana republic canada,Social | Conversion | CVR Social META DABA,2025-03-16,15836.3827,25522.6875,8919.4013,0,0,0,0,0,0,0,0,0,0,0,0,0,0,0,0,0,0,0,0,0,0,0,0,0,0,0,0,0,0,0,0,0,0,0,0,0,0,0,0,0,0,0
banana republic canada,Social | Conversion | CVR Social META DABA,2025-03-23,15836.3827,56159.3779,19579.6797,0,2,0,0,0,0,0,0,0,0,0,0,0,0,0,0,0,0,0,0,0,0,0,0,0,0,0,0,0,0,0,0,0,0,0,0,0,0,2,0,0,0,0
banana republic canada,Social | Conversion | CVR Social META DABA,2025-03-30,15836.3827,30696.2733,10675.9637,0,1,0,0,0,0,0,0,0,0,0,0,0,0,0,0,0,0,0,0,0,0,0,0,0,0,0,0,0,0,0,0,0,0,0,0,0,0,1,0,0,0,0
banana republic canada,Social | Conversion | CVR Social META DABA,2025-04-06,19795.4784,18366.6579,6320.9327,0,0,0,0,0,0,0,0,0,0,0,0,0,0,0,0,0,0,0,0,0,0,0,0,0,0,0,0,0,0,0,0,0,0,0,0,0,0,0,0,0,0,0
banana republic canada,Social | Conversion | CVR Social META DABA,2025-04-13,19795.4784,18246.0218,6181.9049,0,0,0,0,0,0,0,0,0,0,0,0,0,0,0,0,0,0,0,0,0,0,0,0,0,0,0,0,0,0,0,0,0,0,1,0,0,0,0,0,0,0,1
banana republic canada,Social | Conversion | CVR Social META DABA,2025-04-20,19795.4784,10818.6222,3656.0373,0,0,0,0,0,0,0,0,0,0,0,0,0,0,0,0,0,0,0,0,0,0,0,0,0,0,0,0,0,0,0,0,0,0,1,0,0,0,0,0,0,0,1
banana republic canada,Social | Conversion | CVR Social META DABA,2025-04-27,19795.4784,16140.1293,5450.0608,0,0,0,0,0,0,0,0,0,0,0,0,0,0,0,0,0,0,0,0,0,0,0,0,0,0,0,0,0,0,0,0,0,0,0,0,0,0,0,0,0,0,0
banana republic canada,Social | Conversion | CVR Social META DABA,2025-05-04,17561.8009,10430.4545,3521.7555,0,0,0,0,0,0,0,0,0,0,0,0,0,0,0,0,0,0,0,0,0,0,0,0,0,0,0,0,0,0,0,0,0,0,0,0,0,0,0,0,0,0,0
banana republic canada,Social | Conversion | CVR Social META DABA,2025-05-11,17561.8009,13219.2719,4509.0447,0,0,0,0,0,0,0,0,0,0,0,0,0,0,0,0,0,0,0,0,0,0,0,1,0,0,0,0,0,0,0,0,0,0,0,0,0,0,0,0,0,0,1
banana republic canada,Social | Conversion | CVR Social META DABA,2025-05-18,17561.8009,11757.2693,3976.7425,0,0,0,0,0,0,0,0,0,0,0,0,0,0,0,0,0,0,0,0,0,0,0,1,0,0,0,0,0,0,0,0,0,0,0,0,0,0,0,0,0,0,1
banana republic canada,Social | Conversion | CVR Social META DABA,2025-05-25,17561.8009,9193.2621,3093.8538,0,0,0,0,0,0,0,0,0,0,0,0,0,0,0,0,0,0,0,0,0,0,0,0,0,0,0,0,0,0,0,0,0,0,0,0,0,0,0,0,0,0,0
banana republic canada,Social | Conversion | CVR Social META DABA,2025-06-01,14049.4407,9350.2889,3123.5379,0,0,0,0,0,0,0,0,0,0,0,0,0,0,0,0,0,0,0,0,0,0,0,0,0,0,0,0,0,0,0,0,0,0,0,0,0,0,0,0,0,0,0
banana republic canada,Social | Conversion | CVR Social META DABA,2025-06-08,14049.4407,15368.547,5117.9993,0,0,0,0,0,0,0,0,0,0,0,0,0,0,0,0,0,0,0,0,0,0,0,0,0,0,0,0,0,0,0,0,0,0,0,0,0,0,0,0,0,0,0
banana republic canada,Social | Conversion | CVR Social META DABA,2025-06-15,14049.4407,12746.9442,4241.9492,0,0,0,0,0,0,0,0,0,0,0,0,0,0,0,0,0,0,0,0,0,0,0,0,0,0,0,0,0,0,0,0,0,0,0,0,0,0,0,0,0,0,0
banana republic canada,Social | Conversion | CVR Social META DABA,2025-06-22,14049.4407,7875.3847,2635.4378,0,0,0,0,0,0,0,0,0,0,0,0,0,0,0,0,0,0,0,0,0,0,0,0,0,1,0,0,0,0,0,0,0,0,0,0,0,0,0,0,1,0,0
banana republic canada,Social | Conversion | CVR Social META DABA,2025-06-29,14049.4407,10641.5005,3534.3518,0,0,0,0,0,0,0,0,0,0,0,0,0,0,0,0,0,0,0,0,0,0,0,0,0,1,2,0,0,0,0,0,0,0,0,0,0,0,0,0,2,0,0
banana republic canada,Social | Conversion | CVR Social META DABA,2025-07-06,17561.8009,9194.3403,3065.7918,0,0,0,0,0,0,0,0,0,0,0,0,0,0,0,0,0,0,0,0,0,0,0,0,0,0,2,1,0,0,0,0,0,0,0,0,0,0,0,0,2,0,0
banana republic canada,Social | Conversion | CVR Social META DABA,2025-07-13,17561.8009,8463.2886,2830.4479,0,0,0,0,0,0,0,0,0,0,0,0,0,0,0,0,0,0,0,0,0,0,0,0,0,0,0,2,0,0,0,0,0,0,0,0,0,0,0,0,2,0,0
banana republic canada,Social | Conversion | CVR Social META DABA,2025-07-20,17561.8009,14022.0894,4671.1125,0,0,0,0,0,0,0,0,0,0,0,0,0,0,0,0,0,0,0,0,0,0,0,0,0,0,0,1,2,0,0,0,0,0,0,0,0,0,0,0,2,0,0
banana republic canada,Social | Conversion | CVR Social META DABA,2025-07-27,17561.8009,10786.3337,3627.6171,0,0,0,0,0,0,0,0,0,0,0,0,0,0,0,0,0,0,0,0,0,0,0,0,0,0,0,0,2,0,0,0,0,0,0,0,0,0,0,0,2,0,0
banana republic canada,Social | Conversion | CVR Social META DABA,2025-08-03,524.9,7675.4897,2581.0613,0,0,0,0,0,0,0,0,0,0,0,0,0,0,0,0,0,0,0,0,0,0,0,0,0,0,0,0,1,0,0,0,0,0,0,0,0,0,0,0,1,0,0
banana republic canada,Social | Conversion | CVR Social META DABA,2025-08-10,1330.75,15833.7875,5328.3949,0,0,0,0,0,0,0,0,0,0,0,0,0,0,0,0,0,0,0,0,0,0,0,0,0,0,0,0,0,0,0,0,0,0,0,0,0,0,0,0,0,0,0
banana republic canada,Social | Conversion | CVR Social META DPA,2024-02-04,2569.0955,27242.0432,8531.6884,0,0,0,0,0,0,0,0,0,0,0,0,0,0,0,0,0,0,0,0,0,0,0,0,0,0,0,0,0,0,0,0,0,0,0,0,0,0,0,0,0,0,0
banana republic canada,Social | Conversion | CVR Social META DPA,2024-02-11,1805.3423,21401.4988,6402.8228,0,0,0,0,0,0,0,0,0,0,0,0,0,0,0,0,0,0,0,0,0,0,0,0,0,0,0,0,0,0,0,0,0,0,0,0,0,0,0,0,0,0,0
banana republic canada,Social | Conversion | CVR Social META DPA,2024-02-18,2000.5772,21446.5556,6367.5757,0,0,0,0,0,0,0,0,0,0,0,0,0,0,0,0,0,0,0,0,0,0,0,0,0,0,0,0,0,0,0,0,0,0,0,0,0,0,0,0,0,0,0
banana republic canada,Social | Conversion | CVR Social META DPA,2024-02-25,2245.8198,21975.5514,6544.2811,0,0,0,0,0,0,0,0,0,0,0,0,0,0,0,0,0,0,0,0,0,0,0,0,0,0,0,0,0,0,0,0,0,0,0,0,0,0,0,0,0,0,0
banana republic canada,Social | Conversion | CVR Social META DPA,2024-03-03,6346.8811,46287.8312,13689.2328,0,1,0,0,0,0,0,0,0,0,0,0,0,0,0,0,0,0,0,0,0,0,0,0,0,0,0,0,0,0,0,0,0,0,0,0,0,0,1,0,0,0,0
banana republic canada,Social | Conversion | CVR Social META DPA,2024-03-10,3515.6387,33725.3565,9960.8251,0,2,0,0,0,0,0,0,0,0,0,0,0,0,0,0,0,0,0,0,0,0,0,0,0,0,0,0,0,0,0,0,0,0,0,0,0,0,2,0,0,0,0
banana republic canada,Social | Conversion | CVR Social META DPA,2024-03-17,877.548,11903.4,3534.6621,0,0,0,0,0,0,0,0,0,0,0,0,0,0,0,0,0,0,0,0,0,0,0,0,0,0,0,0,0,0,0,0,0,0,0,0,0,0,0,0,0,0,0
banana republic canada,Social | Conversion | CVR Social META DPA,2024-03-24,1303.7035,9915.5728,2946.1992,0,0,0,0,0,0,0,0,0,0,0,0,0,0,0,0,0,0,0,0,0,0,0,0,0,0,0,0,0,0,0,0,0,0,0,0,0,0,0,0,0,0,0
banana republic canada,Social | Conversion | CVR Social META DPA,2024-03-31,1223.9125,9089.4412,2694.4005,0,0,0,0,0,0,0,0,0,0,0,0,0,0,0,0,0,0,0,0,0,0,0,0,0,0,0,0,0,0,0,0,0,0,0,0,0,0,0,0,0,0,0
banana republic canada,Social | Conversion | CVR Social META DPA,2024-04-07,1952.2948,12343.0983,3705.0404,0,0,0,0,0,0,0,0,0,0,0,0,0,0,0,0,0,0,0,0,0,0,0,0,0,0,0,0,0,0,0,0,0,0,0,0,0,0,0,0,0,0,0
banana republic canada,Social | Conversion | CVR Social META DPA,2024-04-14,1751.5698,11290.6843,3417.7115,0,0,0,0,0,0,0,0,0,0,0,0,0,0,0,0,0,0,0,0,0,0,0,0,0,0,0,0,0,0,0,0,0,0,0,0,0,0,0,0,0,0,0
banana republic canada,Social | Conversion | CVR Social META DPA,2024-04-21,1552.6458,9835.9654,2959.9054,0,0,0,0,0,0,0,0,0,0,0,0,0,0,0,0,0,0,0,0,0,0,0,0,0,0,0,0,0,0,0,0,0,0,0,0,0,0,0,0,0,0,0
banana republic canada,Social | Conversion | CVR Social META DPA,2024-04-28,793.2435,7279.412,2194.5616,0,0,0,0,0,0,0,0,0,0,0,0,0,0,0,0,0,0,0,0,0,0,0,0,0,0,0,0,0,0,0,0,0,0,0,0,0,0,0,0,0,0,0
banana republic canada,Social | Conversion | CVR Social META DPA,2024-05-05,1037.5746,10420.2769,3135.5559,0,0,0,0,0,0,0,0,0,0,0,0,0,0,0,0,0,0,0,0,0,0,0,0,0,0,0,0,0,0,0,0,0,0,0,0,0,0,0,0,0,0,0
banana republic canada,Social | Conversion | CVR Social META DPA,2024-05-12,1951.1555,16231.3123,4865.0239,0,0,0,0,0,0,0,0,0,0,0,0,0,0,0,0,0,0,0,0,0,0,0,1,0,0,0,0,0,0,0,0,0,0,0,0,0,0,0,0,0,1,0
banana republic canada,Social | Conversion | CVR Social META DPA,2024-05-19,1520.226,14145.6315,4245.1806,0,0,0,0,0,0,0,0,0,0,0,0,0,0,0,0,0,0,0,0,0,0,0,1,1,0,0,0,0,0,0,0,0,0,0,0,0,0,0,0,0,1,0
banana republic canada,Social | Conversion | CVR Social META DPA,2024-05-26,1069.951,10084.2176,3027.7996,0,0,0,0,0,0,0,0,0,0,0,0,0,0,0,0,0,0,0,0,0,0,0,0,1,0,0,0,0,0,0,0,0,0,0,0,0,0,0,0,0,1,0
banana republic canada,Social | Conversion | CVR Social META DPA,2024-06-02,605.0177,6073.4774,1828.6289,0,0,0,0,0,0,0,0,0,0,0,0,0,0,0,0,0,0,0,0,0,0,0,0,0,0,0,0,0,0,0,0,0,0,0,0,0,0,0,0,0,0,0
banana republic canada,Social | Conversion | CVR Social META DPA,2024-06-09,584.4569,5967.1727,1802.3426,0,0,0,0,0,0,0,0,0,0,0,0,0,0,0,0,0,0,0,0,0,0,0,0,0,0,0,0,0,0,0,0,0,0,0,0,0,0,0,0,0,0,0
banana republic canada,Social | Conversion | CVR Social META DPA,2024-06-16,536.7061,5824.1795,1755.7976,0,0,0,0,0,0,0,0,0,0,0,0,0,0,0,0,0,0,0,0,0,0,0,0,0,0,0,0,0,0,0,0,0,0,0,0,0,0,0,0,0,0,0
banana republic canada,Social | Conversion | CVR Social META DPA,2024-06-23,577.6106,6059.2457,1821.9274,0,0,0,0,0,0,0,0,0,0,0,0,0,0,0,0,0,0,0,0,0,0,0,0,0,1,0,0,0,0,0,0,0,0,0,0,0,1,0,0,0,0,0
banana republic canada,Social | Conversion | CVR Social META DPA,2024-06-30,791.2688,8391.8077,2523.8262,0,0,0,0,0,0,0,0,0,0,0,0,0,0,0,0,0,0,0,0,0,0,0,0,0,2,1,0,0,0,0,0,0,0,0,0,0,2,0,0,0,0,0
banana republic canada,Social | Conversion | CVR Social META DPA,2024-07-07,1191.6555,13565.9426,4085.62,0,0,0,0,0,0,0,0,0,0,0,0,0,0,0,0,0,0,0,0,0,0,0,0,0,0,2,1,0,0,0,0,0,0,0,0,0,2,0,0,1,0,0
banana republic canada,Social | Conversion | CVR Social META DPA,2024-07-14,1195.7025,13140.765,3954.5663,0,0,0,0,0,0,0,0,0,0,0,0,0,0,0,0,0,0,0,0,0,0,0,0,0,0,0,2,0,0,0,0,0,0,0,0,0,0,0,0,2,0,0
banana republic canada,Social | Conversion | CVR Social META DPA,2024-07-21,1282.1011,14635.0409,4433.3989,0,0,0,0,0,0,0,0,0,0,0,0,0,0,0,0,0,0,0,0,0,0,0,0,0,0,0,1,2,0,0,0,0,0,0,0,0,0,0,0,2,0,0
banana republic canada,Social | Conversion | CVR Social META DPA,2024-07-28,994.0594,10710.0791,3256.4087,0,0,0,0,0,0,0,0,0,0,0,0,0,0,0,0,0,0,0,0,0,0,0,0,0,0,0,0,2,0,0,0,0,0,0,0,0,0,0,0,2,0,0
banana republic canada,Social | Conversion | CVR Social META DPA,2024-08-04,1370.17,19896.968,6019.476,0,0,0,0,0,0,0,0,0,0,0,0,0,0,0,0,0,0,0,0,0,0,0,0,0,0,0,0,1,0,0,0,0,0,0,0,0,0,0,0,1,0,0
banana republic canada,Social | Conversion | CVR Social META DPA,2024-08-11,1251.78,17691.478,5338.6584,0,0,0,0,0,0,0,0,0,0,0,0,0,0,0,0,0,0,0,0,0,0,0,0,0,0,0,0,0,0,0,0,0,0,0,0,0,0,0,0,0,0,0
banana republic canada,Social | Conversion | CVR Social META DPA,2024-08-18,1282.75,16006.1757,4782.916,0,0,0,0,0,0,0,0,0,0,0,0,0,0,0,0,0,0,0,0,0,0,0,0,0,0,0,0,0,0,0,0,0,0,0,0,0,0,0,0,0,0,0
banana republic canada,Social | Conversion | CVR Social META DPA,2024-08-25,1599.27,20467.0708,6057.1999,0,0,0,0,0,0,0,0,0,0,0,0,0,0,0,0,0,0,0,0,0,0,0,0,0,0,0,0,0,0,0,0,0,0,0,0,0,0,0,0,0,0,0
banana republic canada,Social | Conversion | CVR Social META DPA,2024-09-01,1275.43,12772.6761,3802.0073,0,0,0,0,0,0,0,0,0,0,0,0,0,0,0,0,0,0,0,0,0,0,0,0,0,0,0,0,0,0,0,0,0,0,0,0,0,0,0,0,0,0,0
banana republic canada,Social | Conversion | CVR Social META DPA,2024-09-08,2127.98,13775.0081,4114.4392,0,0,0,0,0,0,0,0,0,0,0,0,0,0,0,0,0,0,0,0,0,0,0,0,0,0,0,0,0,0,0,0,0,0,0,0,0,0,0,0,0,0,0
banana republic canada,Social | Conversion | CVR Social META DPA,2024-09-15,4471.49,28894.3178,8624.2332,0,2,0,0,0,0,0,0,0,0,0,0,0,0,0,0,0,0,0,0,0,0,0,0,0,0,0,0,0,0,0,0,0,0,0,0,0,0,2,0,0,0,0
banana republic canada,Social | Conversion | CVR Social META DPA,2024-09-22,2855.67,24856.0163,7363.6023,0,2,0,0,0,0,0,0,0,0,0,0,0,0,0,0,0,0,0,0,0,0,0,0,0,0,0,0,0,0,0,0,0,0,0,0,0,0,2,0,0,0,0
banana republic canada,Social | Conversion | CVR Social META DPA,2024-09-29,582.42,9090.1442,2700.0006,0,1,0,0,0,0,0,0,0,0,0,0,0,0,0,0,0,0,0,0,0,0,0,0,0,0,0,0,0,0,0,0,0,0,0,0,0,0,1,0,0,0,0
banana republic canada,Social | Conversion | CVR Social META DPA,2024-10-06,2597.62,23407.6168,7044.1984,0,0,0,0,0,0,0,0,0,0,0,0,0,0,0,0,0,0,0,0,0,0,0,0,0,0,0,0,0,0,0,0,0,0,0,0,0,0,0,0,0,0,0
banana republic canada,Social | Conversion | CVR Social META DPA,2024-10-13,3352.36,29908.2498,9065.9945,0,0,0,0,0,0,0,0,0,0,0,0,0,0,0,0,0,0,0,0,0,0,0,0,0,0,0,0,0,0,0,0,0,0,0,0,0,0,0,0,0,0,0
banana republic canada,Social | Conversion | CVR Social META DPA,2024-10-20,2338.05,22542.6169,6859.75,0,0,0,0,0,0,0,0,0,0,0,0,0,0,0,0,0,0,0,0,0,0,0,0,0,0,0,0,0,0,0,0,0,0,0,0,0,0,0,0,0,0,0
banana republic canada,Social | Conversion | CVR Social META DPA,2024-10-27,4531.35,36482.6334,11154.9368,0,0,0,0,0,0,0,0,0,0,0,0,0,0,1,0,0,0,0,0,0,0,0,0,0,0,0,0,0,0,0,0,0,0,0,0,0,0,1,0,0,0,0
banana republic canada,Social | Conversion | CVR Social META DPA,2024-11-03,11319.96,86742.9396,26494.3585,0,0,0,0,0,0,0,0,0,0,0,0,0,0,2,0,0,0,0,0,0,0,0,0,0,0,0,0,0,0,0,0,0,0,0,0,0,0,2,0,0,0,0
banana republic canada,Social | Conversion | CVR Social META DPA,2024-11-10,2258.71,27542.5978,8481.9066,0,0,0,0,0,0,0,0,0,0,0,0,0,0,1,0,0,0,0,0,0,0,0,0,0,0,0,0,0,0,0,0,0,0,0,0,0,0,1,0,0,0,0
banana republic canada,Social | Conversion | CVR Social META DPA,2024-11-17,3133.13,22415.8755,6895.5039,0,0,0,0,0,0,0,0,0,0,0,0,0,0,0,0,0,0,0,0,0,0,0,0,0,0,0,0,0,0,0,0,0,0,0,0,0,0,0,0,0,0,0
banana republic canada,Social | Conversion | CVR Social META DPA,2024-11-24,10390.61,43894.2985,13537.3296,0,0,0,0,0,0,0,0,0,0,0,0,0,0,0,0,0,0,0,0,0,0,0,0,0,0,0,0,0,2,0,0,0,0,0,0,0,0,2,0,0,0,0
banana republic canada,Social | Conversion | CVR Social META DPA,2024-12-01,9185.71,30276.9707,9367.8294,0,0,0,0,0,0,0,0,0,0,0,0,0,0,0,0,0,2,0,0,0,0,0,0,0,0,0,0,0,0,0,0,0,0,0,0,0,0,2,0,0,0,0
banana republic canada,Social | Conversion | CVR Social META DPA,2024-12-08,2538.09,18554.3096,5776.9197,0,0,0,0,0,0,0,0,0,0,0,0,0,0,0,0,0,0,0,0,0,0,0,0,0,0,0,0,0,0,1,0,0,0,0,0,0,0,1,0,0,0,0
banana republic canada,Social | Conversion | CVR Social META DPA,2024-12-15,1609.13,13264.4006,4176.4881,0,0,0,0,0,0,0,0,0,0,0,0,0,0,0,0,0,0,0,0,0,0,0,0,0,0,0,0,0,0,1,0,0,0,0,0,0,0,1,0,0,0,0
banana republic canada,Social | Conversion | CVR Social META DPA,2024-12-22,1566.44,11220.0412,3551.9536,0,0,0,0,0,0,0,0,0,0,0,0,0,0,0,0,0,0,0,0,0,0,0,0,0,0,0,0,0,0,0,1,0,0,0,0,0,0,0,0,1,0,0
banana republic canada,Social | Conversion | CVR Social META DPA,2024-12-29,1181.25,12045.9811,3818.9724,0,0,0,0,0,0,0,0,0,0,0,0,0,0,0,0,0,0,0,0,0,0,0,0,0,0,0,0,0,0,0,2,1,0,0,0,0,0,0,0,2,0,0
banana republic canada,Social | Conversion | CVR Social META DPA,2025-01-05,609.98,8221.7836,2600.3708,0,0,0,0,0,0,0,0,0,0,0,0,0,0,0,0,0,0,0,0,0,0,0,0,0,0,0,0,0,0,0,0,2,0,0,0,0,0,0,0,2,0,0
banana republic canada,Social | Conversion | CVR Social META DPA,2025-01-12,883.79,10550.3213,3335.2041,0,0,0,0,0,0,0,0,0,0,0,0,0,0,0,0,0,0,0,0,0,0,0,0,0,0,0,0,0,0,0,0,1,2,0,0,0,0,0,0,2,0,0
banana republic canada,Social | Conversion | CVR Social META DPA,2025-01-19,733.95,10968.1396,3460.6354,0,0,0,0,0,0,0,0,0,0,0,0,0,0,0,0,0,0,0,0,0,0,0,0,0,0,0,0,0,0,0,0,0,2,0,0,0,0,0,0,2,0,0
banana republic canada,Social | Conversion | CVR Social META DPA,2025-01-26,634.62,8831.0679,2798.1128,0,0,0,0,0,0,0,0,0,0,0,0,0,0,0,0,0,0,0,0,0,0,0,0,0,0,0,0,0,0,0,0,0,0,0,0,0,0,0,0,0,0,0
banana republic canada,Social | Conversion | CVR Social META DPA,2025-02-02,2117.13,21032.9401,8552.2074,0,0,0,0,0,0,0,0,0,0,0,0,0,0,0,0,0,0,0,0,0,0,0,0,0,0,0,0,0,0,0,0,0,0,0,0,0,0,0,0,0,0,0
banana republic canada,Social | Conversion | CVR Social META DPA,2025-02-09,1592.0,19889.4648,8108.7172,0,0,0,0,0,0,0,0,0,0,0,0,0,0,0,0,0,0,0,0,0,0,0,0,0,0,0,0,0,0,0,0,0,0,0,0,0,0,0,0,0,0,0
banana republic canada,Social | Conversion | CVR Social META DPA,2025-02-16,1985.38,21360.1303,8668.1861,0,0,0,0,0,0,0,0,0,0,0,0,0,0,0,0,0,0,0,0,0,0,0,0,0,0,0,0,0,0,0,0,0,0,0,0,0,0,0,0,0,0,0
banana republic canada,Social | Conversion | CVR Social META DPA,2025-02-23,2852.88,26583.4502,10902.1521,0,0,0,0,0,0,0,0,0,0,0,0,0,0,0,0,0,0,0,0,0,0,0,0,0,0,0,0,0,0,0,0,0,0,0,0,0,0,0,0,0,0,0
banana republic canada,Social | Conversion | CVR Social META DPA,2025-03-02,2901.97,30330.6865,12478.2739,0,0,0,0,0,0,0,0,0,0,0,0,0,0,0,0,0,0,0,0,0,0,0,0,0,0,0,0,0,0,0,0,0,0,0,0,0,0,0,0,0,0,0
banana republic canada,Social | Conversion | CVR Social META DPA,2025-03-09,2840.27,28351.0038,11681.493,0,0,0,0,0,0,0,0,0,0,0,0,0,0,0,0,0,0,0,0,0,0,0,0,0,0,0,0,0,0,0,0,0,0,0,0,0,0,0,0,0,0,0
banana republic canada,Social | Conversion | CVR Social META DPA,2025-03-16,3802.12,32984.1451,13506.5708,0,0,0,0,0,0,0,0,0,0,0,0,0,0,0,0,0,0,0,0,0,0,0,0,0,0,0,0,0,0,0,0,0,0,0,0,0,0,0,0,0,0,0
banana republic canada,Social | Conversion | CVR Social META DPA,2025-03-23,10050.74,72131.8606,29467.3445,0,2,0,0,0,0,0,0,0,0,0,0,0,0,0,0,0,0,0,0,0,0,0,0,0,0,0,0,0,0,0,0,0,0,0,0,0,0,2,0,0,0,0
banana republic canada,Social | Conversion | CVR Social META DPA,2025-03-30,4574.11,51187.5773,20860.1093,0,1,0,0,0,0,0,0,0,0,0,0,0,0,0,0,0,0,0,0,0,0,0,0,0,0,0,0,0,0,0,0,0,0,0,0,0,0,1,0,0,0,0
banana republic canada,Social | Conversion | CVR Social META DPA,2025-04-06,2813.15,36138.5214,14573.1012,0,0,0,0,0,0,0,0,0,0,0,0,0,0,0,0,0,0,0,0,0,0,0,0,0,0,0,0,0,0,0,0,0,0,0,0,0,0,0,0,0,0,0
banana republic canada,Social | Conversion | CVR Social META DPA,2025-04-13,2661.22,29312.8044,11637.0278,0,0,0,0,0,0,0,0,0,0,0,0,0,0,0,0,0,0,0,0,0,0,0,0,0,0,0,0,0,0,0,0,0,0,1,0,0,0,0,0,0,0,1
banana republic canada,Social | Conversion | CVR Social META DPA,2025-04-20,3845.36,36699.4531,14532.1149,0,0,0,0,0,0,0,0,0,0,0,0,0,0,0,0,0,0,0,0,0,0,0,0,0,0,0,0,0,0,0,0,0,0,1,0,0,0,0,0,0,0,1
banana republic canada,Social | Conversion | CVR Social META DPA,2025-04-27,5424.4,46031.4015,18212.9,0,0,0,0,0,0,0,0,0,0,0,0,0,0,0,0,0,0,0,0,0,0,0,0,0,0,0,0,0,0,0,0,0,0,0,0,0,0,0,0,0,0,0
banana republic canada,Social | Conversion | CVR Social META DPA,2025-05-04,3143.11,30869.6953,12212.9024,0,0,0,0,0,0,0,0,0,0,0,0,0,0,0,0,0,0,0,0,0,0,0,0,0,0,0,0,0,0,0,0,0,0,0,0,0,0,0,0,0,0,0
banana republic canada,Social | Conversion | CVR Social META DPA,2025-05-11,5870.89,47080.7678,18817.0318,0,0,0,0,0,0,0,0,0,0,0,0,0,0,0,0,0,0,0,0,0,0,0,1,0,0,0,0,0,0,0,0,0,0,0,0,0,0,0,0,0,0,1
banana republic canada,Social | Conversion | CVR Social META DPA,2025-05-18,6098.14,54392.7711,21557.2205,0,0,0,0,0,0,0,0,0,0,0,0,0,0,0,0,0,0,0,0,0,0,0,1,0,0,0,0,0,0,0,0,0,0,0,0,0,0,0,0,0,0,1
banana republic canada,Social | Conversion | CVR Social META DPA,2025-05-25,3922.69,39761.9421,15679.3593,0,0,0,0,0,0,0,0,0,0,0,0,0,0,0,0,0,0,0,0,0,0,0,0,0,0,0,0,0,0,0,0,0,0,0,0,0,0,0,0,0,0,0
banana republic canada,Social | Conversion | CVR Social META DPA,2025-06-01,2895.81,34543.0433,13521.1277,0,0,0,0,0,0,0,0,0,0,0,0,0,0,0,0,0,0,0,0,0,0,0,0,0,0,0,0,0,0,0,0,0,0,0,0,0,0,0,0,0,0,0
banana republic canada,Social | Conversion | CVR Social META DPA,2025-06-08,4282.86,39700.3839,15491.4722,0,0,0,0,0,0,0,0,0,0,0,0,0,0,0,0,0,0,0,0,0,0,0,0,0,0,0,0,0,0,0,0,0,0,0,0,0,0,0,0,0,0,0
banana republic canada,Social | Conversion | CVR Social META DPA,2025-06-15,3003.96,32065.8407,12503.5283,0,0,0,0,0,0,0,0,0,0,0,0,0,0,0,0,0,0,0,0,0,0,0,0,0,0,0,0,0,0,0,0,0,0,0,0,0,0,0,0,0,0,0
banana republic canada,Social | Conversion | CVR Social META DPA,2025-06-22,3299.04,32948.9985,12919.7401,0,0,0,0,0,0,0,0,0,0,0,0,0,0,0,0,0,0,0,0,0,0,0,0,0,1,0,0,0,0,0,0,0,0,0,0,0,0,0,0,1,0,0
banana republic canada,Social | Conversion | CVR Social META DPA,2025-06-29,4264.04,43047.6393,16752.7775,0,0,0,0,0,0,0,0,0,0,0,0,0,0,0,0,0,0,0,0,0,0,0,0,0,1,2,0,0,0,0,0,0,0,0,0,0,0,0,0,2,0,0
banana republic canada,Social | Conversion | CVR Social META DPA,2025-07-06,3104.18,35921.7689,14034.9339,0,0,0,0,0,0,0,0,0,0,0,0,0,0,0,0,0,0,0,0,0,0,0,0,0,0,2,1,0,0,0,0,0,0,0,0,0,0,0,0,2,0,0
banana republic canada,Social | Conversion | CVR Social META DPA,2025-07-13,2892.6,34372.8646,13469.8359,0,0,0,0,0,0,0,0,0,0,0,0,0,0,0,0,0,0,0,0,0,0,0,0,0,0,0,2,0,0,0,0,0,0,0,0,0,0,0,0,2,0,0
banana republic canada,Social | Conversion | CVR Social META DPA,2025-07-20,2578.32,30970.1019,12088.7333,0,0,0,0,0,0,0,0,0,0,0,0,0,0,0,0,0,0,0,0,0,0,0,0,0,0,0,1,2,0,0,0,0,0,0,0,0,0,0,0,2,0,0
banana republic canada,Social | Conversion | CVR Social META DPA,2025-07-27,2926.17,34750.7377,13694.3739,0,0,0,0,0,0,0,0,0,0,0,0,0,0,0,0,0,0,0,0,0,0,0,0,0,0,0,0,2,0,0,0,0,0,0,0,0,0,0,0,2,0,0
banana republic canada,Social | Conversion | CVR Social META DPA,2025-08-03,2016.62,23015.8747,9068.8097,0,0,0,0,0,0,0,0,0,0,0,0,0,0,0,0,0,0,0,0,0,0,0,0,0,0,0,0,1,0,0,0,0,0,0,0,0,0,0,0,1,0,0
banana republic canada,Social | Conversion | CVR Social META DPA,2025-08-10,497.19,7790.4689,3071.8907,0,0,0,0,0,0,0,0,0,0,0,0,0,0,0,0,0,0,0,0,0,0,0,0,0,0,0,0,0,0,0,0,0,0,0,0,0,0,0,0,0,0,0
banana republic factory,Social | Awareness | AWE Social Meta,2025-02-02,4438.6,2211.0621,72538.8206,0,0,0,0,0,0,0,0,0,0,0,0,0,0,0,0,0,0,0,0,0,0,0,0,0,0,0,0,0,0,0,0,0,0,0,0,0,0,0,0,0,0,0
banana republic factory,Social | Awareness | AWE Social Meta,2025-03-09,1400.0,369.5973,15870.7065,0,0,0,0,0,0,0,0,0,0,0,0,0,0,0,0,0,0,0,0,0,0,0,0,0,0,0,0,0,0,0,0,0,0,0,0,0,0,0,0,0,0,0
banana republic factory,Social | Awareness | AWE Social Meta,2025-03-16,1300.7,375.6669,16455.9968,0,0,0,0,0,0,0,0,0,0,0,0,0,0,0,0,0,0,0,0,0,0,0,0,0,0,0,0,0,0,0,0,0,0,0,0,0,0,0,0,0,0,0
banana republic factory,Social | Awareness | AWE Social Meta,2025-03-23,1465.09,392.3063,17237.0645,0,2,0,0,0,0,0,0,0,0,0,0,0,0,0,0,0,0,0,0,0,0,0,0,0,0,0,0,0,0,0,0,0,0,0,0,0,2,0,0,0,0,0
banana republic factory,Social | Awareness | AWE Social Meta,2025-03-30,1430.17,419.7359,18454.2178,0,1,0,0,0,0,0,0,0,0,0,0,0,0,0,0,0,0,0,0,0,0,0,0,0,0,0,0,0,0,0,0,0,0,0,0,0,1,0,0,0,0,0
banana republic factory,Social | Awareness | AWE Social Meta,2025-04-06,1665.75,482.1106,21194.823,0,0,2,1,0,0,0,0,0,0,0,0,0,0,0,0,0,0,0,0,0,0,0,0,0,0,0,0,0,0,0,0,0,0,0,0,0,2,0,1,0,0,0
banana republic factory,Social | Awareness | AWE Social Meta,2025-04-13,1936.27,514.7564,22684.3233,0,0,0,2,0,0,0,0,0,0,0,0,0,0,0,0,0,0,0,0,0,0,0,0,0,0,0,0,0,0,0,0,0,0,0,0,0,0,0,2,0,0,0
banana republic factory,Social | Awareness | AWE Social Meta,2025-04-20,1005.73,306.4836,14195.0683,0,0,0,1,0,0,0,0,0,0,0,0,0,0,0,0,0,0,0,0,0,0,0,0,0,0,0,0,0,0,0,0,0,0,0,0,0,0,0,1,0,0,0
banana republic factory,Social | Awareness | AWE Social Meta,2025-04-27,1253.27,342.1602,15352.0966,0,0,0,0,0,1,0,0,0,0,0,0,0,0,0,0,0,0,0,0,0,0,0,0,0,0,0,0,0,0,0,0,0,0,0,0,0,0,0,0,1,0,0
banana republic factory,Social | Awareness | AWE Social Meta,2025-05-04,1141.78,308.0993,13929.4093,0,0,0,0,0,2,0,0,0,0,0,0,0,0,0,0,0,0,0,0,0,0,0,0,0,0,0,0,0,0,0,0,0,0,0,0,0,0,0,0,2,0,0
banana republic factory,Social | Awareness | AWE Social Meta,2025-05-11,1503.35,400.7043,17651.7513,0,0,0,0,0,0,1,0,0,0,0,0,0,0,0,0,0,0,0,0,0,1,0,0,0,0,0,0,0,0,0,0,0,0,0,0,0,1,0,0,0,0,0
banana republic factory,Social | Awareness | AWE Social Meta,2025-05-18,1820.08,466.9082,20498.5391,0,0,0,0,0,0,1,2,0,0,0,0,0,0,0,0,0,0,0,0,0,0,0,0,0,0,0,0,0,0,0,0,0,0,0,0,0,1,0,2,0,0,0
banana republic factory,Social | Awareness | AWE Social Meta,2025-05-25,1734.79,480.2245,21116.5627,0,0,0,0,0,0,0,2,0,0,0,0,0,0,0,0,0,0,0,0,0,0,0,0,0,0,0,0,0,0,0,0,0,0,0,0,0,0,0,2,0,0,0
banana republic factory,Social | Awareness | AWE Social Meta,2025-06-01,1177.34,326.2857,14983.0166,0,0,0,0,0,0,0,1,0,0,0,0,0,0,0,0,0,0,0,0,0,0,0,0,0,0,0,0,0,0,0,0,0,0,0,0,0,0,0,1,0,0,0
banana republic factory,Social | Awareness | AWE Social Meta,2025-06-08,1178.89,312.0052,14210.5199,0,0,0,0,0,0,0,0,0,0,0,0,0,0,0,0,0,0,0,0,0,0,0,0,0,0,0,0,0,0,0,0,0,0,0,0,0,0,0,0,0,0,0
banana republic factory,Social | Awareness | AWE Social Meta,2025-06-15,1158.62,321.2706,14527.3341,0,0,0,0,0,0,0,0,1,0,0,0,0,0,0,0,0,0,0,0,0,0,0,0,0,0,0,0,0,0,0,0,0,0,0,0,0,1,0,0,0,0,0
banana republic factory,Social | Awareness | AWE Social Meta,2025-06-22,1118.83,315.7214,14276.3385,0,0,0,0,0,0,0,0,2,1,0,0,0,0,0,0,0,0,0,0,0,0,0,0,0,0,0,0,0,0,0,0,0,0,0,0,0,2,0,1,0,0,0
banana republic factory,Social | Awareness | AWE Social Meta,2025-06-29,1100.4901,323.5858,14613.3958,0,0,0,0,0,0,0,0,0,2,0,0,0,0,0,0,0,0,0,0,0,0,0,0,0,0,0,0,0,0,0,0,0,0,0,0,0,0,0,2,0,0,0
banana republic factory,Social | Awareness | AWE Social Meta,2025-07-06,1278.96,375.1764,16821.153,0,0,0,0,0,0,0,0,0,1,2,0,0,0,0,0,0,0,0,0,0,0,0,0,0,0,0,0,0,0,0,0,0,0,0,0,0,0,0,1,2,0,0
banana republic factory,Social | Awareness | AWE Social Meta,2025-07-13,1278.57,414.6957,18472.6131,0,0,0,0,0,0,0,0,0,0,1,0,0,0,0,0,0,0,0,0,0,0,0,0,0,0,0,0,0,0,0,0,0,0,0,0,0,0,0,0,1,0,0
banana republic factory,Social | Awareness | AWE Social Meta,2025-07-20,1246.1,397.881,17864.2592,0,0,0,0,0,0,0,0,0,0,0,0,0,0,0,0,0,0,0,0,0,0,0,0,0,0,0,0,0,0,0,0,0,0,0,0,0,0,0,0,0,0,0
banana republic factory,Social | Awareness | AWE Social Meta,2025-07-27,1196.36,379.4554,17138.7874,0,0,0,0,0,0,0,0,0,0,0,0,0,0,0,0,0,0,0,0,0,1,0,0,0,0,0,0,0,0,0,0,0,0,0,0,0,1,0,0,0,0,0
banana republic factory,Social | Awareness | AWE Social Meta,2025-08-03,1514.08,486.1215,21731.1969,0,0,0,0,0,0,0,0,0,0,0,0,0,0,0,0,0,0,0,0,0,0,0,0,0,0,0,0,0,0,0,0,0,0,0,0,0,0,0,0,0,0,0
banana republic factory,Social | Awareness | AWE Social Meta,2025-08-10,1438.79,472.0798,21214.3036,0,0,0,0,0,0,0,0,0,0,0,0,0,0,0,0,0,0,0,0,0,0,0,0,0,0,0,0,0,0,0,0,0,0,0,0,0,0,0,0,0,0,0
banana republic factory,Social | Awareness | AWE Social Meta,2025-08-17,1484.38,450.2014,20341.2668,0,0,0,0,0,0,0,0,0,0,0,2,0,0,0,0,0,0,0,0,0,0,0,0,0,0,0,0,0,0,0,0,0,0,0,0,0,2,0,0,0,0,0
banana republic factory,Social | Awareness | AWE Social Meta,2025-08-24,1162.75,340.3967,15663.9828,0,0,0,0,0,0,0,0,0,0,0,1,2,0,0,0,0,0,0,0,0,0,0,0,0,0,0,0,0,0,0,0,0,0,0,0,0,1,0,2,0,0,0
banana republic factory,Social | Awareness | AWE Social Meta,2025-08-31,1516.5,440.8606,19894.0804,0,0,0,0,0,0,0,0,0,0,0,0,1,0,0,0,0,0,0,0,0,0,0,0,0,0,0,0,0,0,0,0,0,0,0,0,0,0,0,1,0,0,0
banana republic factory,Social | Awareness | AWE Social Meta,2025-09-07,1418.44,448.5838,20310.5869,0,1,0,0,0,0,0,0,0,0,0,0,0,0,0,0,0,0,0,0,0,0,0,0,0,0,0,0,0,0,0,0,0,0,0,0,0,1,0,0,0,0,0
banana republic factory,Social | Awareness | AWE Social Meta,2025-09-14,1691.5799,455.8027,20631.3888,0,2,0,0,0,0,0,0,0,0,0,0,0,0,0,0,0,0,0,0,0,0,0,0,0,0,0,0,0,0,0,0,0,0,0,0,0,2,0,0,0,0,0
banana republic factory,Social | Awareness | AWE Social Meta,2025-09-21,1256.31,329.2256,15331.3633,0,1,0,0,0,0,0,0,0,0,0,0,0,0,0,0,0,0,0,0,0,0,0,0,0,0,0,0,0,0,0,0,0,0,0,0,0,1,0,0,0,0,0
banana republic factory,Social | Awareness | AWE Social Meta,2025-09-28,1121.04,326.6516,15073.3373,0,0,0,0,0,0,0,0,0,0,0,0,0,0,0,0,0,0,0,0,0,0,0,0,0,0,0,0,0,0,0,0,0,0,0,0,0,0,0,0,0,0,0
banana republic factory,Social | Awareness | AWE Social Meta,2025-10-05,1490.1,409.9207,18456.1218,0,0,0,0,0,0,0,0,0,0,0,0,0,2,0,0,0,0,0,0,0,0,0,0,0,0,0,0,0,0,0,0,0,0,0,0,0,2,0,0,0,0,0
banana republic factory,Social | Awareness | AWE Social Meta,2025-10-12,1359.42,405.3722,18272.8428,0,0,0,0,0,0,0,0,0,0,0,0,0,1,0,0,0,0,0,0,0,0,0,0,0,0,0,0,0,0,0,0,0,0,0,0,0,1,0,0,0,0,0
banana republic factory,Social | Awareness | AWE Social Meta,2025-10-19,1505.52,372.7111,17035.0176,0,0,0,0,0,1,0,0,0,0,0,0,0,0,0,0,0,0,0,0,0,0,0,0,0,0,0,0,0,0,0,0,0,0,0,0,0,0,0,0,1,0,0
banana republic factory,Social | Awareness | AWE Social Meta,2025-10-26,1480.41,386.9384,17585.3547,0,0,0,0,0,2,0,0,0,0,0,0,0,0,1,0,0,0,0,0,0,0,0,0,0,0,0,0,0,0,0,0,0,0,0,0,0,1,0,0,2,0,0
banana republic factory,Social | Awareness | AWE Social Meta,2025-11-02,3101.33,551.8676,43982.0448,0,0,0,0,0,0,0,0,0,0,0,0,0,0,2,0,0,0,0,0,0,0,0,0,0,0,0,0,0,0,0,0,0,0,0,0,0,2,0,0,0,0,0
banana republic factory,Social | Awareness | AWE Social Meta,2025-11-09,3219.53,561.1548,46383.4043,0,0,0,0,0,0,0,0,0,0,0,0,0,0,1,0,0,0,0,0,0,0,0,0,0,0,0,0,0,0,0,0,0,0,0,0,0,1,0,0,0,0,0
banana republic factory,Social | Awareness | AWE Social Meta,2025-11-16,3144.2999,511.5824,42868.6091,0,0,0,0,0,0,0,0,0,0,0,0,0,0,0,2,0,0,0,0,0,0,0,0,0,0,0,0,0,0,0,0,0,0,0,0,0,0,0,0,2,0,0
banana republic factory,Social | Awareness | AWE Social Meta,2025-11-23,3115.61,457.7354,38668.8531,0,0,0,0,0,0,0,0,0,0,0,0,0,0,0,1,2,0,0,0,0,0,0,0,0,0,0,0,0,0,0,0,0,0,0,0,0,0,0,0,2,0,0
banana republic factory,Social | Awareness | AWE Social Meta,2025-11-30,1669.59,273.8567,23830.2372,0,0,0,0,0,0,0,0,0,0,0,0,0,0,0,0,0,2,0,0,0,0,0,0,0,0,0,0,0,0,0,0,0,0,0,0,0,0,0,0,2,0,0
banana republic factory,Social | Awareness | AWE Social Meta,2025-12-07,1748.14,280.8222,24128.6729,0,0,0,0,0,0,0,0,0,0,0,0,0,0,0,0,0,0,2,0,0,0,0,0,0,0,0,0,0,0,0,0,0,0,0,0,0,0,0,2,0,0,0
banana republic factory,Social | Awareness | AWE Social Meta,2025-12-14,1702.8,291.156,24531.3461,0,0,0,0,0,0,0,0,0,0,0,0,0,0,0,0,0,0,2,1,0,0,0,0,0,0,0,0,0,0,0,0,0,0,0,0,0,1,0,2,0,0,0
banana republic factory,Social | Awareness | AWE Social Meta,2025-12-21,1709.64,349.7056,29170.0166,0,0,0,0,0,0,0,0,0,0,0,0,0,0,0,0,0,0,0,2,1,0,0,0,0,0,0,0,0,0,0,0,0,0,0,0,0,2,0,0,0,0,0
banana republic factory,Social | Awareness | AWE Social Meta,2025-12-28,1710.67,464.1121,38372.9498,0,0,0,0,0,0,0,0,0,0,0,0,0,0,0,0,0,0,0,0,2,0,0,0,0,0,0,0,0,0,0,0,0,0,0,0,0,2,0,0,0,0,0
banana republic factory,Social | Awareness | AWE Social Meta,2026-01-04,9173.66,2542.8677,144391.2451,0,0,0,0,0,0,0,0,0,0,0,0,0,0,0,0,0,0,0,0,1,0,0,0,0,0,0,0,0,0,0,0,0,0,0,0,0,1,0,0,0,0,0
banana republic factory,Social | Awareness | AWE Social Meta,2026-01-11,1304.29,546.2677,36002.4448,0,0,0,0,0,0,0,0,0,0,0,0,0,0,0,0,0,0,0,0,0,0,1,0,0,0,0,0,0,0,0,0,0,0,0,0,0,1,0,0,0,0,0
banana republic factory,Social | Awareness | AWE Social Meta,2026-01-18,1310.1,335.7092,22323.0243,0,0,0,0,0,0,0,0,0,0,0,0,0,0,0,0,0,0,0,0,0,0,1,0,0,0,0,0,0,0,0,0,0,0,0,0,0,1,0,0,0,0,0
banana republic factory,Social | Awareness | AWE Social Meta,2026-01-25,1211.95,314.679,19680.2204,0,0,0,0,0,0,0,0,0,0,0,0,0,0,0,0,0,0,0,0,0,0,0,0,0,0,0,0,0,0,0,0,0,0,0,0,0,0,0,0,0,0,0
banana republic factory,Social | Awareness | AWE Social Meta,2026-02-01,1397.53,323.0826,24868.9706,0,0,0,0,0,0,0,0,0,0,0,0,0,0,0,0,0,0,0,0,0,0,0,0,0,0,0,0,0,0,0,0,0,0,0,0,0,0,0,0,0,0,0
banana republic factory,Social | Awareness | AWE Social Meta,2026-02-08,1417.92,302.5481,23589.533,2,0,0,0,0,0,0,0,0,0,0,0,0,0,0,0,0,0,0,0,0,0,0,0,0,0,0,0,0,0,0,0,0,0,0,0,0,2,0,0,0,0,0
banana republic factory,Social | Awareness | AWE Social Meta,2026-02-15,1395.15,307.2687,23727.7662,1,0,0,0,0,0,0,0,0,0,0,0,0,0,0,0,0,0,0,0,0,0,0,0,0,0,0,0,0,0,0,0,0,0,0,0,0,1,0,0,0,0,0
banana republic factory,Social | Awareness | AWE Social Meta,2026-02-22,1389.4,298.5132,22966.587,0,0,0,0,0,0,0,0,0,0,0,0,0,0,0,0,0,0,0,0,0,1,0,0,0,0,0,0,0,0,0,0,0,0,0,0,0,1,0,0,0,0,0
banana republic factory,Social | Consideration | CON Social Meta,2025-02-02,44744.0,376945.0869,9767.622,0,0,0,0,0,0,0,0,0,0,0,0,0,0,0,0,0,0,0,0,0,0,0,0,0,0,0,0,0,0,0,0,0,0,0,0,0,0,0,0,0,0,0
banana republic factory,Social | Consideration | CON Social Meta,2025-02-09,58022.57,480958.4501,12582.9615,2,0,0,0,0,0,0,0,0,0,0,0,0,0,0,0,0,0,0,0,0,0,0,0,0,0,0,0,0,0,0,0,0,0,0,0,0,2,0,0,0,0,0
banana republic factory,Social | Consideration | CON Social Meta,2025-02-16,62781.32,524761.5305,13261.3229,1,0,0,0,0,0,0,0,0,0,0,0,0,0,0,0,0,0,0,0,0,0,0,0,0,0,0,0,0,0,0,0,0,0,0,0,0,1,0,0,0,0,0
banana republic factory,Social | Consideration | CON Social Meta,2025-02-23,52550.36,456953.8573,10670.614,0,0,0,0,0,0,0,0,0,0,0,0,0,0,0,0,0,0,0,0,0,0,0,0,0,0,0,0,0,0,0,0,0,0,0,0,0,0,0,0,0,0,0
banana republic factory,Social | Consideration | CON Social Meta,2025-03-02,76971.23,513147.5886,14871.6942,0,0,0,0,0,0,0,0,0,0,0,0,0,0,0,0,0,0,0,0,0,0,0,0,0,0,0,0,0,0,0,0,0,0,0,0,0,0,0,0,0,0,0
banana republic factory,Social | Consideration | CON Social Meta,2025-03-09,83346.57,517659.1901,14731.6722,0,0,0,0,0,0,0,0,0,0,0,0,0,0,0,0,0,0,0,0,0,0,0,0,0,0,0,0,0,0,0,0,0,0,0,0,0,0,0,0,0,0,0
banana republic factory,Social | Consideration | CON Social Meta,2025-03-16,114863.13,666466.043,19846.0896,0,0,0,0,0,0,0,0,0,0,0,0,0,0,0,0,0,0,0,0,0,0,0,0,0,0,0,0,0,0,0,0,0,0,0,0,0,0,0,0,0,0,0
banana republic factory,Social | Consideration | CON Social Meta,2025-03-23,142724.85,893559.4562,27218.8502,0,2,0,0,0,0,0,0,0,0,0,0,0,0,0,0,0,0,0,0,0,0,0,0,0,0,0,0,0,0,0,0,0,0,0,0,0,2,0,0,0,0,0
banana republic factory,Social | Consideration | CON Social Meta,2025-03-30,117499.88,823373.2338,23025.0343,0,1,0,0,0,0,0,0,0,0,0,0,0,0,0,0,0,0,0,0,0,0,0,0,0,0,0,0,0,0,0,0,0,0,0,0,0,1,0,0,0,0,0
banana republic factory,Social | Consideration | CON Social Meta,2025-04-06,135075.7401,928123.9634,34926.6573,0,0,2,1,0,0,0,0,0,0,0,0,0,0,0,0,0,0,0,0,0,0,0,0,0,0,0,0,0,0,0,0,0,0,0,0,0,2,0,1,0,0,0
banana republic factory,Social | Consideration | CON Social Meta,2025-04-13,149986.83,995956.9359,37984.4965,0,0,0,2,0,0,0,0,0,0,0,0,0,0,0,0,0,0,0,0,0,0,0,0,0,0,0,0,0,0,0,0,0,0,0,0,0,0,0,2,0,0,0
banana republic factory,Social | Consideration | CON Social Meta,2025-04-20,80672.4,699133.4913,23039.4062,0,0,0,1,0,0,0,0,0,0,0,0,0,0,0,0,0,0,0,0,0,0,0,0,0,0,0,0,0,0,0,0,0,0,0,0,0,0,0,1,0,0,0
banana republic factory,Social | Consideration | CON Social Meta,2025-04-27,101423.74,711387.885,26340.2217,0,0,0,0,0,1,0,0,0,0,0,0,0,0,0,0,0,0,0,0,0,0,0,0,0,0,0,0,0,0,0,0,0,0,0,0,0,0,0,0,1,0,0
banana republic factory,Social | Consideration | CON Social Meta,2025-05-04,77241.08,579788.9686,20197.6268,0,0,0,0,0,2,0,0,0,0,0,0,0,0,0,0,0,0,0,0,0,0,0,0,0,0,0,0,0,0,0,0,0,0,0,0,0,0,0,0,2,0,0
banana republic factory,Social | Consideration | CON Social Meta,2025-05-11,75696.89,547714.7277,19808.0224,0,0,0,0,0,0,1,0,0,0,0,0,0,0,0,0,0,0,0,0,0,1,0,0,0,0,0,0,0,0,0,0,0,0,0,0,0,1,0,0,0,0,0
banana republic factory,Social | Consideration | CON Social Meta,2025-05-18,77376.3,559251.7071,21210.2593,0,0,0,0,0,0,1,2,0,0,0,0,0,0,0,0,0,0,0,0,0,0,0,0,0,0,0,0,0,0,0,0,0,0,0,0,0,1,0,2,0,0,0
banana republic factory,Social | Consideration | CON Social Meta,2025-05-25,76187.6,552919.8256,20793.4948,0,0,0,0,0,0,0,2,0,0,0,0,0,0,0,0,0,0,0,0,0,0,0,0,0,0,0,0,0,0,0,0,0,0,0,0,0,0,0,2,0,0,0
banana republic factory,Social | Consideration | CON Social Meta,2025-06-01,56572.2901,460911.0387,16242.3832,0,0,0,0,0,0,0,1,0,0,0,0,0,0,0,0,0,0,0,0,0,0,0,0,0,0,0,0,0,0,0,0,0,0,0,0,0,0,0,1,0,0,0
banana republic factory,Social | Consideration | CON Social Meta,2025-06-08,61702.03,447048.3354,16211.2235,0,0,0,0,0,0,0,0,0,0,0,0,0,0,0,0,0,0,0,0,0,0,0,0,0,0,0,0,0,0,0,0,0,0,0,0,0,0,0,0,0,0,0
banana republic factory,Social | Consideration | CON Social Meta,2025-06-15,62219.08,443144.6956,16510.2681,0,0,0,0,0,0,0,0,1,0,0,0,0,0,0,0,0,0,0,0,0,0,0,0,0,0,0,0,0,0,0,0,0,0,0,0,0,1,0,0,0,0,0
banana republic factory,Social | Consideration | CON Social Meta,2025-06-22,60823.19,438462.8615,16450.0385,0,0,0,0,0,0,0,0,2,1,0,0,0,0,0,0,0,0,0,0,0,0,0,0,0,0,0,0,0,0,0,0,0,0,0,0,0,2,0,1,0,0,0
banana republic factory,Social | Consideration | CON Social Meta,2025-06-29,59376.0201,437033.9005,16604.8619,0,0,0,0,0,0,0,0,0,2,0,0,0,0,0,0,0,0,0,0,0,0,0,0,0,0,0,0,0,0,0,0,0,0,0,0,0,0,0,2,0,0,0
banana republic factory,Social | Consideration | CON Social Meta,2025-07-06,51912.65,420541.3425,16020.0922,0,0,0,0,0,0,0,0,0,1,2,0,0,0,0,0,0,0,0,0,0,0,0,0,0,0,0,0,0,0,0,0,0,0,0,0,0,0,0,1,2,0,0
banana republic factory,Social | Consideration | CON Social Meta,2025-07-13,52653.9601,491235.991,19623.381,0,0,0,0,0,0,0,0,0,0,1,0,0,0,0,0,0,0,0,0,0,0,0,0,0,0,0,0,0,0,0,0,0,0,0,0,0,0,0,0,1,0,0
banana republic factory,Social | Consideration | CON Social Meta,2025-07-20,51744.71,526958.9494,20638.0978,0,0,0,0,0,0,0,0,0,0,0,0,0,0,0,0,0,0,0,0,0,0,0,0,0,0,0,0,0,0,0,0,0,0,0,0,0,0,0,0,0,0,0
banana republic factory,Social | Consideration | CON Social Meta,2025-07-27,50829.15,482355.2268,18213.885,0,0,0,0,0,0,0,0,0,0,0,0,0,0,0,0,0,0,0,0,0,1,0,0,0,0,0,0,0,0,0,0,0,0,0,0,0,1,0,0,0,0,0
banana republic factory,Social | Consideration | CON Social Meta,2025-08-03,140180.9101,672636.8102,28104.306,0,0,0,0,0,0,0,0,0,0,0,0,0,0,0,0,0,0,0,0,0,0,0,0,0,0,0,0,0,0,0,0,0,0,0,0,0,0,0,0,0,0,0
banana republic factory,Social | Consideration | CON Social Meta,2025-08-10,143443.8301,722253.7088,28458.7849,0,0,0,0,0,0,0,0,0,0,0,0,0,0,0,0,0,0,0,0,0,0,0,0,0,0,0,0,0,0,0,0,0,0,0,0,0,0,0,0,0,0,0
banana republic factory,Social | Consideration | CON Social Meta,2025-08-17,146772.95,741898.9271,29178.5331,0,0,0,0,0,0,0,0,0,0,0,2,0,0,0,0,0,0,0,0,0,0,0,0,0,0,0,0,0,0,0,0,0,0,0,0,0,2,0,0,0,0,0
banana republic factory,Social | Consideration | CON Social Meta,2025-08-24,119929.2501,677342.6256,25769.8609,0,0,0,0,0,0,0,0,0,0,0,1,2,0,0,0,0,0,0,0,0,0,0,0,0,0,0,0,0,0,0,0,0,0,0,0,0,1,0,2,0,0,0
banana republic factory,Social | Consideration | CON Social Meta,2025-08-31,119274.06,605555.302,27610.009,0,0,0,0,0,0,0,0,0,0,0,0,1,0,0,0,0,0,0,0,0,0,0,0,0,0,0,0,0,0,0,0,0,0,0,0,0,0,0,1,0,0,0
banana republic factory,Social | Consideration | CON Social Meta,2025-09-07,114331.54,567261.8851,27815.9129,0,1,0,0,0,0,0,0,0,0,0,0,0,0,0,0,0,0,0,0,0,0,0,0,0,0,0,0,0,0,0,0,0,0,0,0,0,1,0,0,0,0,0
banana republic factory,Social | Consideration | CON Social Meta,2025-09-14,132065.23,623474.921,32376.2295,0,2,0,0,0,0,0,0,0,0,0,0,0,0,0,0,0,0,0,0,0,0,0,0,0,0,0,0,0,0,0,0,0,0,0,0,0,2,0,0,0,0,0
banana republic factory,Social | Consideration | CON Social Meta,2025-09-21,98417.1,520079.5533,25471.2697,0,1,0,0,0,0,0,0,0,0,0,0,0,0,0,0,0,0,0,0,0,0,0,0,0,0,0,0,0,0,0,0,0,0,0,0,0,1,0,0,0,0,0
banana republic factory,Social | Consideration | CON Social Meta,2025-09-28,92718.8201,465217.7058,23036.052,0,0,0,0,0,0,0,0,0,0,0,0,0,0,0,0,0,0,0,0,0,0,0,0,0,0,0,0,0,0,0,0,0,0,0,0,0,0,0,0,0,0,0
banana republic factory,Social | Consideration | CON Social Meta,2025-10-05,138533.9101,650391.8535,35411.369,0,0,0,0,0,0,0,0,0,0,0,0,0,2,0,0,0,0,0,0,0,0,0,0,0,0,0,0,0,0,0,0,0,0,0,0,0,2,0,0,0,0,0
banana republic factory,Social | Consideration | CON Social Meta,2025-10-12,128908.5401,635694.7134,32566.4864,0,0,0,0,0,0,0,0,0,0,0,0,0,1,0,0,0,0,0,0,0,0,0,0,0,0,0,0,0,0,0,0,0,0,0,0,0,1,0,0,0,0,0
banana republic factory,Social | Consideration | CON Social Meta,2025-10-19,154648.0202,670761.8209,34792.436,0,0,0,0,0,1,0,0,0,0,0,0,0,0,0,0,0,0,0,0,0,0,0,0,0,0,0,0,0,0,0,0,0,0,0,0,0,0,0,0,1,0,0
banana republic factory,Social | Consideration | CON Social Meta,2025-10-26,151698.2101,691329.5162,35753.6623,0,0,0,0,0,2,0,0,0,0,0,0,0,0,1,0,0,0,0,0,0,0,0,0,0,0,0,0,0,0,0,0,0,0,0,0,0,1,0,0,2,0,0
banana republic factory,Social | Consideration | CON Social Meta,2025-11-02,149580.98,841721.0624,43014.2387,0,0,0,0,0,0,0,0,0,0,0,0,0,0,2,0,0,0,0,0,0,0,0,0,0,0,0,0,0,0,0,0,0,0,0,0,0,2,0,0,0,0,0
banana republic factory,Social | Consideration | CON Social Meta,2025-11-09,224679.3601,1117690.783,58753.8909,0,0,0,0,0,0,0,0,0,0,0,0,0,0,1,0,0,0,0,0,0,0,0,0,0,0,0,0,0,0,0,0,0,0,0,0,0,1,0,0,0,0,0
banana republic factory,Social | Consideration | CON Social Meta,2025-11-16,329489.1502,1418303.3622,74445.4515,0,0,0,0,0,0,0,0,0,0,0,0,0,0,0,2,0,0,0,0,0,0,0,0,0,0,0,0,0,0,0,0,0,0,0,0,0,0,0,0,2,0,0
banana republic factory,Social | Consideration | CON Social Meta,2025-11-23,403094.4302,1473142.0597,75365.1339,0,0,0,0,0,0,0,0,0,0,0,0,0,0,0,1,2,0,0,0,0,0,0,0,0,0,0,0,0,0,0,0,0,0,0,0,0,0,0,0,2,0,0
banana republic factory,Social | Consideration | CON Social Meta,2025-11-30,197247.9801,902462.6964,41065.9097,0,0,0,0,0,0,0,0,0,0,0,0,0,0,0,0,0,2,0,0,0,0,0,0,0,0,0,0,0,0,0,0,0,0,0,0,0,0,0,0,2,0,0
banana republic factory,Social | Consideration | CON Social Meta,2025-12-07,120902.11,651300.6179,30848.5425,0,0,0,0,0,0,0,0,0,0,0,0,0,0,0,0,0,0,2,0,0,0,0,0,0,0,0,0,0,0,0,0,0,0,0,0,0,0,0,2,0,0,0
banana republic factory,Social | Consideration | CON Social Meta,2025-12-14,66404.9002,467628.445,22126.8768,0,0,0,0,0,0,0,0,0,0,0,0,0,0,0,0,0,0,2,1,0,0,0,0,0,0,0,0,0,0,0,0,0,0,0,0,0,1,0,2,0,0,0
banana republic factory,Social | Consideration | CON Social Meta,2025-12-21,63131.3701,574971.4673,29756.3666,0,0,0,0,0,0,0,0,0,0,0,0,0,0,0,0,0,0,0,2,1,0,0,0,0,0,0,0,0,0,0,0,0,0,0,0,0,2,0,0,0,0,0
banana republic factory,Social | Consideration | CON Social Meta,2025-12-28,54704.2,514065.3543,25459.1411,0,0,0,0,0,0,0,0,0,0,0,0,0,0,0,0,0,0,0,0,2,0,0,0,0,0,0,0,0,0,0,0,0,0,0,0,0,2,0,0,0,0,0
banana republic factory,Social | Consideration | CON Social Meta,2026-01-04,22737.54,272221.7459,13969.7973,0,0,0,0,0,0,0,0,0,0,0,0,0,0,0,0,0,0,0,0,1,0,0,0,0,0,0,0,0,0,0,0,0,0,0,0,0,1,0,0,0,0,0
banana republic factory,Social | Consideration | CON Social Meta,2026-01-11,35718.0,271850.0084,17867.887,0,0,0,0,0,0,0,0,0,0,0,0,0,0,0,0,0,0,0,0,0,0,1,0,0,0,0,0,0,0,0,0,0,0,0,0,0,1,0,0,0,0,0
banana republic factory,Social | Consideration | CON Social Meta,2026-01-18,34914.61,279859.3212,19418.2173,0,0,0,0,0,0,0,0,0,0,0,0,0,0,0,0,0,0,0,0,0,0,1,0,0,0,0,0,0,0,0,0,0,0,0,0,0,1,0,0,0,0,0
banana republic factory,Social | Consideration | CON Social Meta,2026-01-25,35013.46,281905.4297,19763.4685,0,0,0,0,0,0,0,0,0,0,0,0,0,0,0,0,0,0,0,0,0,0,0,0,0,0,0,0,0,0,0,0,0,0,0,0,0,0,0,0,0,0,0
banana republic factory,Social | Consideration | CON Social Meta,2026-02-01,58240.32,371042.1604,26889.6104,0,0,0,0,0,0,0,0,0,0,0,0,0,0,0,0,0,0,0,0,0,0,0,0,0,0,0,0,0,0,0,0,0,0,0,0,0,0,0,0,0,0,0
banana republic factory,Social | Consideration | CON Social Meta,2026-02-08,60325.66,448321.6215,32140.7612,2,0,0,0,0,0,0,0,0,0,0,0,0,0,0,0,0,0,0,0,0,0,0,0,0,0,0,0,0,0,0,0,0,0,0,0,0,2,0,0,0,0,0
banana republic factory,Social | Consideration | CON Social Meta,2026-02-15,58312.13,438361.5421,30769.1845,1,0,0,0,0,0,0,0,0,0,0,0,0,0,0,0,0,0,0,0,0,0,0,0,0,0,0,0,0,0,0,0,0,0,0,0,0,1,0,0,0,0,0
banana republic factory,Social | Consideration | CON Social Meta,2026-02-22,59121.39,409625.5187,28485.6363,0,0,0,0,0,0,0,0,0,0,0,0,0,0,0,0,0,0,0,0,0,1,0,0,0,0,0,0,0,0,0,0,0,0,0,0,0,1,0,0,0,0,0
banana republic factory,Social | Conversion | CVR Social Meta,2025-02-02,3208.16,24321.535,896.647,0,0,0,0,0,0,0,0,0,0,0,0,0,0,0,0,0,0,0,0,0,0,0,0,0,0,0,0,0,0,0,0,0,0,0,0,0,0,0,0,0,0,0
banana republic factory,Social | Conversion | CVR Social Meta,2025-02-09,6877.71,51037.6961,1935.6993,2,0,0,0,0,0,0,0,0,0,0,0,0,0,0,0,0,0,0,0,0,0,0,0,0,0,0,0,0,0,0,0,0,0,0,0,0,2,0,0,0,0,0
banana republic factory,Social | Conversion | CVR Social Meta,2025-02-16,8258.49,59373.8441,2247.2278,1,0,0,0,0,0,0,0,0,0,0,0,0,0,0,0,0,0,0,0,0,0,0,0,0,0,0,0,0,0,0,0,0,0,0,0,0,1,0,0,0,0,0
banana republic factory,Social | Conversion | CVR Social Meta,2025-02-23,3147.02,22039.3382,828.9188,0,0,0,0,0,0,0,0,0,0,0,0,0,0,0,0,0,0,0,0,0,0,0,0,0,0,0,0,0,0,0,0,0,0,0,0,0,0,0,0,0,0,0
banana republic factory,Social | Conversion | CVR Social Meta,2025-03-02,3273.06,30437.5707,890.3512,0,0,0,0,0,0,0,0,0,0,0,0,0,0,0,0,0,0,0,0,0,0,0,0,0,0,0,0,0,0,0,0,0,0,0,0,0,0,0,0,0,0,0
banana republic factory,Social | Conversion | CVR Social Meta,2025-03-09,5125.8,45846.2679,1310.3981,0,0,0,0,0,0,0,0,0,0,0,0,0,0,0,0,0,0,0,0,0,0,0,0,0,0,0,0,0,0,0,0,0,0,0,0,0,0,0,0,0,0,0
banana republic factory,Social | Conversion | CVR Social Meta,2025-03-16,6509.35,49229.7294,1405.4644,0,0,0,0,0,0,0,0,0,0,0,0,0,0,0,0,0,0,0,0,0,0,0,0,0,0,0,0,0,0,0,0,0,0,0,0,0,0,0,0,0,0,0
banana republic factory,Social | Conversion | CVR Social Meta,2025-03-23,9976.66,96655.9047,2813.4177,0,2,0,0,0,0,0,0,0,0,0,0,0,0,0,0,0,0,0,0,0,0,0,0,0,0,0,0,0,0,0,0,0,0,0,0,0,2,0,0,0,0,0
banana republic factory,Social | Conversion | CVR Social Meta,2025-03-30,8632.8,68143.6007,1976.3917,0,1,0,0,0,0,0,0,0,0,0,0,0,0,0,0,0,0,0,0,0,0,0,0,0,0,0,0,0,0,0,0,0,0,0,0,0,1,0,0,0,0,0
banana republic factory,Social | Conversion | CVR Social Meta,2025-04-06,11761.7,110525.2857,3190.7035,0,0,2,1,0,0,0,0,0,0,0,0,0,0,0,0,0,0,0,0,0,0,0,0,0,0,0,0,0,0,0,0,0,0,0,0,0,2,0,1,0,0,0
banana republic factory,Social | Conversion | CVR Social Meta,2025-04-13,12799.76,142751.0815,4132.3706,0,0,0,2,0,0,0,0,0,0,0,0,0,0,0,0,0,0,0,0,0,0,0,0,0,0,0,0,0,0,0,0,0,0,0,0,0,0,0,2,0,0,0
banana republic factory,Social | Conversion | CVR Social Meta,2025-04-20,4365.91,56030.4314,1614.8028,0,0,0,1,0,0,0,0,0,0,0,0,0,0,0,0,0,0,0,0,0,0,0,0,0,0,0,0,0,0,0,0,0,0,0,0,0,0,0,1,0,0,0
banana republic factory,Social | Conversion | CVR Social Meta,2025-04-27,3205.44,34692.207,995.505,0,0,0,0,0,1,0,0,0,0,0,0,0,0,0,0,0,0,0,0,0,0,0,0,0,0,0,0,0,0,0,0,0,0,0,0,0,0,0,0,1,0,0
banana republic factory,Social | Conversion | CVR Social Meta,2025-05-04,4845.29,66811.9057,1069.2502,0,0,0,0,0,2,0,0,0,0,0,0,0,0,0,0,0,0,0,0,0,0,0,0,0,0,0,0,0,0,0,0,0,0,0,0,0,0,0,0,2,0,0
banana republic factory,Social | Conversion | CVR Social Meta,2025-05-11,4571.73,73389.6696,1140.949,0,0,0,0,0,0,1,0,0,0,0,0,0,0,0,0,0,0,0,0,0,1,0,0,0,0,0,0,0,0,0,0,0,0,0,0,0,1,0,0,0,0,0
banana republic factory,Social | Conversion | CVR Social Meta,2025-05-18,6915.12,96554.778,1500.142,0,0,0,0,0,0,1,2,0,0,0,0,0,0,0,0,0,0,0,0,0,0,0,0,0,0,0,0,0,0,0,0,0,0,0,0,0,1,0,2,0,0,0
banana republic factory,Social | Conversion | CVR Social Meta,2025-05-25,3008.61,53676.2341,838.4452,0,0,0,0,0,0,0,2,0,0,0,0,0,0,0,0,0,0,0,0,0,0,0,0,0,0,0,0,0,0,0,0,0,0,0,0,0,0,0,2,0,0,0
banana republic factory,Social | Conversion | CVR Social Meta,2025-06-01,3555.28,44713.5263,503.0451,0,0,0,0,0,0,0,1,0,0,0,0,0,0,0,0,0,0,0,0,0,0,0,0,0,0,0,0,0,0,0,0,0,0,0,0,0,0,0,1,0,0,0
banana republic factory,Social | Conversion | CVR Social Meta,2025-06-08,2791.84,31751.8064,338.1293,0,0,0,0,0,0,0,0,0,0,0,0,0,0,0,0,0,0,0,0,0,0,0,0,0,0,0,0,0,0,0,0,0,0,0,0,0,0,0,0,0,0,0
banana republic factory,Social | Conversion | CVR Social Meta,2025-06-15,3213.98,49439.063,527.6138,0,0,0,0,0,0,0,0,1,0,0,0,0,0,0,0,0,0,0,0,0,0,0,0,0,0,0,0,0,0,0,0,0,0,0,0,0,1,0,0,0,0,0
banana republic factory,Social | Conversion | CVR Social Meta,2025-06-22,4383.9,81662.8426,868.3495,0,0,0,0,0,0,0,0,2,1,0,0,0,0,0,0,0,0,0,0,0,0,0,0,0,0,0,0,0,0,0,0,0,0,0,0,0,2,0,1,0,0,0
banana republic factory,Social | Conversion | CVR Social Meta,2025-06-29,7267.31,133707.5343,1431.7781,0,0,0,0,0,0,0,0,0,2,0,0,0,0,0,0,0,0,0,0,0,0,0,0,0,0,0,0,0,0,0,0,0,0,0,0,0,0,0,2,0,0,0
banana republic factory,Social | Conversion | CVR Social Meta,2025-07-06,3772.24,69705.8684,796.6613,0,0,0,0,0,0,0,0,0,1,2,0,0,0,0,0,0,0,0,0,0,0,0,0,0,0,0,0,0,0,0,0,0,0,0,0,0,0,0,1,2,0,0
banana republic factory,Social | Conversion | CVR Social Meta,2025-07-13,2053.45,42034.0184,446.4482,0,0,0,0,0,0,0,0,0,0,1,0,0,0,0,0,0,0,0,0,0,0,0,0,0,0,0,0,0,0,0,0,0,0,0,0,0,0,0,0,1,0,0
banana republic factory,Social | Conversion | CVR Social Meta,2025-07-20,6107.02,88792.673,936.4666,0,0,0,0,0,0,0,0,0,0,0,0,0,0,0,0,0,0,0,0,0,0,0,0,0,0,0,0,0,0,0,0,0,0,0,0,0,0,0,0,0,0,0
banana republic factory,Social | Conversion | CVR Social Meta,2025-07-27,4154.07,73715.2029,775.9577,0,0,0,0,0,0,0,0,0,0,0,0,0,0,0,0,0,0,0,0,0,1,0,0,0,0,0,0,0,0,0,0,0,0,0,0,0,1,0,0,0,0,0
banana republic factory,Social | Conversion | CVR Social Meta,2025-08-03,3101.64,52557.5425,555.8723,0,0,0,0,0,0,0,0,0,0,0,0,0,0,0,0,0,0,0,0,0,0,0,0,0,0,0,0,0,0,0,0,0,0,0,0,0,0,0,0,0,0,0
banana republic factory,Social | Conversion | CVR Social Meta,2025-08-10,2089.43,39814.6015,422.5462,0,0,0,0,0,0,0,0,0,0,0,0,0,0,0,0,0,0,0,0,0,0,0,0,0,0,0,0,0,0,0,0,0,0,0,0,0,0,0,0,0,0,0
banana republic factory,Social | Conversion | CVR Social Meta ASC Historical,2025-02-02,29940.17,483738.7841,44395.0503,0,0,0,0,0,0,0,0,0,0,0,0,0,0,0,0,0,0,0,0,0,0,0,0,0,0,0,0,0,0,0,0,0,0,0,0,0,0,0,0,0,0,0
banana republic factory,Social | Conversion | CVR Social Meta ASC Historical,2025-02-09,36517.69,527025.899,48411.4657,2,0,0,0,0,0,0,0,0,0,0,0,0,0,0,0,0,0,0,0,0,0,0,0,0,0,0,0,0,0,0,0,0,0,0,0,0,2,0,0,0,0,0
banana republic factory,Social | Conversion | CVR Social Meta ASC Historical,2025-02-16,47781.88,633361.9047,57901.6755,1,0,0,0,0,0,0,0,0,0,0,0,0,0,0,0,0,0,0,0,0,0,0,0,0,0,0,0,0,0,0,0,0,0,0,0,0,1,0,0,0,0,0
banana republic factory,Social | Conversion | CVR Social Meta ASC Historical,2025-02-23,47795.66,653472.9626,59909.0099,0,0,0,0,0,0,0,0,0,0,0,0,0,0,0,0,0,0,0,0,0,0,0,0,0,0,0,0,0,0,0,0,0,0,0,0,0,0,0,0,0,0,0
banana republic factory,Social | Conversion | CVR Social Meta ASC Historical,2025-03-02,45263.54,700224.7934,57932.9141,0,0,0,0,0,0,0,0,0,0,0,0,0,0,0,0,0,0,0,0,0,0,0,0,0,0,0,0,0,0,0,0,0,0,0,0,0,0,0,0,0,0,0
banana republic factory,Social | Conversion | CVR Social Meta ASC Historical,2025-03-09,49820.37,689788.6194,56479.0097,0,0,0,0,0,0,0,0,0,0,0,0,0,0,0,0,0,0,0,0,0,0,0,0,0,0,0,0,0,0,0,0,0,0,0,0,0,0,0,0,0,0,0
banana republic factory,Social | Conversion | CVR Social Meta ASC Historical,2025-03-16,68186.35,844352.4313,68870.4669,0,0,0,0,0,0,0,0,0,0,0,0,0,0,0,0,0,0,0,0,0,0,0,0,0,0,0,0,0,0,0,0,0,0,0,0,0,0,0,0,0,0,0
banana republic factory,Social | Conversion | CVR Social Meta ASC Historical,2025-03-23,95500.16,1209594.1461,99209.6638,0,2,0,0,0,0,0,0,0,0,0,0,0,0,0,0,0,0,0,0,0,0,0,0,0,0,0,0,0,0,0,0,0,0,0,0,0,2,0,0,0,0,0
banana republic factory,Social | Conversion | CVR Social Meta ASC Historical,2025-03-30,75472.08,1031881.1442,84022.5902,0,1,0,0,0,0,0,0,0,0,0,0,0,0,0,0,0,0,0,0,0,0,0,0,0,0,0,0,0,0,0,0,0,0,0,0,0,1,0,0,0,0,0
banana republic factory,Social | Conversion | CVR Social Meta ASC Historical,2025-04-06,84503.04,1079675.9229,88539.447,0,0,2,1,0,0,0,0,0,0,0,0,0,0,0,0,0,0,0,0,0,0,0,0,0,0,0,0,0,0,0,0,0,0,0,0,0,2,0,1,0,0,0
banana republic factory,Social | Conversion | CVR Social Meta ASC Historical,2025-04-13,76108.33,1060953.1903,87478.1081,0,0,0,2,0,0,0,0,0,0,0,0,0,0,0,0,0,0,0,0,0,0,0,0,0,0,0,0,0,0,0,0,0,0,0,0,0,0,0,2,0,0,0
banana republic factory,Social | Conversion | CVR Social Meta ASC Historical,2025-04-20,80521.5,1121808.1156,92180.2448,0,0,0,1,0,0,0,0,0,0,0,0,0,0,0,0,0,0,0,0,0,0,0,0,0,0,0,0,0,0,0,0,0,0,0,0,0,0,0,1,0,0,0
banana republic factory,Social | Conversion | CVR Social Meta ASC Historical,2025-04-27,130222.6,1547961.244,127343.7753,0,0,0,0,0,1,0,0,0,0,0,0,0,0,0,0,0,0,0,0,0,0,0,0,0,0,0,0,0,0,0,0,0,0,0,0,0,0,0,0,1,0,0
banana republic factory,Social | Conversion | CVR Social Meta ASC Historical,2025-05-04,93969.2101,1216139.622,100665.9888,0,0,0,0,0,2,0,0,0,0,0,0,0,0,0,0,0,0,0,0,0,0,0,0,0,0,0,0,0,0,0,0,0,0,0,0,0,0,0,0,2,0,0
banana republic factory,Social | Conversion | CVR Social Meta ASC Historical,2025-05-11,106312.45,1743135.0223,143443.2895,0,0,0,0,0,0,1,0,0,0,0,0,0,0,0,0,0,0,0,0,0,1,0,0,0,0,0,0,0,0,0,0,0,0,0,0,0,1,0,0,0,0,0
banana republic factory,Social | Conversion | CVR Social Meta ASC Historical,2025-05-18,118355.24,2067165.8845,169961.1664,0,0,0,0,0,0,1,2,0,0,0,0,0,0,0,0,0,0,0,0,0,0,0,0,0,0,0,0,0,0,0,0,0,0,0,0,0,1,0,2,0,0,0
banana republic factory,Social | Conversion | CVR Social Meta ASC Historical,2025-05-25,110480.5801,2143655.2136,177556.7179,0,0,0,0,0,0,0,2,0,0,0,0,0,0,0,0,0,0,0,0,0,0,0,0,0,0,0,0,0,0,0,0,0,0,0,0,0,0,0,2,0,0,0
banana republic factory,Social | Conversion | CVR Social Meta ASC Historical,2025-06-01,66350.6701,1837769.098,133279.9718,0,0,0,0,0,0,0,1,0,0,0,0,0,0,0,0,0,0,0,0,0,0,0,0,0,0,0,0,0,0,0,0,0,0,0,0,0,0,0,1,0,0,0
banana republic factory,Social | Conversion | CVR Social Meta ASC Historical,2025-06-08,55026.6301,1263056.5756,89673.1303,0,0,0,0,0,0,0,0,0,0,0,0,0,0,0,0,0,0,0,0,0,0,0,0,0,0,0,0,0,0,0,0,0,0,0,0,0,0,0,0,0,0,0
banana republic factory,Social | Conversion | CVR Social Meta ASC Historical,2025-06-15,55491.6601,1127631.1713,80138.1887,0,0,0,0,0,0,0,0,1,0,0,0,0,0,0,0,0,0,0,0,0,0,0,0,0,0,0,0,0,0,0,0,0,0,0,0,0,1,0,0,0,0,0
banana republic factory,Social | Conversion | CVR Social Meta ASC Historical,2025-06-22,76361.5902,1597696.4069,113384.5522,0,0,0,0,0,0,0,0,2,1,0,0,0,0,0,0,0,0,0,0,0,0,0,0,0,0,0,0,0,0,0,0,0,0,0,0,0,2,0,1,0,0,0
banana republic factory,Social | Conversion | CVR Social Meta ASC Historical,2025-06-29,102820.5501,2217082.8113,158404.4335,0,0,0,0,0,0,0,0,0,2,0,0,0,0,0,0,0,0,0,0,0,0,0,0,0,0,0,0,0,0,0,0,0,0,0,0,0,0,0,2,0,0,0
banana republic factory,Social | Conversion | CVR Social Meta ASC Historical,2025-07-06,59222.55,1030644.4935,85608.4239,0,0,0,0,0,0,0,0,0,1,2,0,0,0,0,0,0,0,0,0,0,0,0,0,0,0,0,0,0,0,0,0,0,0,0,0,0,0,0,1,2,0,0
banana republic factory,Social | Conversion | CVR Social Meta ASC Historical,2025-07-13,54554.33,896148.3318,73868.1275,0,0,0,0,0,0,0,0,0,0,1,0,0,0,0,0,0,0,0,0,0,0,0,0,0,0,0,0,0,0,0,0,0,0,0,0,0,0,0,0,1,0,0
banana republic factory,Social | Conversion | CVR Social Meta ASC Historical,2025-07-20,49589.43,802933.0018,66406.6263,0,0,0,0,0,0,0,0,0,0,0,0,0,0,0,0,0,0,0,0,0,0,0,0,0,0,0,0,0,0,0,0,0,0,0,0,0,0,0,0,0,0,0
banana republic factory,Social | Conversion | CVR Social Meta ASC Historical,2025-07-27,61895.29,939781.7673,77825.208,0,0,0,0,0,0,0,0,0,0,0,0,0,0,0,0,0,0,0,0,0,1,0,0,0,0,0,0,0,0,0,0,0,0,0,0,0,1,0,0,0,0,0
banana republic factory,Social | Conversion | CVR Social Meta ASC Max Value,2025-08-03,28200.75,277413.9937,25355.4309,0,0,0,0,0,0,0,0,0,0,0,0,0,0,0,0,0,0,0,0,0,0,0,0,0,0,0,0,0,0,0,0,0,0,0,0,0,0,0,0,0,0,0
banana republic factory,Social | Conversion | CVR Social Meta ASC Max Value,2025-08-10,32167.53,399301.4895,36298.1992,0,0,0,0,0,0,0,0,0,0,0,0,0,0,0,0,0,0,0,0,0,0,0,0,0,0,0,0,0,0,0,0,0,0,0,0,0,0,0,0,0,0,0
banana republic factory,Social | Conversion | CVR Social Meta ASC Max Value,2025-08-17,39678.66,538916.4518,48547.1549,0,0,0,0,0,0,0,0,0,0,0,2,0,0,0,0,0,0,0,0,0,0,0,0,0,0,0,0,0,0,0,0,0,0,0,0,0,2,0,0,0,0,0
banana republic factory,Social | Conversion | CVR Social Meta ASC Max Value,2025-08-24,57591.2,649261.7779,58553.5784,0,0,0,0,0,0,0,0,0,0,0,1,2,0,0,0,0,0,0,0,0,0,0,0,0,0,0,0,0,0,0,0,0,0,0,0,0,1,0,2,0,0,0
banana republic factory,Social | Conversion | CVR Social Meta ASC Max Value,2025-08-31,67685.92,729339.3565,84407.0155,0,0,0,0,0,0,0,0,0,0,0,0,1,0,0,0,0,0,0,0,0,0,0,0,0,0,0,0,0,0,0,0,0,0,0,0,0,0,0,1,0,0,0
banana republic factory,Social | Conversion | CVR Social Meta ASC Max Value,2025-09-07,32755.5501,422135.0638,49218.9727,0,1,0,0,0,0,0,0,0,0,0,0,0,0,0,0,0,0,0,0,0,0,0,0,0,0,0,0,0,0,0,0,0,0,0,0,0,1,0,0,0,0,0
banana republic factory,Social | Conversion | CVR Social Meta ASC Max Value,2025-09-14,42758.9601,482046.8254,56351.8324,0,2,0,0,0,0,0,0,0,0,0,0,0,0,0,0,0,0,0,0,0,0,0,0,0,0,0,0,0,0,0,0,0,0,0,0,0,2,0,0,0,0,0
banana republic factory,Social | Conversion | CVR Social Meta ASC Max Value,2025-09-21,54312.5802,645452.1139,75038.7979,0,1,0,0,0,0,0,0,0,0,0,0,0,0,0,0,0,0,0,0,0,0,0,0,0,0,0,0,0,0,0,0,0,0,0,0,0,1,0,0,0,0,0
banana republic factory,Social | Conversion | CVR Social Meta ASC Max Value,2025-09-28,58309.6302,709052.1635,82212.2523,0,0,0,0,0,0,0,0,0,0,0,0,0,0,0,0,0,0,0,0,0,0,0,0,0,0,0,0,0,0,0,0,0,0,0,0,0,0,0,0,0,0,0
banana republic factory,Social | Conversion | CVR Social Meta ASC Max Value,2025-10-05,84646.6102,1020971.1305,118811.5926,0,0,0,0,0,0,0,0,0,0,0,0,0,2,0,0,0,0,0,0,0,0,0,0,0,0,0,0,0,0,0,0,0,0,0,0,0,2,0,0,0,0,0
banana republic factory,Social | Conversion | CVR Social Meta ASC Max Value,2025-10-12,56606.7701,760015.6694,88312.8786,0,0,0,0,0,0,0,0,0,0,0,0,0,1,0,0,0,0,0,0,0,0,0,0,0,0,0,0,0,0,0,0,0,0,0,0,0,1,0,0,0,0,0
banana republic factory,Social | Conversion | CVR Social Meta ASC Max Value,2025-10-19,95655.5601,1071153.4476,123900.9166,0,0,0,0,0,1,0,0,0,0,0,0,0,0,0,0,0,0,0,0,0,0,0,0,0,0,0,0,0,0,0,0,0,0,0,0,0,0,0,0,1,0,0
banana republic factory,Social | Conversion | CVR Social Meta ASC Max Value,2025-10-26,87784.92,968072.1286,112108.2159,0,0,0,0,0,2,0,0,0,0,0,0,0,0,1,0,0,0,0,0,0,0,0,0,0,0,0,0,0,0,0,0,0,0,0,0,0,1,0,0,2,0,0
banana republic factory,Social | Conversion | CVR Social Meta ASC Max Value,2025-11-02,109554.3601,1121584.1965,94444.4617,0,0,0,0,0,0,0,0,0,0,0,0,0,0,2,0,0,0,0,0,0,0,0,0,0,0,0,0,0,0,0,0,0,0,0,0,0,2,0,0,0,0,0
banana republic factory,Social | Conversion | CVR Social Meta ASC Max Value,2025-11-09,89384.8701,774047.4299,63099.1605,0,0,0,0,0,0,0,0,0,0,0,0,0,0,1,0,0,0,0,0,0,0,0,0,0,0,0,0,0,0,0,0,0,0,0,0,0,1,0,0,0,0,0
banana republic factory,Social | Conversion | CVR Social Meta ASC Max Value,2025-11-16,153983.6701,1113324.8046,90917.9106,0,0,0,0,0,0,0,0,0,0,0,0,0,0,0,2,0,0,0,0,0,0,0,0,0,0,0,0,0,0,0,0,0,0,0,0,0,0,0,0,2,0,0
banana republic factory,Social | Conversion | CVR Social Meta ASC Max Value,2025-11-23,340157.4602,1985934.4063,164243.976,0,0,0,0,0,0,0,0,0,0,0,0,0,0,0,1,2,0,0,0,0,0,0,0,0,0,0,0,0,0,0,0,0,0,0,0,0,0,0,0,2,0,0
banana republic factory,Social | Conversion | CVR Social Meta ASC Max Value,2025-11-30,335159.7101,2022943.3154,167741.8532,0,0,0,0,0,0,0,0,0,0,0,0,0,0,0,0,0,2,0,0,0,0,0,0,0,0,0,0,0,0,0,0,0,0,0,0,0,0,0,0,2,0,0
banana republic factory,Social | Conversion | CVR Social Meta ASC Max Value,2025-12-07,115283.6903,1069994.5117,87545.9542,0,0,0,0,0,0,0,0,0,0,0,0,0,0,0,0,0,0,2,0,0,0,0,0,0,0,0,0,0,0,0,0,0,0,0,0,0,0,0,2,0,0,0
banana republic factory,Social | Conversion | CVR Social Meta ASC Max Value,2025-12-14,65284.4502,683674.3711,55919.182,0,0,0,0,0,0,0,0,0,0,0,0,0,0,0,0,0,0,2,1,0,0,0,0,0,0,0,0,0,0,0,0,0,0,0,0,0,1,0,2,0,0,0
banana republic factory,Social | Conversion | CVR Social Meta ASC Max Value,2025-12-21,66998.1101,820960.2932,67366.0022,0,0,0,0,0,0,0,0,0,0,0,0,0,0,0,0,0,0,0,2,1,0,0,0,0,0,0,0,0,0,0,0,0,0,0,0,0,2,0,0,0,0,0
banana republic factory,Social | Conversion | CVR Social Meta ASC Max Value,2025-12-28,50392.7901,693118.9327,56623.9263,0,0,0,0,0,0,0,0,0,0,0,0,0,0,0,0,0,0,0,0,2,0,0,0,0,0,0,0,0,0,0,0,0,0,0,0,0,2,0,0,0,0,0
banana republic factory,Social | Conversion | CVR Social Meta ASC Max Value,2026-01-04,26275.33,410285.9375,33506.4963,0,0,0,0,0,0,0,0,0,0,0,0,0,0,0,0,0,0,0,0,1,0,0,0,0,0,0,0,0,0,0,0,0,0,0,0,0,1,0,0,0,0,0
banana republic factory,Social | Conversion | CVR Social Meta ASC Max Value,2026-01-11,25038.1,349330.6963,28473.5162,0,0,0,0,0,0,0,0,0,0,0,0,0,0,0,0,0,0,0,0,0,0,1,0,0,0,0,0,0,0,0,0,0,0,0,0,0,1,0,0,0,0,0
banana republic factory,Social | Conversion | CVR Social Meta ASC Max Value,2026-01-18,23043.36,358117.8873,28948.2971,0,0,0,0,0,0,0,0,0,0,0,0,0,0,0,0,0,0,0,0,0,0,1,0,0,0,0,0,0,0,0,0,0,0,0,0,0,1,0,0,0,0,0
banana republic factory,Social | Conversion | CVR Social Meta ASC Max Value,2026-01-25,23351.13,346873.0405,28193.6219,0,0,0,0,0,0,0,0,0,0,0,0,0,0,0,0,0,0,0,0,0,0,0,0,0,0,0,0,0,0,0,0,0,0,0,0,0,0,0,0,0,0,0
banana republic factory,Social | Conversion | CVR Social Meta ASC Max Value,2026-02-01,31398.73,376220.6895,30778.5957,0,0,0,0,0,0,0,0,0,0,0,0,0,0,0,0,0,0,0,0,0,0,0,0,0,0,0,0,0,0,0,0,0,0,0,0,0,0,0,0,0,0,0
banana republic factory,Social | Conversion | CVR Social Meta ASC Max Value,2026-02-08,43910.35,511272.9456,41944.9162,2,0,0,0,0,0,0,0,0,0,0,0,0,0,0,0,0,0,0,0,0,0,0,0,0,0,0,0,0,0,0,0,0,0,0,0,0,2,0,0,0,0,0
banana republic factory,Social | Conversion | CVR Social Meta ASC Max Value,2026-02-15,41837.36,580204.0795,47202.357,1,0,0,0,0,0,0,0,0,0,0,0,0,0,0,0,0,0,0,0,0,0,0,0,0,0,0,0,0,0,0,0,0,0,0,0,0,1,0,0,0,0,0
banana republic factory,Social | Conversion | CVR Social Meta ASC Max Value,2026-02-22,55546.78,722926.1125,58702.078,0,0,0,0,0,0,0,0,0,0,0,0,0,0,0,0,0,0,0,0,0,1,0,0,0,0,0,0,0,0,0,0,0,0,0,0,0,1,0,0,0,0,0
banana republic factory,Social | Conversion | CVR Social Meta ASC Max Volume,2025-08-03,10300.92,112145.8476,17030.2107,0,0,0,0,0,0,0,0,0,0,0,0,0,0,0,0,0,0,0,0,0,0,0,0,0,0,0,0,0,0,0,0,0,0,0,0,0,0,0,0,0,0,0
banana republic factory,Social | Conversion | CVR Social Meta ASC Max Volume,2025-08-10,16137.24,299278.8005,45555.6938,0,0,0,0,0,0,0,0,0,0,0,0,0,0,0,0,0,0,0,0,0,0,0,0,0,0,0,0,0,0,0,0,0,0,0,0,0,0,0,0,0,0,0
banana republic factory,Social | Conversion | CVR Social Meta ASC Max Volume,2025-08-17,55352.37,753789.7168,114394.2388,0,0,0,0,0,0,0,0,0,0,0,2,0,0,0,0,0,0,0,0,0,0,0,0,0,0,0,0,0,0,0,0,0,0,0,0,0,2,0,0,0,0,0
banana republic factory,Social | Conversion | CVR Social Meta ASC Max Volume,2025-08-24,57176.25,735260.611,112082.9896,0,0,0,0,0,0,0,0,0,0,0,1,2,0,0,0,0,0,0,0,0,0,0,0,0,0,0,0,0,0,0,0,0,0,0,0,0,1,0,2,0,0,0
banana republic factory,Social | Conversion | CVR Social Meta ASC Max Volume,2025-08-31,34259.4301,819742.0764,160182.4577,0,0,0,0,0,0,0,0,0,0,0,0,1,0,0,0,0,0,0,0,0,0,0,0,0,0,0,0,0,0,0,0,0,0,0,0,0,0,0,1,0,0,0
banana republic factory,Social | Conversion | CVR Social Meta ASC Max Volume,2025-09-07,90455.85,610418.454,121636.1479,0,1,0,0,0,0,0,0,0,0,0,0,0,0,0,0,0,0,0,0,0,0,0,0,0,0,0,0,0,0,0,0,0,0,0,0,0,1,0,0,0,0,0
banana republic factory,Social | Conversion | CVR Social Meta ASC Max Volume,2025-09-14,85667.5603,602150.6221,119602.6944,0,2,0,0,0,0,0,0,0,0,0,0,0,0,0,0,0,0,0,0,0,0,0,0,0,0,0,0,0,0,0,0,0,0,0,0,0,2,0,0,0,0,0
banana republic factory,Social | Conversion | CVR Social Meta ASC Max Volume,2025-09-21,39211.4602,466203.6102,92217.9618,0,1,0,0,0,0,0,0,0,0,0,0,0,0,0,0,0,0,0,0,0,0,0,0,0,0,0,0,0,0,0,0,0,0,0,0,0,1,0,0,0,0,0
banana republic factory,Social | Conversion | CVR Social Meta ASC Max Volume,2025-09-28,39474.8403,462483.6561,91515.1486,0,0,0,0,0,0,0,0,0,0,0,0,0,0,0,0,0,0,0,0,0,0,0,0,0,0,0,0,0,0,0,0,0,0,0,0,0,0,0,0,0,0,0
banana republic factory,Social | Conversion | CVR Social Meta ASC Max Volume,2025-10-05,31751.3601,764222.1337,151617.0765,0,0,0,0,0,0,0,0,0,0,0,0,0,2,0,0,0,0,0,0,0,0,0,0,0,0,0,0,0,0,0,0,0,0,0,0,0,2,0,0,0,0,0
banana republic factory,Social | Conversion | CVR Social Meta ASC Max Volume,2025-10-12,49954.0603,596540.0101,117769.4577,0,0,0,0,0,0,0,0,0,0,0,0,0,1,0,0,0,0,0,0,0,0,0,0,0,0,0,0,0,0,0,0,0,0,0,0,0,1,0,0,0,0,0
banana republic factory,Social | Conversion | CVR Social Meta ASC Max Volume,2025-10-19,58811.8202,892567.1981,175941.8363,0,0,0,0,0,1,0,0,0,0,0,0,0,0,0,0,0,0,0,0,0,0,0,0,0,0,0,0,0,0,0,0,0,0,0,0,0,0,0,0,1,0,0
banana republic factory,Social | Conversion | CVR Social Meta ASC Max Volume,2025-10-26,74933.2201,787212.3423,155525.847,0,0,0,0,0,2,0,0,0,0,0,0,0,0,1,0,0,0,0,0,0,0,0,0,0,0,0,0,0,0,0,0,0,0,0,0,0,1,0,0,2,0,0
banana republic factory,Social | Conversion | CVR Social Meta ASC Max Volume,2025-11-02,80496.7199,1219329.5204,224755.8709,0,0,0,0,0,0,0,0,0,0,0,0,0,0,2,0,0,0,0,0,0,0,0,0,0,0,0,0,0,0,0,0,0,0,0,0,0,2,0,0,0,0,0
banana republic factory,Social | Conversion | CVR Social Meta ASC Max Volume,2025-11-09,63540.1001,773290.6061,141965.8455,0,0,0,0,0,0,0,0,0,0,0,0,0,0,1,0,0,0,0,0,0,0,0,0,0,0,0,0,0,0,0,0,0,0,0,0,0,1,0,0,0,0,0
banana republic factory,Social | Conversion | CVR Social Meta ASC Max Volume,2025-11-16,60300.2,1202715.9281,221462.9781,0,0,0,0,0,0,0,0,0,0,0,0,0,0,0,2,0,0,0,0,0,0,0,0,0,0,0,0,0,0,0,0,0,0,0,0,0,0,0,0,2,0,0
banana republic factory,Social | Conversion | CVR Social Meta ASC Max Volume,2025-11-23,128343.2402,2048660.9021,374825.0227,0,0,0,0,0,0,0,0,0,0,0,0,0,0,0,1,2,0,0,0,0,0,0,0,0,0,0,0,0,0,0,0,0,0,0,0,0,0,0,0,2,0,0
banana republic factory,Social | Conversion | CVR Social Meta ASC Max Volume,2025-11-30,191010.0801,763508.8217,140524.8695,0,0,0,0,0,0,0,0,0,0,0,0,0,0,0,0,0,2,0,0,0,0,0,0,0,0,0,0,0,0,0,0,0,0,0,0,0,0,0,0,2,0,0
banana republic factory,Social | Conversion | CVR Social Meta ASC Max Volume,2025-12-07,71341.9002,691388.2821,128306.8054,0,0,0,0,0,0,0,0,0,0,0,0,0,0,0,0,0,0,2,0,0,0,0,0,0,0,0,0,0,0,0,0,0,0,0,0,0,0,0,2,0,0,0
banana republic factory,Social | Conversion | CVR Social Meta ASC Max Volume,2025-12-14,58650.34,481008.9226,89224.4336,0,0,0,0,0,0,0,0,0,0,0,0,0,0,0,0,0,0,2,1,0,0,0,0,0,0,0,0,0,0,0,0,0,0,0,0,0,1,0,2,0,0,0
banana republic factory,Social | Conversion | CVR Social Meta ASC Max Volume,2025-12-21,43314.3203,448988.7575,83504.365,0,0,0,0,0,0,0,0,0,0,0,0,0,0,0,0,0,0,0,2,1,0,0,0,0,0,0,0,0,0,0,0,0,0,0,0,0,2,0,0,0,0,0
banana republic factory,Social | Conversion | CVR Social Meta ASC Max Volume,2025-12-28,37523.0502,381912.3149,71076.9323,0,0,0,0,0,0,0,0,0,0,0,0,0,0,0,0,0,0,0,0,2,0,0,0,0,0,0,0,0,0,0,0,0,0,0,0,0,2,0,0,0,0,0
banana republic factory,Social | Conversion | CVR Social Meta ASC Max Volume,2026-01-04,15034.89,320720.5382,74921.4113,0,0,0,0,0,0,0,0,0,0,0,0,0,0,0,0,0,0,0,0,1,0,0,0,0,0,0,0,0,0,0,0,0,0,0,0,0,1,0,0,0,0,0
banana republic factory,Social | Conversion | CVR Social Meta ASC Max Volume,2026-01-11,12478.25,340037.5347,81138.8302,0,0,0,0,0,0,0,0,0,0,0,0,0,0,0,0,0,0,0,0,0,0,1,0,0,0,0,0,0,0,0,0,0,0,0,0,0,1,0,0,0,0,0
banana republic factory,Social | Conversion | CVR Social Meta ASC Max Volume,2026-01-18,10430.89,365600.6484,87373.0337,0,0,0,0,0,0,0,0,0,0,0,0,0,0,0,0,0,0,0,0,0,0,1,0,0,0,0,0,0,0,0,0,0,0,0,0,0,1,0,0,0,0,0
banana republic factory,Social | Conversion | CVR Social Meta ASC Max Volume,2026-01-25,11355.06,359166.7341,86220.3172,0,0,0,0,0,0,0,0,0,0,0,0,0,0,0,0,0,0,0,0,0,0,0,0,0,0,0,0,0,0,0,0,0,0,0,0,0,0,0,0,0,0,0
banana republic factory,Social | Conversion | CVR Social Meta ASC Max Volume,2026-02-01,22200.2,410740.1186,98160.6611,0,0,0,0,0,0,0,0,0,0,0,0,0,0,0,0,0,0,0,0,0,0,0,0,0,0,0,0,0,0,0,0,0,0,0,0,0,0,0,0,0,0,0
banana republic factory,Social | Conversion | CVR Social Meta ASC Max Volume,2026-02-08,30143.11,520223.3657,125255.6672,2,0,0,0,0,0,0,0,0,0,0,0,0,0,0,0,0,0,0,0,0,0,0,0,0,0,0,0,0,0,0,0,0,0,0,0,0,2,0,0,0,0,0
banana republic factory,Social | Conversion | CVR Social Meta ASC Max Volume,2026-02-15,25265.06,412715.6932,99759.788,1,0,0,0,0,0,0,0,0,0,0,0,0,0,0,0,0,0,0,0,0,0,0,0,0,0,0,0,0,0,0,0,0,0,0,0,0,1,0,0,0,0,0
banana republic factory,Social | Conversion | CVR Social Meta ASC Max Volume,2026-02-22,26433.81,522827.292,125332.0273,0,0,0,0,0,0,0,0,0,0,0,0,0,0,0,0,0,0,0,0,0,1,0,0,0,0,0,0,0,0,0,0,0,0,0,0,0,1,0,0,0,0,0
banana republic factory,Social | Conversion | CVR Social Meta ASC Omni,2025-08-03,10103.96,137787.8211,16338.0566,0,0,0,0,0,0,0,0,0,0,0,0,0,0,0,0,0,0,0,0,0,0,0,0,0,0,0,0,0,0,0,0,0,0,0,0,0,0,0,0,0,0,0
banana republic factory,Social | Conversion | CVR Social Meta ASC Omni,2025-08-10,25250.87,232352.8986,27366.1036,0,0,0,0,0,0,0,0,0,0,0,0,0,0,0,0,0,0,0,0,0,0,0,0,0,0,0,0,0,0,0,0,0,0,0,0,0,0,0,0,0,0,0
banana republic factory,Social | Conversion | CVR Social Meta ASC Omni,2025-08-17,69915.93,1700252.3212,198440.1608,0,0,0,0,0,0,0,0,0,0,0,2,0,0,0,0,0,0,0,0,0,0,0,0,0,0,0,0,0,0,0,0,0,0,0,0,0,2,0,0,0,0,0
banana republic factory,Social | Conversion | CVR Social Meta ASC Omni,2025-08-24,70125.49,1284711.0068,151930.4388,0,0,0,0,0,0,0,0,0,0,0,1,2,0,0,0,0,0,0,0,0,0,0,0,0,0,0,0,0,0,0,0,0,0,0,0,0,1,0,2,0,0,0
banana republic factory,Social | Conversion | CVR Social Meta ASC Omni,2025-08-31,68213.2402,593769.4807,70773.7709,0,0,0,0,0,0,0,0,0,0,0,0,1,0,0,0,0,0,0,0,0,0,0,0,0,0,0,0,0,0,0,0,0,0,0,0,0,0,0,1,0,0,0
banana republic factory,Social | Conversion | CVR Social Meta ASC Omni,2025-09-07,49692.2501,1089450.9073,128687.2809,0,1,0,0,0,0,0,0,0,0,0,0,0,0,0,0,0,0,0,0,0,0,0,0,0,0,0,0,0,0,0,0,0,0,0,0,0,1,0,0,0,0,0
banana republic factory,Social | Conversion | CVR Social Meta ASC Omni,2025-09-14,65879.4001,1067686.9095,125320.8994,0,2,0,0,0,0,0,0,0,0,0,0,0,0,0,0,0,0,0,0,0,0,0,0,0,0,0,0,0,0,0,0,0,0,0,0,0,2,0,0,0,0,0
banana republic factory,Social | Conversion | CVR Social Meta ASC Omni,2025-09-21,44727.4901,642551.1997,75301.3782,0,1,0,0,0,0,0,0,0,0,0,0,0,0,0,0,0,0,0,0,0,0,0,0,0,0,0,0,0,0,0,0,0,0,0,0,0,1,0,0,0,0,0
banana republic factory,Social | Conversion | CVR Social Meta ASC Omni,2025-09-28,43109.9001,734470.7289,86022.0805,0,0,0,0,0,0,0,0,0,0,0,0,0,0,0,0,0,0,0,0,0,0,0,0,0,0,0,0,0,0,0,0,0,0,0,0,0,0,0,0,0,0,0
banana republic factory,Social | Conversion | CVR Social Meta ASC Omni,2025-10-05,74506.9201,590107.3066,69266.6517,0,0,0,0,0,0,0,0,0,0,0,0,0,2,0,0,0,0,0,0,0,0,0,0,0,0,0,0,0,0,0,0,0,0,0,0,0,2,0,0,0,0,0
banana republic factory,Social | Conversion | CVR Social Meta ASC Omni,2025-10-12,51671.1101,1159388.1074,136720.3678,0,0,0,0,0,0,0,0,0,0,0,0,0,1,0,0,0,0,0,0,0,0,0,0,0,0,0,0,0,0,0,0,0,0,0,0,0,1,0,0,0,0,0
banana republic factory,Social | Conversion | CVR Social Meta ASC Omni,2025-10-19,85241.6101,1071047.8201,125957.8708,0,0,0,0,0,1,0,0,0,0,0,0,0,0,0,0,0,0,0,0,0,0,0,0,0,0,0,0,0,0,0,0,0,0,0,0,0,0,0,0,1,0,0
banana republic factory,Social | Conversion | CVR Social Meta ASC Omni,2025-10-26,78589.2901,1094708.9489,127653.6598,0,0,0,0,0,2,0,0,0,0,0,0,0,0,1,0,0,0,0,0,0,0,0,0,0,0,0,0,0,0,0,0,0,0,0,0,0,1,0,0,2,0,0
banana republic factory,Social | Conversion | CVR Social Meta ASC Omni,2025-11-02,104790.5501,938463.9815,135421.3308,0,0,0,0,0,0,0,0,0,0,0,0,0,0,2,0,0,0,0,0,0,0,0,0,0,0,0,0,0,0,0,0,0,0,0,0,0,2,0,0,0,0,0
banana republic factory,Social | Conversion | CVR Social Meta ASC Omni,2025-11-09,76182.0002,618752.0018,91622.9897,0,0,0,0,0,0,0,0,0,0,0,0,0,0,1,0,0,0,0,0,0,0,0,0,0,0,0,0,0,0,0,0,0,0,0,0,0,1,0,0,0,0,0
banana republic factory,Social | Conversion | CVR Social Meta ASC Omni,2025-11-16,142274.2502,458922.5074,68671.6255,0,0,0,0,0,0,0,0,0,0,0,0,0,0,0,2,0,0,0,0,0,0,0,0,0,0,0,0,0,0,0,0,0,0,0,0,0,0,0,0,2,0,0
banana republic factory,Social | Conversion | CVR Social Meta ASC Omni,2025-11-23,300534.2801,707527.6448,106163.2218,0,0,0,0,0,0,0,0,0,0,0,0,0,0,0,1,2,0,0,0,0,0,0,0,0,0,0,0,0,0,0,0,0,0,0,0,0,0,0,0,2,0,0
banana republic factory,Social | Conversion | CVR Social Meta ASC Omni,2025-11-30,92614.85,1102009.2641,166889.2501,0,0,0,0,0,0,0,0,0,0,0,0,0,0,0,0,0,2,0,0,0,0,0,0,0,0,0,0,0,0,0,0,0,0,0,0,0,0,0,0,2,0,0
banana republic factory,Social | Conversion | CVR Social Meta ASC Omni,2025-12-07,87544.44,596241.5703,90359.3336,0,0,0,0,0,0,0,0,0,0,0,0,0,0,0,0,0,0,2,0,0,0,0,0,0,0,0,0,0,0,0,0,0,0,0,0,0,0,0,2,0,0,0
banana republic factory,Social | Conversion | CVR Social Meta ASC Omni,2025-12-14,48311.5901,473560.5595,71538.5463,0,0,0,0,0,0,0,0,0,0,0,0,0,0,0,0,0,0,2,1,0,0,0,0,0,0,0,0,0,0,0,0,0,0,0,0,0,1,0,2,0,0,0
banana republic factory,Social | Conversion | CVR Social Meta ASC Omni,2025-12-21,38531.7,589294.0615,89051.7487,0,0,0,0,0,0,0,0,0,0,0,0,0,0,0,0,0,0,0,2,1,0,0,0,0,0,0,0,0,0,0,0,0,0,0,0,0,2,0,0,0,0,0
banana republic factory,Social | Conversion | CVR Social Meta ASC Omni,2025-12-28,30600.6601,542431.9231,81829.0615,0,0,0,0,0,0,0,0,0,0,0,0,0,0,0,0,0,0,0,0,2,0,0,0,0,0,0,0,0,0,0,0,0,0,0,0,0,2,0,0,0,0,0
banana republic factory,Social | Conversion | CVR Social Meta ASC Omni,2026-01-04,20886.17,218601.5042,33000.7167,0,0,0,0,0,0,0,0,0,0,0,0,0,0,0,0,0,0,0,0,1,0,0,0,0,0,0,0,0,0,0,0,0,0,0,0,0,1,0,0,0,0,0
banana republic factory,Social | Conversion | CVR Social Meta ASC Omni,2026-01-11,19071.59,153026.9804,23137.5401,0,0,0,0,0,0,0,0,0,0,0,0,0,0,0,0,0,0,0,0,0,0,1,0,0,0,0,0,0,0,0,0,0,0,0,0,0,1,0,0,0,0,0
banana republic factory,Social | Conversion | CVR Social Meta ASC Omni,2026-01-18,18280.64,127049.4636,19303.3839,0,0,0,0,0,0,0,0,0,0,0,0,0,0,0,0,0,0,0,0,0,0,1,0,0,0,0,0,0,0,0,0,0,0,0,0,0,1,0,0,0,0,0
banana republic factory,Social | Conversion | CVR Social Meta ASC Omni,2026-01-25,17609.02,140114.7201,21514.7948,0,0,0,0,0,0,0,0,0,0,0,0,0,0,0,0,0,0,0,0,0,0,0,0,0,0,0,0,0,0,0,0,0,0,0,0,0,0,0,0,0,0,0
banana republic factory,Social | Conversion | CVR Social Meta ASC Omni,2026-02-01,25680.54,222981.603,33804.6841,0,0,0,0,0,0,0,0,0,0,0,0,0,0,0,0,0,0,0,0,0,0,0,0,0,0,0,0,0,0,0,0,0,0,0,0,0,0,0,0,0,0,0
banana republic factory,Social | Conversion | CVR Social Meta ASC Omni,2026-02-08,35139.99,244570.7657,37250.8044,2,0,0,0,0,0,0,0,0,0,0,0,0,0,0,0,0,0,0,0,0,0,0,0,0,0,0,0,0,0,0,0,0,0,0,0,0,2,0,0,0,0,0
banana republic factory,Social | Conversion | CVR Social Meta ASC Omni,2026-02-15,29488.02,238605.8265,36580.5987,1,0,0,0,0,0,0,0,0,0,0,0,0,0,0,0,0,0,0,0,0,0,0,0,0,0,0,0,0,0,0,0,0,0,0,0,0,1,0,0,0,0,0
banana republic factory,Social | Conversion | CVR Social Meta ASC Omni,2026-02-22,39668.56,189012.9391,28804.3852,0,0,0,0,0,0,0,0,0,0,0,0,0,0,0,0,0,0,0,0,0,1,0,0,0,0,0,0,0,0,0,0,0,0,0,0,0,1,0,0,0,0,0
banana republic factory,Social | Conversion | CVR Social Meta DABA,2025-02-02,12288.13,200632.5067,78042.2218,0,0,0,0,0,0,0,0,0,0,0,0,0,0,0,0,0,0,0,0,0,0,0,0,0,0,0,0,0,0,0,0,0,0,0,0,0,0,0,0,0,0,0
banana republic factory,Social | Conversion | CVR Social Meta DABA,2025-02-09,15357.55,267912.6301,104149.6568,2,0,0,0,0,0,0,0,0,0,0,0,0,0,0,0,0,0,0,0,0,0,0,0,0,0,0,0,0,0,0,0,0,0,0,0,0,2,0,0,0,0,0
banana republic factory,Social | Conversion | CVR Social Meta DABA,2025-02-16,15561.21,252120.4181,97270.5966,1,0,0,0,0,0,0,0,0,0,0,0,0,0,0,0,0,0,0,0,0,0,0,0,0,0,0,0,0,0,0,0,0,0,0,0,0,1,0,0,0,0,0
banana republic factory,Social | Conversion | CVR Social Meta DABA,2025-02-23,15845.19,270387.082,105238.8324,0,0,0,0,0,0,0,0,0,0,0,0,0,0,0,0,0,0,0,0,0,0,0,0,0,0,0,0,0,0,0,0,0,0,0,0,0,0,0,0,0,0,0
banana republic factory,Social | Conversion | CVR Social Meta DABA,2025-03-02,16875.33,348528.738,106247.0459,0,0,0,0,0,0,0,0,0,0,0,0,0,0,0,0,0,0,0,0,0,0,0,0,0,0,0,0,0,0,0,0,0,0,0,0,0,0,0,0,0,0,0
banana republic factory,Social | Conversion | CVR Social Meta DABA,2025-03-09,19111.3,420203.5883,125453.6819,0,0,0,0,0,0,0,0,0,0,0,0,0,0,0,0,0,0,0,0,0,0,0,0,0,0,0,0,0,0,0,0,0,0,0,0,0,0,0,0,0,0,0
banana republic factory,Social | Conversion | CVR Social Meta DABA,2025-03-16,19443.79,419567.8814,124832.736,0,0,0,0,0,0,0,0,0,0,0,0,0,0,0,0,0,0,0,0,0,0,0,0,0,0,0,0,0,0,0,0,0,0,0,0,0,0,0,0,0,0,0
banana republic factory,Social | Conversion | CVR Social Meta DABA,2025-03-23,25421.34,420973.8024,125516.666,0,2,0,0,0,0,0,0,0,0,0,0,0,0,0,0,0,0,0,0,0,0,0,0,0,0,0,0,0,0,0,0,0,0,0,0,0,2,0,0,0,0,0
banana republic factory,Social | Conversion | CVR Social Meta DABA,2025-03-30,18856.73,422248.8661,124887.348,0,1,0,0,0,0,0,0,0,0,0,0,0,0,0,0,0,0,0,0,0,0,0,0,0,0,0,0,0,0,0,0,0,0,0,0,0,1,0,0,0,0,0
banana republic factory,Social | Conversion | CVR Social Meta DABA,2025-04-06,33362.02,495544.8925,205058.5005,0,0,2,1,0,0,0,0,0,0,0,0,0,0,0,0,0,0,0,0,0,0,0,0,0,0,0,0,0,0,0,0,0,0,0,0,0,2,0,1,0,0,0
banana republic factory,Social | Conversion | CVR Social Meta DABA,2025-04-13,32725.37,559307.5667,238898.8985,0,0,0,2,0,0,0,0,0,0,0,0,0,0,0,0,0,0,0,0,0,0,0,0,0,0,0,0,0,0,0,0,0,0,0,0,0,0,0,2,0,0,0
banana republic factory,Social | Conversion | CVR Social Meta DABA,2025-04-20,31615.67,574975.1352,244594.513,0,0,0,1,0,0,0,0,0,0,0,0,0,0,0,0,0,0,0,0,0,0,0,0,0,0,0,0,0,0,0,0,0,0,0,0,0,0,0,1,0,0,0
banana republic factory,Social | Conversion | CVR Social Meta DABA,2025-04-27,73381.31,1148306.6189,489810.3661,0,0,0,0,0,1,0,0,0,0,0,0,0,0,0,0,0,0,0,0,0,0,0,0,0,0,0,0,0,0,0,0,0,0,0,0,0,0,0,0,1,0,0
banana republic factory,Social | Conversion | CVR Social Meta DABA,2025-05-04,53888.26,834985.096,355121.1061,0,0,0,0,0,2,0,0,0,0,0,0,0,0,0,0,0,0,0,0,0,0,0,0,0,0,0,0,0,0,0,0,0,0,0,0,0,0,0,0,2,0,0
banana republic factory,Social | Conversion | CVR Social Meta DABA,2025-05-11,59919.8,834731.1739,355432.9018,0,0,0,0,0,0,1,0,0,0,0,0,0,0,0,0,0,0,0,0,0,1,0,0,0,0,0,0,0,0,0,0,0,0,0,0,0,1,0,0,0,0,0
banana republic factory,Social | Conversion | CVR Social Meta DABA,2025-05-18,60798.26,796634.0916,340583.1569,0,0,0,0,0,0,1,2,0,0,0,0,0,0,0,0,0,0,0,0,0,0,0,0,0,0,0,0,0,0,0,0,0,0,0,0,0,1,0,2,0,0,0
banana republic factory,Social | Conversion | CVR Social Meta DABA,2025-05-25,75574.17,1008344.8394,433702.0603,0,0,0,0,0,0,0,2,0,0,0,0,0,0,0,0,0,0,0,0,0,0,0,0,0,0,0,0,0,0,0,0,0,0,0,0,0,0,0,2,0,0,0
banana republic factory,Social | Conversion | CVR Social Meta DABA,2025-06-01,44925.32,701622.3248,334699.2949,0,0,0,0,0,0,0,1,0,0,0,0,0,0,0,0,0,0,0,0,0,0,0,0,0,0,0,0,0,0,0,0,0,0,0,0,0,0,0,1,0,0,0
banana republic factory,Social | Conversion | CVR Social Meta DABA,2025-06-08,39914.23,579350.1737,279867.701,0,0,0,0,0,0,0,0,0,0,0,0,0,0,0,0,0,0,0,0,0,0,0,0,0,0,0,0,0,0,0,0,0,0,0,0,0,0,0,0,0,0,0
banana republic factory,Social | Conversion | CVR Social Meta DABA,2025-06-15,46196.08,678885.2133,327969.6816,0,0,0,0,0,0,0,0,1,0,0,0,0,0,0,0,0,0,0,0,0,0,0,0,0,0,0,0,0,0,0,0,0,0,0,0,0,1,0,0,0,0,0
banana republic factory,Social | Conversion | CVR Social Meta DABA,2025-06-22,62554.45,868718.1291,418215.6541,0,0,0,0,0,0,0,0,2,1,0,0,0,0,0,0,0,0,0,0,0,0,0,0,0,0,0,0,0,0,0,0,0,0,0,0,0,2,0,1,0,0,0
banana republic factory,Social | Conversion | CVR Social Meta DABA,2025-06-29,87136.4001,1213958.2452,587768.0769,0,0,0,0,0,0,0,0,0,2,0,0,0,0,0,0,0,0,0,0,0,0,0,0,0,0,0,0,0,0,0,0,0,0,0,0,0,0,0,2,0,0,0
banana republic factory,Social | Conversion | CVR Social Meta DABA,2025-07-06,48624.37,667893.0509,287005.4546,0,0,0,0,0,0,0,0,0,1,2,0,0,0,0,0,0,0,0,0,0,0,0,0,0,0,0,0,0,0,0,0,0,0,0,0,0,0,0,1,2,0,0
banana republic factory,Social | Conversion | CVR Social Meta DABA,2025-07-13,49905.35,645366.8025,275171.7825,0,0,0,0,0,0,0,0,0,0,1,0,0,0,0,0,0,0,0,0,0,0,0,0,0,0,0,0,0,0,0,0,0,0,0,0,0,0,0,0,1,0,0
banana republic factory,Social | Conversion | CVR Social Meta DABA,2025-07-20,48086.26,637008.5766,272847.1284,0,0,0,0,0,0,0,0,0,0,0,0,0,0,0,0,0,0,0,0,0,0,0,0,0,0,0,0,0,0,0,0,0,0,0,0,0,0,0,0,0,0,0
banana republic factory,Social | Conversion | CVR Social Meta DABA,2025-07-27,50703.98,628870.37,268255.7352,0,0,0,0,0,0,0,0,0,0,0,0,0,0,0,0,0,0,0,0,0,1,0,0,0,0,0,0,0,0,0,0,0,0,0,0,0,1,0,0,0,0,0
banana republic factory,Social | Conversion | CVR Social Meta DABA,2025-08-03,38454.08,507849.622,217150.8536,0,0,0,0,0,0,0,0,0,0,0,0,0,0,0,0,0,0,0,0,0,0,0,0,0,0,0,0,0,0,0,0,0,0,0,0,0,0,0,0,0,0,0
banana republic factory,Social | Conversion | CVR Social Meta DABA,2025-08-10,25493.89,354376.0609,151247.0952,0,0,0,0,0,0,0,0,0,0,0,0,0,0,0,0,0,0,0,0,0,0,0,0,0,0,0,0,0,0,0,0,0,0,0,0,0,0,0,0,0,0,0
banana republic factory,Social | Conversion | CVR Social Meta DPA,2025-02-02,35233.97,368644.8682,120483.0647,0,0,0,0,0,0,0,0,0,0,0,0,0,0,0,0,0,0,0,0,0,0,0,0,0,0,0,0,0,0,0,0,0,0,0,0,0,0,0,0,0,0,0
banana republic factory,Social | Conversion | CVR Social Meta DPA,2025-02-09,50315.6,497784.1259,167632.3578,2,0,0,0,0,0,0,0,0,0,0,0,0,0,0,0,0,0,0,0,0,0,0,0,0,0,0,0,0,0,0,0,0,0,0,0,0,2,0,0,0,0,0
banana republic factory,Social | Conversion | CVR Social Meta DPA,2025-02-16,47874.38,450526.7074,151886.2784,1,0,0,0,0,0,0,0,0,0,0,0,0,0,0,0,0,0,0,0,0,0,0,0,0,0,0,0,0,0,0,0,0,0,0,0,0,1,0,0,0,0,0
banana republic factory,Social | Conversion | CVR Social Meta DPA,2025-02-23,39097.63,399096.0101,135070.7389,0,0,0,0,0,0,0,0,0,0,0,0,0,0,0,0,0,0,0,0,0,0,0,0,0,0,0,0,0,0,0,0,0,0,0,0,0,0,0,0,0,0,0
banana republic factory,Social | Conversion | CVR Social Meta DPA,2025-03-02,47182.09,498127.7587,152425.3336,0,0,0,0,0,0,0,0,0,0,0,0,0,0,0,0,0,0,0,0,0,0,0,0,0,0,0,0,0,0,0,0,0,0,0,0,0,0,0,0,0,0,0
banana republic factory,Social | Conversion | CVR Social Meta DPA,2025-03-09,53506.22,552905.3388,167254.2196,0,0,0,0,0,0,0,0,0,0,0,0,0,0,0,0,0,0,0,0,0,0,0,0,0,0,0,0,0,0,0,0,0,0,0,0,0,0,0,0,0,0,0
banana republic factory,Social | Conversion | CVR Social Meta DPA,2025-03-16,67924.63,634703.9202,191611.9784,0,0,0,0,0,0,0,0,0,0,0,0,0,0,0,0,0,0,0,0,0,0,0,0,0,0,0,0,0,0,0,0,0,0,0,0,0,0,0,0,0,0,0
banana republic factory,Social | Conversion | CVR Social Meta DPA,2025-03-23,95338.77,861827.3438,260851.428,0,2,0,0,0,0,0,0,0,0,0,0,0,0,0,0,0,0,0,0,0,0,0,0,0,0,0,0,0,0,0,0,0,0,0,0,0,2,0,0,0,0,0
banana republic factory,Social | Conversion | CVR Social Meta DPA,2025-03-30,68566.01,739328.187,222766.7912,0,1,0,0,0,0,0,0,0,0,0,0,0,0,0,0,0,0,0,0,0,0,0,0,0,0,0,0,0,0,0,0,0,0,0,0,0,1,0,0,0,0,0
banana republic factory,Social | Conversion | CVR Social Meta DPA,2025-04-06,98606.02,745369.8885,314995.6013,0,0,2,1,0,0,0,0,0,0,0,0,0,0,0,0,0,0,0,0,0,0,0,0,0,0,0,0,0,0,0,0,0,0,0,0,0,2,0,1,0,0,0
banana republic factory,Social | Conversion | CVR Social Meta DPA,2025-04-13,87412.3,654998.2177,286268.2342,0,0,0,2,0,0,0,0,0,0,0,0,0,0,0,0,0,0,0,0,0,0,0,0,0,0,0,0,0,0,0,0,0,0,0,0,0,0,0,2,0,0,0
banana republic factory,Social | Conversion | CVR Social Meta DPA,2025-04-20,61143.0201,453958.5241,198515.0151,0,0,0,1,0,0,0,0,0,0,0,0,0,0,0,0,0,0,0,0,0,0,0,0,0,0,0,0,0,0,0,0,0,0,0,0,0,0,0,1,0,0,0
banana republic factory,Social | Conversion | CVR Social Meta DPA,2025-04-27,125026.9301,624981.4964,274521.2416,0,0,0,0,0,1,0,0,0,0,0,0,0,0,0,0,0,0,0,0,0,0,0,0,0,0,0,0,0,0,0,0,0,0,0,0,0,0,0,0,1,0,0
banana republic factory,Social | Conversion | CVR Social Meta DPA,2025-05-04,44013.06,286503.111,125816.4389,0,0,0,0,0,2,0,0,0,0,0,0,0,0,0,0,0,0,0,0,0,0,0,0,0,0,0,0,0,0,0,0,0,0,0,0,0,0,0,0,2,0,0
banana republic factory,Social | Conversion | CVR Social Meta DPA,2025-05-11,60174.0,318397.5489,139850.4082,0,0,0,0,0,0,1,0,0,0,0,0,0,0,0,0,0,0,0,0,0,1,0,0,0,0,0,0,0,0,0,0,0,0,0,0,0,1,0,0,0,0,0
banana republic factory,Social | Conversion | CVR Social Meta DPA,2025-05-18,66546.87,336352.4925,147973.3394,0,0,0,0,0,0,1,2,0,0,0,0,0,0,0,0,0,0,0,0,0,0,0,0,0,0,0,0,0,0,0,0,0,0,0,0,0,1,0,2,0,0,0
banana republic factory,Social | Conversion | CVR Social Meta DPA,2025-05-25,45805.86,254863.6318,112446.6463,0,0,0,0,0,0,0,2,0,0,0,0,0,0,0,0,0,0,0,0,0,0,0,0,0,0,0,0,0,0,0,0,0,0,0,0,0,0,0,2,0,0,0
banana republic factory,Social | Conversion | CVR Social Meta DPA,2025-06-01,28275.35,221409.4789,76940.0705,0,0,0,0,0,0,0,1,0,0,0,0,0,0,0,0,0,0,0,0,0,0,0,0,0,0,0,0,0,0,0,0,0,0,0,0,0,0,0,1,0,0,0
banana republic factory,Social | Conversion | CVR Social Meta DPA,2025-06-08,21494.7,172159.4614,57784.2211,0,0,0,0,0,0,0,0,0,0,0,0,0,0,0,0,0,0,0,0,0,0,0,0,0,0,0,0,0,0,0,0,0,0,0,0,0,0,0,0,0,0,0
banana republic factory,Social | Conversion | CVR Social Meta DPA,2025-06-15,24692.28,198316.6166,66352.6214,0,0,0,0,0,0,0,0,1,0,0,0,0,0,0,0,0,0,0,0,0,0,0,0,0,0,0,0,0,0,0,0,0,0,0,0,0,1,0,0,0,0,0
banana republic factory,Social | Conversion | CVR Social Meta DPA,2025-06-22,33659.9401,255678.9498,85181.9036,0,0,0,0,0,0,0,0,2,1,0,0,0,0,0,0,0,0,0,0,0,0,0,0,0,0,0,0,0,0,0,0,0,0,0,0,0,2,0,1,0,0,0
banana republic factory,Social | Conversion | CVR Social Meta DPA,2025-06-29,41400.5701,298110.6894,99919.6669,0,0,0,0,0,0,0,0,0,2,0,0,0,0,0,0,0,0,0,0,0,0,0,0,0,0,0,0,0,0,0,0,0,0,0,0,0,0,0,2,0,0,0
banana republic factory,Social | Conversion | CVR Social Meta DPA,2025-07-06,20509.67,128847.4124,56719.3699,0,0,0,0,0,0,0,0,0,1,2,0,0,0,0,0,0,0,0,0,0,0,0,0,0,0,0,0,0,0,0,0,0,0,0,0,0,0,0,1,2,0,0
banana republic factory,Social | Conversion | CVR Social Meta DPA,2025-07-13,18619.8,117864.3703,51485.7716,0,0,0,0,0,0,0,0,0,0,1,0,0,0,0,0,0,0,0,0,0,0,0,0,0,0,0,0,0,0,0,0,0,0,0,0,0,0,0,0,1,0,0
banana republic factory,Social | Conversion | CVR Social Meta DPA,2025-07-20,18341.7,117409.7834,51399.5604,0,0,0,0,0,0,0,0,0,0,0,0,0,0,0,0,0,0,0,0,0,0,0,0,0,0,0,0,0,0,0,0,0,0,0,0,0,0,0,0,0,0,0
banana republic factory,Social | Conversion | CVR Social Meta DPA,2025-07-27,23994.5,157112.3901,68876.5924,0,0,0,0,0,0,0,0,0,0,0,0,0,0,0,0,0,0,0,0,0,1,0,0,0,0,0,0,0,0,0,0,0,0,0,0,0,1,0,0,0,0,0
banana republic factory,Social | Conversion | CVR Social Meta DPA,2025-08-03,13523.9,101024.8773,44397.6845,0,0,0,0,0,0,0,0,0,0,0,0,0,0,0,0,0,0,0,0,0,0,0,0,0,0,0,0,0,0,0,0,0,0,0,0,0,0,0,0,0,0,0
banana republic factory,Social | Conversion | CVR Social Meta DPA,2025-08-10,8991.08,68251.0493,29818.7122,0,0,0,0,0,0,0,0,0,0,0,0,0,0,0,0,0,0,0,0,0,0,0,0,0,0,0,0,0,0,0,0,0,0,0,0,0,0,0,0,0,0,0
banana republic,Affiliates | Consideration | Aff Content,2025-05-04,33070.96,218413.57,88052.0,0,0,0,0,0,0,0,0,0,0,0,0,0,0,0,0,0,0,0,0,0,0,0,0,0,0,0,0,0,0,0,0,0,0,0,0,0,0,0,0,0,0,0
banana republic,Affiliates | Consideration | Aff Content,2025-05-11,35298.67,258936.68,97515.0,0,0,0,0,0,0,0,0,0,0,0,0,0,0,0,0,0,0,0,0,0,0,0,0,0,0,0,0,0,0,0,0,0,0,0,0,0,0,0,0,0,0,0
banana republic,Affiliates | Consideration | Aff Content,2025-05-18,38541.76,263891.69,103692.0,0,0,0,0,0,0,0,0,0,0,0,0,0,0,0,0,0,0,0,0,0,0,0,0,1,0,0,0,0,0,0,0,0,0,0,0,0,0,0,0,0,0,1
banana republic,Affiliates | Consideration | Aff Content,2025-05-25,38554.49,265505.21,90449.0,0,0,0,0,0,0,0,0,0,0,0,0,0,0,0,0,0,0,0,0,0,0,0,0,1,0,0,0,0,0,0,0,0,0,0,0,0,0,0,0,0,0,1
banana republic,Affiliates | Consideration | Aff Content,2025-06-01,37186.85,182437.52,69795.0,0,0,0,0,0,0,0,0,0,0,0,0,0,0,0,0,0,0,0,0,0,0,0,0,0,0,0,0,0,0,0,0,0,0,0,0,0,0,0,0,0,0,0
banana republic,Affiliates | Consideration | Aff Content,2025-06-08,33649.55,151006.15,68135.0,0,0,0,0,0,0,0,0,0,0,0,0,0,0,0,0,0,0,0,0,0,0,0,0,0,0,0,0,0,0,0,0,0,0,0,0,0,0,0,0,0,0,0
banana republic,Affiliates | Consideration | Aff Content,2025-06-15,36290.54,169872.84,87797.0,0,0,0,0,0,0,0,0,0,0,0,0,0,0,0,0,0,0,0,0,0,0,0,0,0,0,0,0,0,0,0,0,0,0,0,0,0,0,0,0,0,0,0
banana republic,Affiliates | Consideration | Aff Content,2025-06-22,38366.76,189185.02,84859.0,0,0,0,0,0,0,0,0,0,0,0,0,0,0,0,0,0,0,0,0,0,0,0,0,0,1,0,0,0,0,0,0,0,0,0,0,0,0,0,0,1,0,0
banana republic,Affiliates | Consideration | Aff Content,2025-06-29,37921.51,201735.09,77306.0,0,0,0,0,0,0,0,0,0,0,0,0,0,0,0,0,0,0,0,0,0,0,0,0,0,1,2,0,0,0,0,0,0,0,0,0,0,0,0,0,2,0,0
banana republic,Affiliates | Consideration | Aff Content,2025-07-06,36585.15,165139.18,67847.0,0,0,0,0,0,0,0,0,0,0,0,0,0,0,0,0,0,0,0,0,0,0,0,0,0,0,2,1,0,0,0,0,0,0,0,0,0,0,0,0,2,0,0
banana republic,Affiliates | Consideration | Aff Content,2025-07-13,40575.56,202471.91,91752.0,0,0,0,0,0,0,0,0,0,0,0,0,0,0,0,0,0,0,0,0,0,0,0,0,0,0,0,2,0,0,0,0,0,0,0,0,0,0,0,0,2,0,0
banana republic,Affiliates | Consideration | Aff Content,2025-07-20,38471.94,169297.72,80076.0,0,0,0,0,0,0,0,0,0,0,0,0,0,0,0,0,0,0,0,0,0,0,0,0,0,0,0,1,2,0,0,0,0,0,0,0,0,0,0,0,2,0,0
banana republic,Affiliates | Consideration | Aff Content,2025-07-27,37226.35,160097.52000000002,72006.0,0,0,0,0,0,0,0,0,0,0,0,0,0,0,0,0,0,0,0,0,0,0,0,0,0,0,0,0,2,0,0,0,0,0,0,0,0,0,0,0,2,0,0
banana republic,Affiliates | Consideration | Aff Content,2025-08-03,35275.91,149094.91999999998,69374.0,0,0,0,0,0,0,0,0,0,0,0,0,0,0,0,0,0,0,0,0,0,0,0,0,0,0,0,0,1,0,0,0,0,0,0,0,0,0,0,0,1,0,0
banana republic,Affiliates | Consideration | Aff Content,2025-08-10,35910.85,155322.13999999998,70647.0,0,0,0,0,0,0,0,0,0,0,0,0,0,0,0,0,0,0,0,0,0,0,0,0,0,0,0,0,0,0,0,0,0,0,0,0,0,0,0,0,0,0,0
banana republic,Affiliates | Consideration | Aff Content,2025-08-17,39328.11,181593.14,108385.0,0,0,0,0,0,0,0,0,0,0,0,0,0,0,0,0,0,0,0,0,0,0,0,0,0,0,0,0,0,0,0,0,0,0,0,0,0,0,0,0,0,0,0
banana republic,Affiliates | Consideration | Aff Content,2025-08-24,45088.28,221969.63,103171.0,0,0,0,0,0,0,0,0,0,0,0,0,0,0,0,0,0,0,0,0,0,0,0,0,0,0,0,0,0,0,0,0,0,0,0,1,0,1,0,0,0,0,0
banana republic,Affiliates | Consideration | Aff Content,2025-08-31,54017.37,242186.88,106766.0,0,0,0,0,0,0,0,0,0,0,0,0,0,0,0,0,0,0,0,0,0,0,0,0,0,0,0,0,0,0,0,0,0,0,0,1,0,1,0,0,0,0,0
banana republic,Affiliates | Consideration | Aff Content,2025-09-07,71427.48999999999,359596.98,110650.0,0,1,0,0,0,0,0,0,0,0,0,0,0,0,0,0,0,0,0,0,0,0,0,0,0,0,0,0,0,0,0,0,0,0,0,0,0,0,1,0,0,0,0
banana republic,Affiliates | Consideration | Aff Content,2025-09-14,101636.9,629194.43,172583.0,0,2,0,0,0,0,0,0,0,0,0,0,0,0,0,0,0,0,0,0,0,0,0,0,0,0,0,0,0,0,0,0,0,0,0,0,0,0,2,0,0,0,0
banana republic,Affiliates | Consideration | Aff Content,2025-09-21,64596.22,294188.83,92698.0,0,1,0,0,0,0,0,0,0,0,0,0,0,0,0,0,0,0,0,0,0,0,0,0,0,0,0,0,0,0,0,0,0,0,0,0,0,0,1,0,0,0,0
banana republic,Affiliates | Consideration | Aff Content,2025-09-28,53840.21,170000.28,71435.0,0,0,0,0,0,0,0,0,0,0,0,0,0,0,0,0,0,0,0,0,0,0,0,0,0,0,0,0,0,0,0,0,0,0,0,0,0,0,0,0,0,0,0
banana republic,Affiliates | Consideration | Aff Content,2025-10-05,51397.229999999996,194087.71,80254.0,0,0,0,0,0,0,0,0,0,0,0,0,0,0,0,0,0,0,0,0,0,0,0,0,0,0,0,0,0,0,0,0,0,0,0,0,0,0,0,0,0,0,0
banana republic,Affiliates | Consideration | Aff Content,2025-10-12,51425.94,182153.82,84610.0,0,0,0,0,0,0,0,0,0,0,0,0,0,0,0,0,0,0,0,0,0,0,0,0,0,0,0,0,0,0,0,0,0,0,0,0,0,0,0,0,0,0,0
banana republic,Affiliates | Consideration | Aff Content,2025-10-19,52207.85,185153.26,83082.0,0,0,0,0,0,0,0,0,0,0,0,0,0,0,0,0,0,0,0,0,0,0,0,0,0,0,0,0,0,0,0,0,0,0,0,0,0,0,0,0,0,0,0
banana republic,Affiliates | Consideration | Aff Content,2025-10-26,57865.380000000005,259724.36,105143.0,0,0,0,0,0,0,0,0,0,0,0,0,0,0,0,0,0,0,0,0,0,0,0,0,0,0,0,0,0,0,0,0,0,0,0,0,0,0,0,0,0,0,0
banana republic,Affiliates | Consideration | Aff Content,2025-11-02,96721.66,455780.65,130912.0,0,0,0,0,0,0,0,0,0,0,0,0,0,0,2,0,0,0,0,0,0,0,0,0,0,0,0,0,0,0,0,0,0,0,0,0,0,0,2,0,0,0,0
banana republic,Affiliates | Consideration | Aff Content,2025-11-09,81991.25,330587.39999999997,115111.0,0,0,0,0,0,0,0,0,0,0,0,0,0,0,1,0,0,0,0,0,0,0,0,0,0,0,0,0,0,0,0,0,0,0,0,0,0,0,1,0,0,0,0
banana republic,Affiliates | Consideration | Aff Content,2025-11-16,59202.020000000004,154178.43,72373.0,0,0,0,0,0,0,0,0,0,0,0,0,0,0,0,0,0,0,0,0,0,0,0,0,0,0,0,0,0,0,0,0,0,0,0,0,0,0,0,0,0,0,0
banana republic,Affiliates | Consideration | Aff Content,2025-11-23,114982.12,619531.87,143430.0,0,0,0,0,0,0,0,0,0,0,0,0,0,0,0,0,0,0,0,0,0,0,0,0,0,0,0,0,0,2,0,0,0,0,0,0,0,0,2,0,0,0,0
banana republic,Affiliates | Consideration | Aff Content,2025-11-30,79677.28,447950.39,123505.0,0,0,0,0,0,0,0,0,0,0,0,0,0,0,0,0,0,2,0,0,0,0,0,0,0,0,0,0,0,0,0,0,0,0,0,0,0,0,2,0,0,0,0
banana republic,Affiliates | Consideration | Aff Content,2025-12-07,54976.479999999996,259541.0,91836.0,0,0,0,0,0,0,0,0,0,0,0,0,0,0,0,0,0,0,0,0,0,0,0,0,0,0,0,0,0,0,2,0,0,0,0,0,0,0,2,0,0,0,0
banana republic,Affiliates | Consideration | Aff Content,2025-12-14,43683.42,161268.24,70117.0,0,0,0,0,0,0,0,0,0,0,0,0,0,0,0,0,0,0,0,0,0,0,0,0,0,0,0,0,0,0,1,0,0,0,0,0,2,2,1,0,0,0,0
banana republic,Affiliates | Consideration | Aff Content,2025-12-21,37012.66,102079.2,50664.0,0,0,0,0,0,0,0,0,0,0,0,0,0,0,0,0,0,0,0,0,0,0,0,0,0,0,0,0,0,0,0,1,0,0,0,0,2,2,0,0,1,0,0
banana republic,Affiliates | Consideration | Aff Content,2025-12-28,45157.53,155941.63,92628.0,0,0,0,0,0,0,0,0,0,0,0,0,0,0,0,0,0,0,0,0,0,0,0,0,0,0,0,0,0,0,0,2,0,0,0,0,0,0,0,0,2,0,0
banana republic,Affiliates | Consideration | Aff Content,2026-01-04,15834.16,120697.68,67603.0,0,0,0,0,0,0,0,0,0,0,0,0,0,0,0,0,0,0,0,0,0,0,0,0,0,0,0,0,0,0,0,1,2,0,0,0,0,0,0,0,2,0,0
banana republic,Affiliates | Consideration | Aff Content,2026-01-11,16833.81,141209.28,62341.0,0,0,0,0,0,0,0,0,0,0,0,0,0,0,0,0,0,0,0,0,0,0,0,0,0,0,0,0,0,0,0,0,1,2,0,0,0,0,0,0,2,0,0
banana republic,Affiliates | Consideration | Aff Content,2026-01-18,15271.42,143346.17,56963.0,0,0,0,0,0,0,0,0,0,0,0,0,0,0,0,0,0,0,0,0,0,0,0,0,0,0,0,0,0,0,0,0,0,2,0,0,0,0,0,0,2,0,0
banana republic,Affiliates | Consideration | Aff Content,2026-01-25,14321.36,130557.83,58629.0,0,0,0,0,0,0,0,0,0,0,0,0,0,0,0,0,0,0,0,0,0,0,0,0,0,0,0,0,0,0,0,0,0,0,0,0,0,0,0,0,0,0,0
banana republic,Affiliates | Consideration | Aff Content,2026-02-01,20725.04,124746.04,59067.0,0,0,0,0,0,0,0,0,0,0,0,0,0,0,0,0,0,0,0,0,0,0,0,0,0,0,0,0,0,0,0,0,0,0,0,0,0,0,0,0,0,0,0
banana republic,Affiliates | Consideration | Aff Content,2026-02-08,20948.12,123594.5,47873.0,0,0,0,0,0,0,0,0,0,0,0,0,0,0,0,0,0,0,0,0,0,0,0,0,0,0,0,0,0,0,0,0,0,0,0,0,0,0,0,0,0,0,0
banana republic,Affiliates | Consideration | Aff Content,2026-02-15,27709.96,171295.18,74409.0,0,0,0,0,0,0,0,0,0,0,0,0,0,0,0,0,0,0,0,0,0,0,0,0,0,0,0,0,0,0,0,0,0,0,0,0,0,0,0,0,0,0,0
banana republic,Affiliates | Consideration | Aff Content,2026-02-22,26206.1,167344.63,71637.0,0,0,0,0,0,0,0,0,0,0,0,0,0,0,0,0,0,0,0,0,0,0,0,0,0,0,0,0,0,0,0,0,0,0,0,0,0,0,0,0,0,0,0
banana republic,Affiliates | Consideration | Aff Content,2026-03-01,45241.37,177518.55,83652.0,0,0,0,0,0,0,0,0,0,0,0,0,0,0,0,0,0,0,0,0,0,0,0,0,0,0,0,0,0,0,0,0,0,0,0,0,0,0,0,0,0,0,0
banana republic,Affiliates | Consideration | Aff Content,2026-03-08,72090.74,379245.67,120371.0,0,1,0,0,0,0,0,0,0,0,0,0,0,0,0,0,0,0,0,0,0,0,0,0,0,0,0,0,0,0,0,0,0,0,0,0,0,0,1,0,0,0,0
banana republic,Affiliates | Consideration | Aff Content,2026-03-15,104773.47,605716.9400000001,157503.0,0,2,0,0,0,0,0,0,0,0,0,0,0,0,0,0,0,0,0,0,0,0,0,0,0,0,0,0,0,0,0,0,0,0,0,0,0,0,2,0,0,0,0
banana republic,Affiliates | Consideration | Aff Content,2026-03-22,50978.4,260839.66,90722.0,0,1,0,0,0,0,0,0,0,0,0,0,0,0,0,0,0,0,0,0,0,0,0,0,0,0,0,0,0,0,0,0,0,0,0,0,0,0,1,0,0,0,0
banana republic,Affiliates | Consideration | Aff Content,2026-03-29,47126.6,221963.44,89638.0,0,0,0,0,0,0,0,0,0,0,0,0,0,0,0,0,0,0,0,0,0,0,0,0,0,0,0,0,0,0,0,0,0,0,1,0,0,0,0,0,0,0,1
banana republic,Affiliates | Consideration | Aff Content,2026-04-05,46375.24,214350.12,85804.0,0,0,0,0,0,0,0,0,0,0,0,0,0,0,0,0,0,0,0,0,0,0,0,0,0,0,0,0,0,0,0,0,0,0,1,0,0,0,0,0,0,0,1
banana republic,Affiliates | Consideration | Aff Content,2026-04-12,46341.37,239112.34,72974.0,0,0,0,0,0,0,0,0,0,0,0,0,0,0,0,0,0,0,0,0,0,0,0,0,0,0,0,0,0,0,0,0,0,0,0,0,0,0,0,0,0,0,0
banana republic,Affiliates | Consideration | Aff Content,2026-04-19,58955.44,313763.95,92462.0,0,0,0,0,0,0,0,0,0,0,0,0,0,0,0,0,0,0,0,0,0,0,0,0,0,0,0,0,0,0,0,0,0,0,0,0,0,0,0,0,0,0,0
banana republic,Affiliates | Consideration | Aff Content,2026-04-26,47468.65,244038.44999999998,79884.0,0,0,0,0,0,0,0,0,0,0,0,0,0,0,0,0,0,0,0,0,0,0,0,0,0,0,0,0,0,0,0,0,0,0,0,0,0,0,0,0,0,0,0
banana republic,Affiliates | Consideration | Aff Content,2026-05-03,36498.79,191639.61,66168.0,0,0,0,0,0,0,0,0,0,0,0,0,0,0,0,0,0,0,0,0,0,0,0,0,0,0,0,0,0,0,0,0,0,0,0,0,0,0,0,0,0,0,0
banana republic,Affiliates | Consideration | Aff Content,2026-05-10,37332.58,169000.32,68737.0,0,0,0,0,0,0,0,0,0,0,0,0,0,0,0,0,0,0,0,0,0,0,0,0,0,0,0,0,0,0,0,0,0,0,0,0,0,0,0,0,0,0,0
banana republic,Affiliates | Consideration | Aff Content,2026-05-17,58578.69,246393.30000000002,90834.0,0,0,0,0,0,0,0,0,0,0,0,0,0,0,0,0,0,0,0,0,0,0,0,0,1,0,0,0,0,0,0,0,0,0,0,0,0,0,0,0,0,0,1
banana republic,Affiliates | Consideration | Aff Content,2026-05-24,65906.09,331917.03,112946.0,0,0,0,0,0,0,0,0,0,0,0,0,0,0,0,0,0,0,0,0,0,0,0,0,1,0,0,0,0,0,0,0,0,0,0,0,0,0,0,0,0,0,1
banana republic,Affiliates | Consideration | Aff Content,2026-05-31,37361.71,185279.0,77628.0,0,0,0,0,0,0,0,0,0,0,0,0,0,0,0,0,0,0,0,0,0,0,0,0,0,0,0,0,0,0,0,0,0,0,0,0,0,0,0,0,0,0,0
banana republic,Affiliates | Consideration | Aff Content,2026-06-07,32963.28,163072.29,73688.0,0,0,0,0,0,0,0,0,0,0,0,0,0,0,0,0,0,0,0,0,0,0,0,0,0,0,0,0,0,0,0,0,0,0,0,0,0,0,0,0,0,0,0
banana republic,Affiliates | Consideration | Aff Content,2026-06-14,33329.18,154389.91,69231.0,0,0,0,0,0,0,0,0,0,0,0,0,0,0,0,0,0,0,0,0,0,0,0,0,0,0,0,0,0,0,0,0,0,0,0,0,0,0,0,0,0,0,0
banana republic,Affiliates | Consideration | Aff Content,2026-06-21,32792.98,156894.85,71086.0,0,0,0,0,0,0,0,0,0,0,0,0,0,0,0,0,0,0,0,0,0,0,0,0,0,1,0,0,0,0,0,0,0,0,0,0,0,0,0,0,1,0,0
banana republic,Affiliates | Consideration | Aff Content,2026-06-28,45768.26,175247.65,78846.0,0,0,0,0,0,0,0,0,0,0,0,0,0,0,0,0,0,0,0,0,0,0,0,0,0,1,2,0,0,0,0,0,0,0,0,0,0,0,0,0,2,0,0
banana republic,Affiliates | Consideration | Aff Content,2026-07-05,39524.34,140961.53,70937.0,0,0,0,0,0,0,0,0,0,0,0,0,0,0,0,0,0,0,0,0,0,0,0,0,0,0,2,1,0,0,0,0,0,0,0,0,0,0,0,0,2,0,0
banana republic,Affiliates | Consideration | Aff Content,2026-07-12,40272.42,135305.31,54997.0,0,0,0,0,0,0,0,0,0,0,0,0,0,0,0,0,0,0,0,0,0,0,0,0,0,0,0,2,0,0,0,0,0,0,0,0,0,0,0,0,2,0,0
banana republic,Affiliates | Consideration | Aff Content,2026-07-19,39247.85,137715.45,69042.0,0,0,0,0,0,0,0,0,0,0,0,0,0,0,0,0,0,0,0,0,0,0,0,0,0,0,0,1,2,0,0,0,0,0,0,0,0,0,0,0,2,0,0
banana republic,Affiliates | Consideration | Aff Content,2026-07-26,53636.64,228711.84,95414.0,0,0,0,0,0,0,0,0,0,0,0,0,0,0,0,0,0,0,0,0,0,1,0,0,0,0,0,0,1,0,0,0,0,0,0,0,0,0,0,0,1,0,1
banana republic,Affiliates | Consideration | Aff Content,2026-08-02,33255.43,123836.73000000001,81760.0,0,0,0,0,0,0,0,0,0,0,0,0,0,0,0,0,0,0,0,0,0,0,0,0,0,0,0,0,0,0,0,0,0,0,0,0,0,0,0,0,0,0,0
banana republic,Affiliates | Consideration | Aff Content,2026-08-09,32068.11,106172.51999999999,53666.0,0,0,0,0,0,0,0,0,0,0,0,0,0,0,0,0,0,0,0,0,0,0,0,0,0,0,0,0,0,0,0,0,0,0,0,0,0,0,0,0,0,0,0
banana republic,Affiliates | Consideration | Aff Content,2026-08-16,38689.4,147051.46,66010.0,0,0,0,0,0,0,0,0,0,0,0,0,0,0,0,0,0,0,0,0,0,0,0,0,0,0,0,0,0,0,0,0,0,0,0,0,0,0,0,0,0,0,0
banana republic,Affiliates | Conversion | Aff Coupon,2025-05-04,11433.210000000001,367686.65,21247.0,0,0,0,0,0,0,0,0,0,0,0,0,0,0,0,0,0,0,0,0,0,0,0,0,0,0,0,0,0,0,0,0,0,0,0,0,0,0,0,0,0,0,0
banana republic,Affiliates | Conversion | Aff Coupon,2025-05-11,13863.74,358324.84,16984.0,0,0,0,0,0,0,0,0,0,0,0,0,0,0,0,0,0,0,0,0,0,0,0,0,0,0,0,0,0,0,0,0,0,0,0,0,0,0,0,0,0,0,0
banana republic,Affiliates | Conversion | Aff Coupon,2025-05-18,13929.85,348806.62,15340.0,0,0,0,0,0,0,0,0,0,0,0,0,0,0,0,0,0,0,0,0,0,0,0,0,1,0,0,0,0,0,0,0,0,0,0,0,0,0,0,0,0,0,1
banana republic,Affiliates | Conversion | Aff Coupon,2025-05-25,13907.46,339036.15,15271.0,0,0,0,0,0,0,0,0,0,0,0,0,0,0,0,0,0,0,0,0,0,0,0,0,1,0,0,0,0,0,0,0,0,0,0,0,0,0,0,0,0,0,1
banana republic,Affiliates | Conversion | Aff Coupon,2025-06-01,12241.130000000001,319229.45999999996,18180.0,0,0,0,0,0,0,0,0,0,0,0,0,0,0,0,0,0,0,0,0,0,0,0,0,0,0,0,0,0,0,0,0,0,0,0,0,0,0,0,0,0,0,0
banana republic,Affiliates | Conversion | Aff Coupon,2025-06-08,11696.21,333013.64,12216.0,0,0,0,0,0,0,0,0,0,0,0,0,0,0,0,0,0,0,0,0,0,0,0,0,0,0,0,0,0,0,0,0,0,0,0,0,0,0,0,0,0,0,0
banana republic,Affiliates | Conversion | Aff Coupon,2025-06-15,9391.71,256701.52,15247.0,0,0,0,0,0,0,0,0,0,0,0,0,0,0,0,0,0,0,0,0,0,0,0,0,0,0,0,0,0,0,0,0,0,0,0,0,0,0,0,0,0,0,0
banana republic,Affiliates | Conversion | Aff Coupon,2025-06-22,10205.82,269671.2,14182.0,0,0,0,0,0,0,0,0,0,0,0,0,0,0,0,0,0,0,0,0,0,0,0,0,0,1,0,0,0,0,0,0,0,0,0,0,0,0,0,0,1,0,0
banana republic,Affiliates | Conversion | Aff Coupon,2025-06-29,6919.35,210183.55,15888.0,0,0,0,0,0,0,0,0,0,0,0,0,0,0,0,0,0,0,0,0,0,0,0,0,0,1,2,0,0,0,0,0,0,0,0,0,0,0,0,0,2,0,0
banana republic,Affiliates | Conversion | Aff Coupon,2025-07-06,7230.1,202307.27,12875.0,0,0,0,0,0,0,0,0,0,0,0,0,0,0,0,0,0,0,0,0,0,0,0,0,0,0,2,1,0,0,0,0,0,0,0,0,0,0,0,0,2,0,0
banana republic,Affiliates | Conversion | Aff Coupon,2025-07-13,7122.26,198569.22,10836.0,0,0,0,0,0,0,0,0,0,0,0,0,0,0,0,0,0,0,0,0,0,0,0,0,0,0,0,2,0,0,0,0,0,0,0,0,0,0,0,0,2,0,0
banana republic,Affiliates | Conversion | Aff Coupon,2025-07-20,7483.46,175956.0,15360.0,0,0,0,0,0,0,0,0,0,0,0,0,0,0,0,0,0,0,0,0,0,0,0,0,0,0,0,1,2,0,0,0,0,0,0,0,0,0,0,0,2,0,0
banana republic,Affiliates | Conversion | Aff Coupon,2025-07-27,8266.66,207013.69,13427.0,0,0,0,0,0,0,0,0,0,0,0,0,0,0,0,0,0,0,0,0,0,0,0,0,0,0,0,0,2,0,0,0,0,0,0,0,0,0,0,0,2,0,0
banana republic,Affiliates | Conversion | Aff Coupon,2025-08-03,6430.77,203271.27,10061.0,0,0,0,0,0,0,0,0,0,0,0,0,0,0,0,0,0,0,0,0,0,0,0,0,0,0,0,0,1,0,0,0,0,0,0,0,0,0,0,0,1,0,0
banana republic,Affiliates | Conversion | Aff Coupon,2025-08-10,6137.6,178111.13,10630.0,0,0,0,0,0,0,0,0,0,0,0,0,0,0,0,0,0,0,0,0,0,0,0,0,0,0,0,0,0,0,0,0,0,0,0,0,0,0,0,0,0,0,0
banana republic,Affiliates | Conversion | Aff Coupon,2025-08-17,7835.95,210011.87,11787.0,0,0,0,0,0,0,0,0,0,0,0,0,0,0,0,0,0,0,0,0,0,0,0,0,0,0,0,0,0,0,0,0,0,0,0,0,0,0,0,0,0,0,0
banana republic,Affiliates | Conversion | Aff Coupon,2025-08-24,8902.91,216751.2,15093.0,0,0,0,0,0,0,0,0,0,0,0,0,0,0,0,0,0,0,0,0,0,0,0,0,0,0,0,0,0,0,0,0,0,0,0,1,0,1,0,0,0,0,0
banana republic,Affiliates | Conversion | Aff Coupon,2025-08-31,14841.59,243347.43,13629.0,0,0,0,0,0,0,0,0,0,0,0,0,0,0,0,0,0,0,0,0,0,0,0,0,0,0,0,0,0,0,0,0,0,0,0,1,0,1,0,0,0,0,0
banana republic,Affiliates | Conversion | Aff Coupon,2025-09-07,17884.66,331501.71,15872.0,0,1,0,0,0,0,0,0,0,0,0,0,0,0,0,0,0,0,0,0,0,0,0,0,0,0,0,0,0,0,0,0,0,0,0,0,0,0,1,0,0,0,0
banana republic,Affiliates | Conversion | Aff Coupon,2025-09-14,13697.82,232760.95,14779.0,0,2,0,0,0,0,0,0,0,0,0,0,0,0,0,0,0,0,0,0,0,0,0,0,0,0,0,0,0,0,0,0,0,0,0,0,0,0,2,0,0,0,0
banana republic,Affiliates | Conversion | Aff Coupon,2025-09-21,13713.84,250560.15,15441.0,0,1,0,0,0,0,0,0,0,0,0,0,0,0,0,0,0,0,0,0,0,0,0,0,0,0,0,0,0,0,0,0,0,0,0,0,0,0,1,0,0,0,0
banana republic,Affiliates | Conversion | Aff Coupon,2025-09-28,12923.29,241281.66999999998,13387.0,0,0,0,0,0,0,0,0,0,0,0,0,0,0,0,0,0,0,0,0,0,0,0,0,0,0,0,0,0,0,0,0,0,0,0,0,0,0,0,0,0,0,0
banana republic,Affiliates | Conversion | Aff Coupon,2025-10-05,7966.38,230869.19,14057.0,0,0,0,0,0,0,0,0,0,0,0,0,0,0,0,0,0,0,0,0,0,0,0,0,0,0,0,0,0,0,0,0,0,0,0,0,0,0,0,0,0,0,0
banana republic,Affiliates | Conversion | Aff Coupon,2025-10-12,7152.63,222939.52000000002,15830.0,0,0,0,0,0,0,0,0,0,0,0,0,0,0,0,0,0,0,0,0,0,0,0,0,0,0,0,0,0,0,0,0,0,0,0,0,0,0,0,0,0,0,0
banana republic,Affiliates | Conversion | Aff Coupon,2025-10-19,9411.59,274837.48,17048.0,0,0,0,0,0,0,0,0,0,0,0,0,0,0,0,0,0,0,0,0,0,0,0,0,0,0,0,0,0,0,0,0,0,0,0,0,0,0,0,0,0,0,0
banana republic,Affiliates | Conversion | Aff Coupon,2025-10-26,10787.11,294046.70999999996,16016.0,0,0,0,0,0,0,0,0,0,0,0,0,0,0,0,0,0,0,0,0,0,0,0,0,0,0,0,0,0,0,0,0,0,0,0,0,0,0,0,0,0,0,0
banana republic,Affiliates | Conversion | Aff Coupon,2025-11-02,12198.49,357247.95,22251.0,0,0,0,0,0,0,0,0,0,0,0,0,0,0,2,0,0,0,0,0,0,0,0,0,0,0,0,0,0,0,0,0,0,0,0,0,0,0,2,0,0,0,0
banana republic,Affiliates | Conversion | Aff Coupon,2025-11-09,11372.29,259606.14,17310.0,0,0,0,0,0,0,0,0,0,0,0,0,0,0,1,0,0,0,0,0,0,0,0,0,0,0,0,0,0,0,0,0,0,0,0,0,0,0,1,0,0,0,0
banana republic,Affiliates | Conversion | Aff Coupon,2025-11-16,9315.84,255128.52,15889.0,0,0,0,0,0,0,0,0,0,0,0,0,0,0,0,0,0,0,0,0,0,0,0,0,0,0,0,0,0,0,0,0,0,0,0,0,0,0,0,0,0,0,0
banana republic,Affiliates | Conversion | Aff Coupon,2025-11-23,22052.31,528133.97,29210.0,0,0,0,0,0,0,0,0,0,0,0,0,0,0,0,0,0,0,0,0,0,0,0,0,0,0,0,0,0,2,0,0,0,0,0,0,0,0,2,0,0,0,0
banana republic,Affiliates | Conversion | Aff Coupon,2025-11-30,18873.09,443424.85,26462.0,0,0,0,0,0,0,0,0,0,0,0,0,0,0,0,0,0,2,0,0,0,0,0,0,0,0,0,0,0,0,0,0,0,0,0,0,0,0,2,0,0,0,0
banana republic,Affiliates | Conversion | Aff Coupon,2025-12-07,11985.02,290468.16,14394.0,0,0,0,0,0,0,0,0,0,0,0,0,0,0,0,0,0,0,0,0,0,0,0,0,0,0,0,0,0,0,2,0,0,0,0,0,0,0,2,0,0,0,0
banana republic,Affiliates | Conversion | Aff Coupon,2025-12-14,8940.42,227778.18,13753.0,0,0,0,0,0,0,0,0,0,0,0,0,0,0,0,0,0,0,0,0,0,0,0,0,0,0,0,0,0,0,1,0,0,0,0,0,2,2,1,0,0,0,0
banana republic,Affiliates | Conversion | Aff Coupon,2025-12-21,6865.5,176876.6,11377.0,0,0,0,0,0,0,0,0,0,0,0,0,0,0,0,0,0,0,0,0,0,0,0,0,0,0,0,0,0,0,0,1,0,0,0,0,2,2,0,0,1,0,0
banana republic,Affiliates | Conversion | Aff Coupon,2025-12-28,7535.54,191443.09,12330.0,0,0,0,0,0,0,0,0,0,0,0,0,0,0,0,0,0,0,0,0,0,0,0,0,0,0,0,0,0,0,0,2,0,0,0,0,0,0,0,0,2,0,0
banana republic,Affiliates | Conversion | Aff Coupon,2026-01-04,6850.110000000001,160063.57,14687.0,0,0,0,0,0,0,0,0,0,0,0,0,0,0,0,0,0,0,0,0,0,0,0,0,0,0,0,0,0,0,0,1,2,0,0,0,0,0,0,0,2,0,0
banana republic,Affiliates | Conversion | Aff Coupon,2026-01-11,6835.17,162942.13999999998,14967.0,0,0,0,0,0,0,0,0,0,0,0,0,0,0,0,0,0,0,0,0,0,0,0,0,0,0,0,0,0,0,0,0,1,2,0,0,0,0,0,0,2,0,0
banana republic,Affiliates | Conversion | Aff Coupon,2026-01-18,7396.92,163161.17,10651.0,0,0,0,0,0,0,0,0,0,0,0,0,0,0,0,0,0,0,0,0,0,0,0,0,0,0,0,0,0,0,0,0,0,2,0,0,0,0,0,0,2,0,0
banana republic,Affiliates | Conversion | Aff Coupon,2026-01-25,6125.33,147216.24,10615.0,0,0,0,0,0,0,0,0,0,0,0,0,0,0,0,0,0,0,0,0,0,0,0,0,0,0,0,0,0,0,0,0,0,0,0,0,0,0,0,0,0,0,0
banana republic,Affiliates | Conversion | Aff Coupon,2026-02-01,7039.950000000001,184705.53,9062.0,0,0,0,0,0,0,0,0,0,0,0,0,0,0,0,0,0,0,0,0,0,0,0,0,0,0,0,0,0,0,0,0,0,0,0,0,0,0,0,0,0,0,0
banana republic,Affiliates | Conversion | Aff Coupon,2026-02-08,4476.6,135798.64,8130.0,0,0,0,0,0,0,0,0,0,0,0,0,0,0,0,0,0,0,0,0,0,0,0,0,0,0,0,0,0,0,0,0,0,0,0,0,0,0,0,0,0,0,0
banana republic,Affiliates | Conversion | Aff Coupon,2026-02-15,5709.19,171252.65,8213.0,0,0,0,0,0,0,0,0,0,0,0,0,0,0,0,0,0,0,0,0,0,0,0,0,0,0,0,0,0,0,0,0,0,0,0,0,0,0,0,0,0,0,0
banana republic,Affiliates | Conversion | Aff Coupon,2026-02-22,7167.06,188489.63,9008.0,0,0,0,0,0,0,0,0,0,0,0,0,0,0,0,0,0,0,0,0,0,0,0,0,0,0,0,0,0,0,0,0,0,0,0,0,0,0,0,0,0,0,0
banana republic,Affiliates | Conversion | Aff Coupon,2026-03-01,6986.01,175569.96,8778.0,0,0,0,0,0,0,0,0,0,0,0,0,0,0,0,0,0,0,0,0,0,0,0,0,0,0,0,0,0,0,0,0,0,0,0,0,0,0,0,0,0,0,0
banana republic,Affiliates | Conversion | Aff Coupon,2026-03-08,9629.11,272609.76,10034.0,0,1,0,0,0,0,0,0,0,0,0,0,0,0,0,0,0,0,0,0,0,0,0,0,0,0,0,0,0,0,0,0,0,0,0,0,0,0,1,0,0,0,0
banana republic,Affiliates | Conversion | Aff Coupon,2026-03-15,8893.16,222502.59,10536.0,0,2,0,0,0,0,0,0,0,0,0,0,0,0,0,0,0,0,0,0,0,0,0,0,0,0,0,0,0,0,0,0,0,0,0,0,0,0,2,0,0,0,0
banana republic,Affiliates | Conversion | Aff Coupon,2026-03-22,7984.0,200335.45,9533.0,0,1,0,0,0,0,0,0,0,0,0,0,0,0,0,0,0,0,0,0,0,0,0,0,0,0,0,0,0,0,0,0,0,0,0,0,0,0,1,0,0,0,0
banana republic,Affiliates | Conversion | Aff Coupon,2026-03-29,7685.35,195073.22,9827.0,0,0,0,0,0,0,0,0,0,0,0,0,0,0,0,0,0,0,0,0,0,0,0,0,0,0,0,0,0,0,0,0,0,0,1,0,0,0,0,0,0,0,1
banana republic,Affiliates | Conversion | Aff Coupon,2026-04-05,1052.52,130102.79000000001,7427.0,0,0,0,0,0,0,0,0,0,0,0,0,0,0,0,0,0,0,0,0,0,0,0,0,0,0,0,0,0,0,0,0,0,0,1,0,0,0,0,0,0,0,1
banana republic,Affiliates | Conversion | Aff Coupon,2026-04-12,1122.75,140225.81,6385.0,0,0,0,0,0,0,0,0,0,0,0,0,0,0,0,0,0,0,0,0,0,0,0,0,0,0,0,0,0,0,0,0,0,0,0,0,0,0,0,0,0,0,0
banana republic,Affiliates | Conversion | Aff Coupon,2026-04-19,1418.56,150049.63,7939.0,0,0,0,0,0,0,0,0,0,0,0,0,0,0,0,0,0,0,0,0,0,0,0,0,0,0,0,0,0,0,0,0,0,0,0,0,0,0,0,0,0,0,0
banana republic,Affiliates | Conversion | Aff Coupon,2026-04-26,1815.1399999999999,214453.99,14950.0,0,0,0,0,0,0,0,0,0,0,0,0,0,0,0,0,0,0,0,0,0,0,0,0,0,0,0,0,0,0,0,0,0,0,0,0,0,0,0,0,0,0,0
banana republic,Affiliates | Conversion | Aff Coupon,2026-05-03,1599.75,219031.51,19778.0,0,0,0,0,0,0,0,0,0,0,0,0,0,0,0,0,0,0,0,0,0,0,0,0,0,0,0,0,0,0,0,0,0,0,0,0,0,0,0,0,0,0,0
banana republic,Affiliates | Conversion | Aff Coupon,2026-05-10,1703.96,255979.93,21708.0,0,0,0,0,0,0,0,0,0,0,0,0,0,0,0,0,0,0,0,0,0,0,0,0,0,0,0,0,0,0,0,0,0,0,0,0,0,0,0,0,0,0,0
banana republic,Affiliates | Conversion | Aff Coupon,2026-05-17,1627.86,266082.98,21181.0,0,0,0,0,0,0,0,0,0,0,0,0,0,0,0,0,0,0,0,0,0,0,0,0,1,0,0,0,0,0,0,0,0,0,0,0,0,0,0,0,0,0,1
banana republic,Affiliates | Conversion | Aff Coupon,2026-05-24,1642.81,252218.78,17869.0,0,0,0,0,0,0,0,0,0,0,0,0,0,0,0,0,0,0,0,0,0,0,0,0,1,0,0,0,0,0,0,0,0,0,0,0,0,0,0,0,0,0,1
banana republic,Affiliates | Conversion | Aff Coupon,2026-05-31,1149.3600000000001,194077.73,9848.0,0,0,0,0,0,0,0,0,0,0,0,0,0,0,0,0,0,0,0,0,0,0,0,0,0,0,0,0,0,0,0,0,0,0,0,0,0,0,0,0,0,0,0
banana republic,Affiliates | Conversion | Aff Coupon,2026-06-07,1046.59,191576.39,7274.0,0,0,0,0,0,0,0,0,0,0,0,0,0,0,0,0,0,0,0,0,0,0,0,0,0,0,0,0,0,0,0,0,0,0,0,0,0,0,0,0,0,0,0
banana republic,Affiliates | Conversion | Aff Coupon,2026-06-14,1102.34,149702.65,6200.0,0,0,0,0,0,0,0,0,0,0,0,0,0,0,0,0,0,0,0,0,0,0,0,0,0,0,0,0,0,0,0,0,0,0,0,0,0,0,0,0,0,0,0
banana republic,Affiliates | Conversion | Aff Coupon,2026-06-21,983.6,138322.74,6898.0,0,0,0,0,0,0,0,0,0,0,0,0,0,0,0,0,0,0,0,0,0,0,0,0,0,1,0,0,0,0,0,0,0,0,0,0,0,0,0,0,1,0,0
banana republic,Affiliates | Conversion | Aff Coupon,2026-06-28,899.98,114090.69,6902.0,0,0,0,0,0,0,0,0,0,0,0,0,0,0,0,0,0,0,0,0,0,0,0,0,0,1,2,0,0,0,0,0,0,0,0,0,0,0,0,0,2,0,0
banana republic,Affiliates | Conversion | Aff Coupon,2026-07-05,934.15,95596.67,10598.0,0,0,0,0,0,0,0,0,0,0,0,0,0,0,0,0,0,0,0,0,0,0,0,0,0,0,2,1,0,0,0,0,0,0,0,0,0,0,0,0,2,0,0
banana republic,Affiliates | Conversion | Aff Coupon,2026-07-12,770.86,104199.63,6019.0,0,0,0,0,0,0,0,0,0,0,0,0,0,0,0,0,0,0,0,0,0,0,0,0,0,0,0,2,0,0,0,0,0,0,0,0,0,0,0,0,2,0,0
banana republic,Affiliates | Conversion | Aff Coupon,2026-07-19,944.85,111505.83,8377.0,0,0,0,0,0,0,0,0,0,0,0,0,0,0,0,0,0,0,0,0,0,0,0,0,0,0,0,1,2,0,0,0,0,0,0,0,0,0,0,0,2,0,0
banana republic,Affiliates | Conversion | Aff Coupon,2026-07-26,1080.91,110203.95,7922.0,0,0,0,0,0,0,0,0,0,0,0,0,0,0,0,0,0,0,0,0,0,1,0,0,0,0,0,0,1,0,0,0,0,0,0,0,0,0,0,0,1,0,1
banana republic,Affiliates | Conversion | Aff Coupon,2026-08-02,692.2,113853.62,5599.0,0,0,0,0,0,0,0,0,0,0,0,0,0,0,0,0,0,0,0,0,0,0,0,0,0,0,0,0,0,0,0,0,0,0,0,0,0,0,0,0,0,0,0
banana republic,Affiliates | Conversion | Aff Coupon,2026-08-09,736.65,124326.22,4972.0,0,0,0,0,0,0,0,0,0,0,0,0,0,0,0,0,0,0,0,0,0,0,0,0,0,0,0,0,0,0,0,0,0,0,0,0,0,0,0,0,0,0,0
banana republic,Affiliates | Conversion | Aff Coupon,2026-08-16,798.61,123773.61,6260.0,0,0,0,0,0,0,0,0,0,0,0,0,0,0,0,0,0,0,0,0,0,0,0,0,0,0,0,0,0,0,0,0,0,0,0,0,0,0,0,0,0,0,0
banana republic,Affiliates | Conversion | Aff Loyalty,2025-05-04,40812.82,616029.34,19568.0,0,0,0,0,0,0,0,0,0,0,0,0,0,0,0,0,0,0,0,0,0,0,0,0,0,0,0,0,0,0,0,0,0,0,0,0,0,0,0,0,0,0,0
banana republic,Affiliates | Conversion | Aff Loyalty,2025-05-11,30154.690000000002,559202.5,17080.0,0,0,0,0,0,0,0,0,0,0,0,0,0,0,0,0,0,0,0,0,0,0,0,0,0,0,0,0,0,0,0,0,0,0,0,0,0,0,0,0,0,0,0
banana republic,Affiliates | Conversion | Aff Loyalty,2025-05-18,37662.02,700690.98,18077.0,0,0,0,0,0,0,0,0,0,0,0,0,0,0,0,0,0,0,0,0,0,0,0,0,1,0,0,0,0,0,0,0,0,0,0,0,0,0,0,0,0,0,1
banana republic,Affiliates | Conversion | Aff Loyalty,2025-05-25,46503.65,834343.3200000001,20222.0,0,0,0,0,0,0,0,0,0,0,0,0,0,0,0,0,0,0,0,0,0,0,0,0,1,0,0,0,0,0,0,0,0,0,0,0,0,0,0,0,0,0,1
banana republic,Affiliates | Conversion | Aff Loyalty,2025-06-01,23565.309999999998,504769.54,16031.0,0,0,0,0,0,0,0,0,0,0,0,0,0,0,0,0,0,0,0,0,0,0,0,0,0,0,0,0,0,0,0,0,0,0,0,0,0,0,0,0,0,0,0
banana republic,Affiliates | Conversion | Aff Loyalty,2025-06-08,24400.920000000002,497701.62,15073.0,0,0,0,0,0,0,0,0,0,0,0,0,0,0,0,0,0,0,0,0,0,0,0,0,0,0,0,0,0,0,0,0,0,0,0,0,0,0,0,0,0,0,0
banana republic,Affiliates | Conversion | Aff Loyalty,2025-06-15,25093.329999999998,547009.23,15517.0,0,0,0,0,0,0,0,0,0,0,0,0,0,0,0,0,0,0,0,0,0,0,0,0,0,0,0,0,0,0,0,0,0,0,0,0,0,0,0,0,0,0,0
banana republic,Affiliates | Conversion | Aff Loyalty,2025-06-22,22618.14,473846.54,16414.0,0,0,0,0,0,0,0,0,0,0,0,0,0,0,0,0,0,0,0,0,0,0,0,0,0,1,0,0,0,0,0,0,0,0,0,0,0,0,0,0,1,0,0
banana republic,Affiliates | Conversion | Aff Loyalty,2025-06-29,32486.0,545821.91,20125.0,0,0,0,0,0,0,0,0,0,0,0,0,0,0,0,0,0,0,0,0,0,0,0,0,0,1,2,0,0,0,0,0,0,0,0,0,0,0,0,0,2,0,0
banana republic,Affiliates | Conversion | Aff Loyalty,2025-07-06,27485.29,496862.59,16251.0,0,0,0,0,0,0,0,0,0,0,0,0,0,0,0,0,0,0,0,0,0,0,0,0,0,0,2,1,0,0,0,0,0,0,0,0,0,0,0,0,2,0,0
banana republic,Affiliates | Conversion | Aff Loyalty,2025-07-13,27959.260000000002,530741.23,16867.0,0,0,0,0,0,0,0,0,0,0,0,0,0,0,0,0,0,0,0,0,0,0,0,0,0,0,0,2,0,0,0,0,0,0,0,0,0,0,0,0,2,0,0
banana republic,Affiliates | Conversion | Aff Loyalty,2025-07-20,25637.05,492471.76,16433.0,0,0,0,0,0,0,0,0,0,0,0,0,0,0,0,0,0,0,0,0,0,0,0,0,0,0,0,1,2,0,0,0,0,0,0,0,0,0,0,0,2,0,0
banana republic,Affiliates | Conversion | Aff Loyalty,2025-07-27,25444.67,517623.20999999996,17116.0,0,0,0,0,0,0,0,0,0,0,0,0,0,0,0,0,0,0,0,0,0,0,0,0,0,0,0,0,2,0,0,0,0,0,0,0,0,0,0,0,2,0,0
banana republic,Affiliates | Conversion | Aff Loyalty,2025-08-03,18467.05,389501.3,13226.0,0,0,0,0,0,0,0,0,0,0,0,0,0,0,0,0,0,0,0,0,0,0,0,0,0,0,0,0,1,0,0,0,0,0,0,0,0,0,0,0,1,0,0
banana republic,Affiliates | Conversion | Aff Loyalty,2025-08-10,23728.44,432552.95,14377.0,0,0,0,0,0,0,0,0,0,0,0,0,0,0,0,0,0,0,0,0,0,0,0,0,0,0,0,0,0,0,0,0,0,0,0,0,0,0,0,0,0,0,0
banana republic,Affiliates | Conversion | Aff Loyalty,2025-08-17,23004.0,373734.58,14484.0,0,0,0,0,0,0,0,0,0,0,0,0,0,0,0,0,0,0,0,0,0,0,0,0,0,0,0,0,0,0,0,0,0,0,0,0,0,0,0,0,0,0,0
banana republic,Affiliates | Conversion | Aff Loyalty,2025-08-24,35683.81,535340.18,19409.0,0,0,0,0,0,0,0,0,0,0,0,0,0,0,0,0,0,0,0,0,0,0,0,0,0,0,0,0,0,0,0,0,0,0,0,1,0,1,0,0,0,0,0
banana republic,Affiliates | Conversion | Aff Loyalty,2025-08-31,27558.34,456590.35,17595.0,0,0,0,0,0,0,0,0,0,0,0,0,0,0,0,0,0,0,0,0,0,0,0,0,0,0,0,0,0,0,0,0,0,0,0,1,0,1,0,0,0,0,0
banana republic,Affiliates | Conversion | Aff Loyalty,2025-09-07,69498.58,1335035.07,25471.0,0,1,0,0,0,0,0,0,0,0,0,0,0,0,0,0,0,0,0,0,0,0,0,0,0,0,0,0,0,0,0,0,0,0,0,0,0,0,1,0,0,0,0
banana republic,Affiliates | Conversion | Aff Loyalty,2025-09-14,84831.74,1592712.92,32743.0,0,2,0,0,0,0,0,0,0,0,0,0,0,0,0,0,0,0,0,0,0,0,0,0,0,0,0,0,0,0,0,0,0,0,0,0,0,0,2,0,0,0,0
banana republic,Affiliates | Conversion | Aff Loyalty,2025-09-21,37850.41,789157.25,21285.0,0,1,0,0,0,0,0,0,0,0,0,0,0,0,0,0,0,0,0,0,0,0,0,0,0,0,0,0,0,0,0,0,0,0,0,0,0,0,1,0,0,0,0
banana republic,Affiliates | Conversion | Aff Loyalty,2025-09-28,22041.89,409102.53,14173.0,0,0,0,0,0,0,0,0,0,0,0,0,0,0,0,0,0,0,0,0,0,0,0,0,0,0,0,0,0,0,0,0,0,0,0,0,0,0,0,0,0,0,0
banana republic,Affiliates | Conversion | Aff Loyalty,2025-10-05,34717.36,558803.16,18847.0,0,0,0,0,0,0,0,0,0,0,0,0,0,0,0,0,0,0,0,0,0,0,0,0,0,0,0,0,0,0,0,0,0,0,0,0,0,0,0,0,0,0,0
banana republic,Affiliates | Conversion | Aff Loyalty,2025-10-12,22976.33,516436.44,16214.0,0,0,0,0,0,0,0,0,0,0,0,0,0,0,0,0,0,0,0,0,0,0,0,0,0,0,0,0,0,0,0,0,0,0,0,0,0,0,0,0,0,0,0
banana republic,Affiliates | Conversion | Aff Loyalty,2025-10-19,23361.75,533345.6799999999,16225.0,0,0,0,0,0,0,0,0,0,0,0,0,0,0,0,0,0,0,0,0,0,0,0,0,0,0,0,0,0,0,0,0,0,0,0,0,0,0,0,0,0,0,0
banana republic,Affiliates | Conversion | Aff Loyalty,2025-10-26,27557.5,611310.88,16519.0,0,0,0,0,0,0,0,0,0,0,0,0,0,0,0,0,0,0,0,0,0,0,0,0,0,0,0,0,0,0,0,0,0,0,0,0,0,0,0,0,0,0,0
banana republic,Affiliates | Conversion | Aff Loyalty,2025-11-02,64068.729999999996,1225426.29,25176.0,0,0,0,0,0,0,0,0,0,0,0,0,0,0,2,0,0,0,0,0,0,0,0,0,0,0,0,0,0,0,0,0,0,0,0,0,0,0,2,0,0,0,0
banana republic,Affiliates | Conversion | Aff Loyalty,2025-11-09,49600.25,809938.11,24706.0,0,0,0,0,0,0,0,0,0,0,0,0,0,0,1,0,0,0,0,0,0,0,0,0,0,0,0,0,0,0,0,0,0,0,0,0,0,0,1,0,0,0,0
banana republic,Affiliates | Conversion | Aff Loyalty,2025-11-16,28354.760000000002,534225.0,20675.0,0,0,0,0,0,0,0,0,0,0,0,0,0,0,0,0,0,0,0,0,0,0,0,0,0,0,0,0,0,0,0,0,0,0,0,0,0,0,0,0,0,0,0
banana republic,Affiliates | Conversion | Aff Loyalty,2025-11-23,258917.89,2832540.94,68250.0,0,0,0,0,0,0,0,0,0,0,0,0,0,0,0,0,0,0,0,0,0,0,0,0,0,0,0,0,0,2,0,0,0,0,0,0,0,0,2,0,0,0,0
banana republic,Affiliates | Conversion | Aff Loyalty,2025-11-30,88394.93000000001,1684209.77,48267.0,0,0,0,0,0,0,0,0,0,0,0,0,0,0,0,0,0,2,0,0,0,0,0,0,0,0,0,0,0,0,0,0,0,0,0,0,0,0,2,0,0,0,0
banana republic,Affiliates | Conversion | Aff Loyalty,2025-12-07,37802.130000000005,695411.98,22622.0,0,0,0,0,0,0,0,0,0,0,0,0,0,0,0,0,0,0,0,0,0,0,0,0,0,0,0,0,0,0,2,0,0,0,0,0,0,0,2,0,0,0,0
banana republic,Affiliates | Conversion | Aff Loyalty,2025-12-14,28412.519999999997,528272.22,19530.0,0,0,0,0,0,0,0,0,0,0,0,0,0,0,0,0,0,0,0,0,0,0,0,0,0,0,0,0,0,0,1,0,0,0,0,0,2,2,1,0,0,0,0
banana republic,Affiliates | Conversion | Aff Loyalty,2025-12-21,20704.55,390771.5,15078.0,0,0,0,0,0,0,0,0,0,0,0,0,0,0,0,0,0,0,0,0,0,0,0,0,0,0,0,0,0,0,0,1,0,0,0,0,2,2,0,0,1,0,0
banana republic,Affiliates | Conversion | Aff Loyalty,2025-12-28,26853.0,472330.0,18616.0,0,0,0,0,0,0,0,0,0,0,0,0,0,0,0,0,0,0,0,0,0,0,0,0,0,0,0,0,0,0,0,2,0,0,0,0,0,0,0,0,2,0,0
banana republic,Affiliates | Conversion | Aff Loyalty,2026-01-04,21549.989999999998,415071.76,15676.0,0,0,0,0,0,0,0,0,0,0,0,0,0,0,0,0,0,0,0,0,0,0,0,0,0,0,0,0,0,0,0,1,2,0,0,0,0,0,0,0,2,0,0
banana republic,Affiliates | Conversion | Aff Loyalty,2026-01-11,23652.1,455280.57,16148.0,0,0,0,0,0,0,0,0,0,0,0,0,0,0,0,0,0,0,0,0,0,0,0,0,0,0,0,0,0,0,0,0,1,2,0,0,0,0,0,0,2,0,0
banana republic,Affiliates | Conversion | Aff Loyalty,2026-01-18,23402.18,469279.22,16436.0,0,0,0,0,0,0,0,0,0,0,0,0,0,0,0,0,0,0,0,0,0,0,0,0,0,0,0,0,0,0,0,0,0,2,0,0,0,0,0,0,2,0,0
banana republic,Affiliates | Conversion | Aff Loyalty,2026-01-25,17295.079999999998,398562.37,14452.0,0,0,0,0,0,0,0,0,0,0,0,0,0,0,0,0,0,0,0,0,0,0,0,0,0,0,0,0,0,0,0,0,0,0,0,0,0,0,0,0,0,0,0
banana republic,Affiliates | Conversion | Aff Loyalty,2026-02-01,15596.71,345657.41000000003,13001.0,0,0,0,0,0,0,0,0,0,0,0,0,0,0,0,0,0,0,0,0,0,0,0,0,0,0,0,0,0,0,0,0,0,0,0,0,0,0,0,0,0,0,0
banana republic,Affiliates | Conversion | Aff Loyalty,2026-02-08,13958.97,400157.11,12807.0,0,0,0,0,0,0,0,0,0,0,0,0,0,0,0,0,0,0,0,0,0,0,0,0,0,0,0,0,0,0,0,0,0,0,0,0,0,0,0,0,0,0,0
banana republic,Affiliates | Conversion | Aff Loyalty,2026-02-15,17218.74,412226.58,13857.0,0,0,0,0,0,0,0,0,0,0,0,0,0,0,0,0,0,0,0,0,0,0,0,0,0,0,0,0,0,0,0,0,0,0,0,0,0,0,0,0,0,0,0
banana republic,Affiliates | Conversion | Aff Loyalty,2026-02-22,23737.05,496865.36,15236.0,0,0,0,0,0,0,0,0,0,0,0,0,0,0,0,0,0,0,0,0,0,0,0,0,0,0,0,0,0,0,0,0,0,0,0,0,0,0,0,0,0,0,0
banana republic,Affiliates | Conversion | Aff Loyalty,2026-03-01,24761.36,428062.43,14847.0,0,0,0,0,0,0,0,0,0,0,0,0,0,0,0,0,0,0,0,0,0,0,0,0,0,0,0,0,0,0,0,0,0,0,0,0,0,0,0,0,0,0,0
banana republic,Affiliates | Conversion | Aff Loyalty,2026-03-08,52685.46,1193354.17,23997.0,0,1,0,0,0,0,0,0,0,0,0,0,0,0,0,0,0,0,0,0,0,0,0,0,0,0,0,0,0,0,0,0,0,0,0,0,0,0,1,0,0,0,0
banana republic,Affiliates | Conversion | Aff Loyalty,2026-03-15,114301.16,1831011.38,37311.0,0,2,0,0,0,0,0,0,0,0,0,0,0,0,0,0,0,0,0,0,0,0,0,0,0,0,0,0,0,0,0,0,0,0,0,0,0,0,2,0,0,0,0
banana republic,Affiliates | Conversion | Aff Loyalty,2026-03-22,53114.76,910970.19,24155.0,0,1,0,0,0,0,0,0,0,0,0,0,0,0,0,0,0,0,0,0,0,0,0,0,0,0,0,0,0,0,0,0,0,0,0,0,0,0,1,0,0,0,0
banana republic,Affiliates | Conversion | Aff Loyalty,2026-03-29,35130.72,624990.5,18411.0,0,0,0,0,0,0,0,0,0,0,0,0,0,0,0,0,0,0,0,0,0,0,0,0,0,0,0,0,0,0,0,0,0,0,1,0,0,0,0,0,0,0,1
banana republic,Affiliates | Conversion | Aff Loyalty,2026-04-05,26428.77,547290.02,16871.0,0,0,0,0,0,0,0,0,0,0,0,0,0,0,0,0,0,0,0,0,0,0,0,0,0,0,0,0,0,0,0,0,0,0,1,0,0,0,0,0,0,0,1
banana republic,Affiliates | Conversion | Aff Loyalty,2026-04-12,22247.2,534150.72,16031.0,0,0,0,0,0,0,0,0,0,0,0,0,0,0,0,0,0,0,0,0,0,0,0,0,0,0,0,0,0,0,0,0,0,0,0,0,0,0,0,0,0,0,0
banana republic,Affiliates | Conversion | Aff Loyalty,2026-04-19,32647.059999999998,770634.1799999999,18734.0,0,0,0,0,0,0,0,0,0,0,0,0,0,0,0,0,0,0,0,0,0,0,0,0,0,0,0,0,0,0,0,0,0,0,0,0,0,0,0,0,0,0,0
banana republic,Affiliates | Conversion | Aff Loyalty,2026-04-26,31296.8,665663.61,17629.0,0,0,0,0,0,0,0,0,0,0,0,0,0,0,0,0,0,0,0,0,0,0,0,0,0,0,0,0,0,0,0,0,0,0,0,0,0,0,0,0,0,0,0
banana republic,Affiliates | Conversion | Aff Loyalty,2026-05-03,23002.53,581000.27,15969.0,0,0,0,0,0,0,0,0,0,0,0,0,0,0,0,0,0,0,0,0,0,0,0,0,0,0,0,0,0,0,0,0,0,0,0,0,0,0,0,0,0,0,0
banana republic,Affiliates | Conversion | Aff Loyalty,2026-05-10,20687.52,501854.68000000005,15655.0,0,0,0,0,0,0,0,0,0,0,0,0,0,0,0,0,0,0,0,0,0,0,0,0,0,0,0,0,0,0,0,0,0,0,0,0,0,0,0,0,0,0,0
banana republic,Affiliates | Conversion | Aff Loyalty,2026-05-17,36157.61,824615.62,21648.0,0,0,0,0,0,0,0,0,0,0,0,0,0,0,0,0,0,0,0,0,0,0,0,0,1,0,0,0,0,0,0,0,0,0,0,0,0,0,0,0,0,0,1
banana republic,Affiliates | Conversion | Aff Loyalty,2026-05-24,41439.28,877690.5900000001,19953.0,0,0,0,0,0,0,0,0,0,0,0,0,0,0,0,0,0,0,0,0,0,0,0,0,1,0,0,0,0,0,0,0,0,0,0,0,0,0,0,0,0,0,1
banana republic,Affiliates | Conversion | Aff Loyalty,2026-05-31,25381.87,533935.54,15310.0,0,0,0,0,0,0,0,0,0,0,0,0,0,0,0,0,0,0,0,0,0,0,0,0,0,0,0,0,0,0,0,0,0,0,0,0,0,0,0,0,0,0,0
banana republic,Affiliates | Conversion | Aff Loyalty,2026-06-07,21070.52,531508.36,15111.0,0,0,0,0,0,0,0,0,0,0,0,0,0,0,0,0,0,0,0,0,0,0,0,0,0,0,0,0,0,0,0,0,0,0,0,0,0,0,0,0,0,0,0
banana republic,Affiliates | Conversion | Aff Loyalty,2026-06-14,20746.91,458478.16000000003,15451.0,0,0,0,0,0,0,0,0,0,0,0,0,0,0,0,0,0,0,0,0,0,0,0,0,0,0,0,0,0,0,0,0,0,0,0,0,0,0,0,0,0,0,0
banana republic,Affiliates | Conversion | Aff Loyalty,2026-06-21,20468.87,444219.38,16880.0,0,0,0,0,0,0,0,0,0,0,0,0,0,0,0,0,0,0,0,0,0,0,0,0,0,1,0,0,0,0,0,0,0,0,0,0,0,0,0,0,1,0,0
banana republic,Affiliates | Conversion | Aff Loyalty,2026-06-28,26825.0,517055.87,18713.0,0,0,0,0,0,0,0,0,0,0,0,0,0,0,0,0,0,0,0,0,0,0,0,0,0,1,2,0,0,0,0,0,0,0,0,0,0,0,0,0,2,0,0
banana republic,Affiliates | Conversion | Aff Loyalty,2026-07-05,22904.08,461677.26,16849.0,0,0,0,0,0,0,0,0,0,0,0,0,0,0,0,0,0,0,0,0,0,0,0,0,0,0,2,1,0,0,0,0,0,0,0,0,0,0,0,0,2,0,0
banana republic,Affiliates | Conversion | Aff Loyalty,2026-07-12,26437.920000000002,468627.96,15587.0,0,0,0,0,0,0,0,0,0,0,0,0,0,0,0,0,0,0,0,0,0,0,0,0,0,0,0,2,0,0,0,0,0,0,0,0,0,0,0,0,2,0,0
banana republic,Affiliates | Conversion | Aff Loyalty,2026-07-19,24625.25,487103.85,17031.0,0,0,0,0,0,0,0,0,0,0,0,0,0,0,0,0,0,0,0,0,0,0,0,0,0,0,0,1,2,0,0,0,0,0,0,0,0,0,0,0,2,0,0
banana republic,Affiliates | Conversion | Aff Loyalty,2026-07-26,33334.28,694364.1699999999,19814.0,0,0,0,0,0,0,0,0,0,0,0,0,0,0,0,0,0,0,0,0,0,1,0,0,0,0,0,0,1,0,0,0,0,0,0,0,0,0,0,0,1,0,1
banana republic,Affiliates | Conversion | Aff Loyalty,2026-08-02,8753.56,196580.35,9569.0,0,0,0,0,0,0,0,0,0,0,0,0,0,0,0,0,0,0,0,0,0,0,0,0,0,0,0,0,0,0,0,0,0,0,0,0,0,0,0,0,0,0,0
banana republic,Affiliates | Conversion | Aff Loyalty,2026-08-09,8113.57,180597.07,8006.0,0,0,0,0,0,0,0,0,0,0,0,0,0,0,0,0,0,0,0,0,0,0,0,0,0,0,0,0,0,0,0,0,0,0,0,0,0,0,0,0,0,0,0
banana republic,Affiliates | Conversion | Aff Loyalty,2026-08-16,13455.41,273256.26,9106.0,0,0,0,0,0,0,0,0,0,0,0,0,0,0,0,0,0,0,0,0,0,0,0,0,0,0,0,0,0,0,0,0,0,0,0,0,0,0,0,0,0,0,0
banana republic,Affiliates | Conversion | Not Applicable,2024-07-28,32165.0,389553.58,56237.0,0,0,0,0,0,0,0,0,0,0,0,0,0,0,0,0,0,0,0,0,0,0,0,0,0,0,0,0,2,0,0,0,0,0,0,0,0,0,0,0,2,0,0
banana republic,Affiliates | Conversion | Not Applicable,2024-08-04,50801.0,710775.59,95030.0,0,0,0,0,0,0,0,0,0,0,0,0,0,0,0,0,0,0,0,0,0,0,0,0,0,0,0,0,1,0,0,0,0,0,0,0,0,0,0,0,1,0,0
banana republic,Affiliates | Conversion | Not Applicable,2024-08-11,49709.0,661765.53,74772.0,0,0,0,0,0,0,0,0,0,0,0,0,0,0,0,0,0,0,0,0,0,0,0,0,0,0,0,0,0,0,0,0,0,0,0,0,0,0,0,0,0,0,0
banana republic,Affiliates | Conversion | Not Applicable,2024-08-18,61211.0,794117.24,82864.0,0,0,0,0,0,0,0,0,0,0,0,0,0,0,0,0,0,0,0,0,0,0,0,0,0,0,0,0,0,0,0,0,0,0,0,0,0,0,0,0,0,0,0
banana republic,Affiliates | Conversion | Not Applicable,2024-08-25,67656.0,893166.95,94427.0,0,0,0,0,0,0,0,0,0,0,0,0,0,0,0,0,0,0,0,0,0,0,0,0,0,0,0,0,0,0,0,0,0,0,0,0,0,0,0,0,0,0,0
banana republic,Affiliates | Conversion | Not Applicable,2024-09-01,64814.0,869588.59,98832.0,0,0,0,0,0,0,0,0,0,0,0,0,0,0,0,0,0,0,0,0,0,0,0,0,0,0,0,0,0,0,0,0,0,0,0,0,0,0,0,0,0,0,0
banana republic,Affiliates | Conversion | Not Applicable,2024-09-08,66766.0,917320.94,92511.0,0,0,0,0,0,0,0,0,0,0,0,0,0,0,0,0,0,0,0,0,0,0,0,0,0,0,0,0,0,0,0,0,0,0,0,0,0,0,0,0,0,0,0
banana republic,Affiliates | Conversion | Not Applicable,2024-09-15,222000.0,2614536.16,177044.0,0,2,0,0,0,0,0,0,0,0,0,0,0,0,0,0,0,0,0,0,0,0,0,0,0,0,0,0,0,0,0,0,0,0,0,0,0,0,2,0,0,0,0
banana republic,Affiliates | Conversion | Not Applicable,2024-09-22,154663.0,1981259.3299999998,147960.0,0,2,0,0,0,0,0,0,0,0,0,0,0,0,0,0,0,0,0,0,0,0,0,0,0,0,0,0,0,0,0,0,0,0,0,0,0,0,2,0,0,0,0
banana republic,Affiliates | Conversion | Not Applicable,2024-09-29,67456.0,1134657.58,114170.0,0,1,0,0,0,0,0,0,0,0,0,0,0,0,0,0,0,0,0,0,0,0,0,0,0,0,0,0,0,0,0,0,0,0,0,0,0,0,1,0,0,0,0
banana republic,Affiliates | Conversion | Not Applicable,2024-10-06,41257.0,751811.89,87737.0,0,0,0,0,0,0,0,0,0,0,0,0,0,0,0,0,0,0,0,0,0,0,0,0,0,0,0,0,0,0,0,0,0,0,0,0,0,0,0,0,0,0,0
banana republic,Affiliates | Conversion | Not Applicable,2024-10-13,62479.990000000005,913845.56,113831.0,0,0,0,0,0,0,0,0,0,0,0,0,0,0,0,0,0,0,0,0,0,0,0,0,0,0,0,0,0,0,0,0,0,0,0,0,0,0,0,0,0,0,0
banana republic,Affiliates | Conversion | Not Applicable,2024-10-20,69161.23,856522.68,114042.0,0,0,0,0,0,0,0,0,0,0,0,0,0,0,0,0,0,0,0,0,0,0,0,0,0,0,0,0,0,0,0,0,0,0,0,0,0,0,0,0,0,0,0
banana republic,Affiliates | Conversion | Not Applicable,2024-10-27,116351.84,1256159.6099999999,121924.0,0,0,0,0,0,0,0,0,0,0,0,0,0,0,1,0,0,0,0,0,0,0,0,0,0,0,0,0,0,0,0,0,0,0,0,0,0,0,1,0,0,0,0
banana republic,Affiliates | Conversion | Not Applicable,2024-11-03,174027.21,1850204.67,158051.0,0,0,0,0,0,0,0,0,0,0,0,0,0,0,2,0,0,0,0,0,0,0,0,0,0,0,0,0,0,0,0,0,0,0,0,0,0,0,2,0,0,0,0
banana republic,Affiliates | Conversion | Not Applicable,2024-11-10,67048.12,1177961.8,121165.0,0,0,0,0,0,0,0,0,0,0,0,0,0,0,1,0,0,0,0,0,0,0,0,0,0,0,0,0,0,0,0,0,0,0,0,0,0,0,1,0,0,0,0
banana republic,Affiliates | Conversion | Not Applicable,2024-11-17,47359.14,970688.32,113014.0,0,0,0,0,0,0,0,0,0,0,0,0,0,0,0,0,0,0,0,0,0,0,0,0,0,0,0,0,0,0,0,0,0,0,0,0,0,0,0,0,0,0,0
banana republic,Affiliates | Conversion | Not Applicable,2024-11-24,420018.05000000005,3763893.3400000003,211758.0,0,0,0,0,0,0,0,0,0,0,0,0,0,0,0,0,0,0,0,0,0,0,0,0,0,0,0,0,0,2,0,0,0,0,0,0,0,0,2,0,0,0,0
banana republic,Affiliates | Conversion | Not Applicable,2024-12-01,173784.21,2356739.73,178875.0,0,0,0,0,0,0,0,0,0,0,0,0,0,0,0,0,0,2,0,0,0,0,0,0,0,0,0,0,0,0,0,0,0,0,0,0,0,0,2,0,0,0,0
banana republic,Affiliates | Conversion | Not Applicable,2024-12-08,40559.75,1071756.33,130497.0,0,0,0,0,0,0,0,0,0,0,0,0,0,0,0,0,0,0,0,0,0,0,0,0,0,0,0,0,0,0,1,0,0,0,0,0,0,0,1,0,0,0,0
banana republic,Affiliates | Conversion | Not Applicable,2024-12-15,25278.94,884105.83,103431.0,0,0,0,0,0,0,0,0,0,0,0,0,0,0,0,0,0,0,0,0,0,0,0,0,0,0,0,0,0,0,1,0,0,0,0,0,0,0,1,0,0,0,0
banana republic,Affiliates | Conversion | Not Applicable,2024-12-22,32794.0,658123.47,73659.0,0,0,0,0,0,0,0,0,0,0,0,0,0,0,0,0,0,0,0,0,0,0,0,0,0,0,0,0,0,0,0,1,0,0,0,0,0,0,0,0,1,0,0
banana republic,Affiliates | Conversion | Not Applicable,2024-12-29,39445.75,702462.01,81974.0,0,0,0,0,0,0,0,0,0,0,0,0,0,0,0,0,0,0,0,0,0,0,0,0,0,0,0,0,0,0,0,2,1,0,0,0,0,0,0,0,2,0,0
banana republic,Affiliates | Conversion | Not Applicable,2025-01-05,47296.270000000004,687448.04,87471.0,0,0,0,0,0,0,0,0,0,0,0,0,0,0,0,0,0,0,0,0,0,0,0,0,0,0,0,0,0,0,0,0,2,0,0,0,0,0,0,0,2,0,0
banana republic,Affiliates | Conversion | Not Applicable,2025-01-12,50519.64,802641.84,86661.0,0,0,0,0,0,0,0,0,0,0,0,0,0,0,0,0,0,0,0,0,0,0,0,0,0,0,0,0,0,0,0,0,1,2,0,0,0,0,0,0,2,0,0
banana republic,Affiliates | Conversion | Not Applicable,2025-01-19,38576.380000000005,800983.57,85004.0,0,0,0,0,0,0,0,0,0,0,0,0,0,0,0,0,0,0,0,0,0,0,0,0,0,0,0,0,0,0,0,0,0,2,0,0,0,0,0,0,2,0,0
banana republic,Affiliates | Conversion | Not Applicable,2025-01-26,35746.68,730682.26,86124.0,0,0,0,0,0,0,0,0,0,0,0,0,0,0,0,0,0,0,0,0,0,0,0,0,0,0,0,0,0,0,0,0,0,0,0,0,0,0,0,0,0,0,0
banana republic,Affiliates | Conversion | Not Applicable,2025-02-02,41152.729999999996,666192.92,82510.0,0,0,0,0,0,0,0,0,0,0,0,0,0,0,0,0,0,0,0,0,0,0,0,0,0,0,0,0,0,0,0,0,0,0,0,0,0,0,0,0,0,0,0
banana republic,Affiliates | Conversion | Not Applicable,2025-02-09,42659.44,692018.26,80834.0,0,0,0,0,0,0,0,0,0,0,0,0,0,0,0,0,0,0,0,0,0,0,0,0,0,0,0,0,0,0,0,0,0,0,0,0,0,0,0,0,0,0,0
banana republic,Affiliates | Conversion | Not Applicable,2025-02-16,48770.32,806248.03,83058.0,0,0,0,0,0,0,0,0,0,0,0,0,0,0,0,0,0,0,0,0,0,0,0,0,0,0,0,0,0,0,0,0,0,0,0,0,0,0,0,0,0,0,0
banana republic,Affiliates | Conversion | Not Applicable,2025-02-23,55844.32,949359.43,95509.0,0,0,0,0,0,0,0,0,0,0,0,0,0,0,0,0,0,0,0,0,0,0,0,0,0,0,0,0,0,0,0,0,0,0,0,0,0,0,0,0,0,0,0
banana republic,Affiliates | Conversion | Not Applicable,2025-03-02,95609.07,1029582.15,124869.0,0,0,0,0,0,0,0,0,0,0,0,0,0,0,0,0,0,0,0,0,0,0,0,0,0,0,0,0,0,0,0,0,0,0,0,0,0,0,0,0,0,0,0
banana republic,Affiliates | Conversion | Not Applicable,2025-03-09,97379.71,1036198.16,108692.0,0,0,0,0,0,0,0,0,0,0,0,0,0,0,0,0,0,0,0,0,0,0,0,0,0,0,0,0,0,0,0,0,0,0,0,0,0,0,0,0,0,0,0
banana republic,Affiliates | Conversion | Not Applicable,2025-03-16,105553.52,1250898.3,112829.0,0,0,0,0,0,0,0,0,0,0,0,0,0,0,0,0,0,0,0,0,0,0,0,0,0,0,0,0,0,0,0,0,0,0,0,0,0,0,0,0,0,0,0
banana republic,Affiliates | Conversion | Not Applicable,2025-03-23,210046.83,2974417.71,216742.0,0,2,0,0,0,0,0,0,0,0,0,0,0,0,0,0,0,0,0,0,0,0,0,0,0,0,0,0,0,0,0,0,0,0,0,0,0,0,2,0,0,0,0
banana republic,Affiliates | Conversion | Not Applicable,2025-03-30,120482.9,1609709.09,149436.0,0,1,0,0,0,0,0,0,0,0,0,0,0,0,0,0,0,0,0,0,0,0,0,0,0,0,0,0,0,0,0,0,0,0,0,0,0,0,1,0,0,0,0
banana republic,Affiliates | Conversion | Not Applicable,2025-04-06,65280.78,911940.5,97387.0,0,0,0,0,0,0,0,0,0,0,0,0,0,0,0,0,0,0,0,0,0,0,0,0,0,0,0,0,0,0,0,0,0,0,0,0,0,0,0,0,0,0,0
banana republic,Affiliates | Conversion | Not Applicable,2025-04-13,75600.8,1046335.66,110465.0,0,0,0,0,0,0,0,0,0,0,0,0,0,0,0,0,0,0,0,0,0,0,0,0,0,0,0,0,0,0,0,0,0,0,1,0,0,0,0,0,0,0,1
banana republic,Affiliates | Conversion | Not Applicable,2025-04-20,83260.41,1158002.1099999999,123885.0,0,0,0,0,0,0,0,0,0,0,0,0,0,0,0,0,0,0,0,0,0,0,0,0,0,0,0,0,0,0,0,0,0,0,1,0,0,0,0,0,0,0,1
banana republic,Affiliates | Conversion | Not Applicable,2025-04-27,87523.61,1230701.82,142251.0,0,0,0,0,0,0,0,0,0,0,0,0,0,0,0,0,0,0,0,0,0,0,0,0,0,0,0,0,0,0,0,0,0,0,0,0,0,0,0,0,0,0,0
banana republic,Search | Consideration | Non Brand,2024-07-28,2166.6099999999997,0.0,0.0,0,0,0,0,0,0,0,0,0,0,0,0,0,0,0,0,0,0,0,0,0,0,0,0,0,0,0,0,2,0,0,0,0,0,0,0,0,0,0,0,2,0,0
banana republic,Search | Consideration | Non Brand,2024-08-04,5249.67,0.0,0.0,0,0,0,0,0,0,0,0,0,0,0,0,0,0,0,0,0,0,0,0,0,0,0,0,0,0,0,0,1,0,0,0,0,0,0,0,0,0,0,0,1,0,0
banana republic,Search | Consideration | Non Brand,2024-08-11,5525.88,0.0,0.0,0,0,0,0,0,0,0,0,0,0,0,0,0,0,0,0,0,0,0,0,0,0,0,0,0,0,0,0,0,0,0,0,0,0,0,0,0,0,0,0,0,0,0
banana republic,Search | Consideration | Non Brand,2024-08-18,5751.48,0.0,0.0,0,0,0,0,0,0,0,0,0,0,0,0,0,0,0,0,0,0,0,0,0,0,0,0,0,0,0,0,0,0,0,0,0,0,0,0,0,0,0,0,0,0,0
banana republic,Search | Consideration | Non Brand,2024-08-25,5851.03,0.0,0.0,0,0,0,0,0,0,0,0,0,0,0,0,0,0,0,0,0,0,0,0,0,0,0,0,0,0,0,0,0,0,0,0,0,0,0,0,0,0,0,0,0,0,0
banana republic,Search | Consideration | Non Brand,2024-09-01,1748.3,0.0,0.0,0,0,0,0,0,0,0,0,0,0,0,0,0,0,0,0,0,0,0,0,0,0,0,0,0,0,0,0,0,0,0,0,0,0,0,0,0,0,0,0,0,0,0
banana republic,Search | Consideration | Non Brand,2024-09-08,1775.33,0.0,0.0,0,0,0,0,0,0,0,0,0,0,0,0,0,0,0,0,0,0,0,0,0,0,0,0,0,0,0,0,0,0,0,0,0,0,0,0,0,0,0,0,0,0,0
banana republic,Search | Consideration | Non Brand,2024-09-15,8386.18,0.0,0.0,0,2,0,0,0,0,0,0,0,0,0,0,0,0,0,0,0,0,0,0,0,0,0,0,0,0,0,0,0,0,0,0,0,0,0,0,0,0,2,0,0,0,0
banana republic,Search | Consideration | Non Brand,2024-09-22,10311.53,0.0,0.0,0,2,0,0,0,0,0,0,0,0,0,0,0,0,0,0,0,0,0,0,0,0,0,0,0,0,0,0,0,0,0,0,0,0,0,0,0,0,2,0,0,0,0
banana republic,Search | Consideration | Non Brand,2024-09-29,3082.38,0.0,0.0,0,1,0,0,0,0,0,0,0,0,0,0,0,0,0,0,0,0,0,0,0,0,0,0,0,0,0,0,0,0,0,0,0,0,0,0,0,0,1,0,0,0,0
banana republic,Search | Consideration | Non Brand,2024-10-06,7131.24,0.0,0.0,0,0,0,0,0,0,0,0,0,0,0,0,0,0,0,0,0,0,0,0,0,0,0,0,0,0,0,0,0,0,0,0,0,0,0,0,0,0,0,0,0,0,0
banana republic,Search | Consideration | Non Brand,2024-10-13,7485.46,0.0,0.0,0,0,0,0,0,0,0,0,0,0,0,0,0,0,0,0,0,0,0,0,0,0,0,0,0,0,0,0,0,0,0,0,0,0,0,0,0,0,0,0,0,0,0
banana republic,Search | Consideration | Non Brand,2024-10-20,6417.37,0.0,0.0,0,0,0,0,0,0,0,0,0,0,0,0,0,0,0,0,0,0,0,0,0,0,0,0,0,0,0,0,0,0,0,0,0,0,0,0,0,0,0,0,0,0,0
banana republic,Search | Consideration | Non Brand,2024-10-27,6028.09,0.0,0.0,0,0,0,0,0,0,0,0,0,0,0,0,0,0,1,0,0,0,0,0,0,0,0,0,0,0,0,0,0,0,0,0,0,0,0,0,0,0,1,0,0,0,0
banana republic,Search | Consideration | Non Brand,2024-11-03,8055.2699999999995,0.0,0.0,0,0,0,0,0,0,0,0,0,0,0,0,0,0,2,0,0,0,0,0,0,0,0,0,0,0,0,0,0,0,0,0,0,0,0,0,0,0,2,0,0,0,0
banana republic,Search | Consideration | Non Brand,2024-11-10,3459.83,0.0,0.0,0,0,0,0,0,0,0,0,0,0,0,0,0,0,1,0,0,0,0,0,0,0,0,0,0,0,0,0,0,0,0,0,0,0,0,0,0,0,1,0,0,0,0
banana republic,Search | Consideration | Non Brand,2024-11-17,3657.1,0.0,0.0,0,0,0,0,0,0,0,0,0,0,0,0,0,0,0,0,0,0,0,0,0,0,0,0,0,0,0,0,0,0,0,0,0,0,0,0,0,0,0,0,0,0,0
banana republic,Search | Consideration | Non Brand,2024-11-24,17409.17,0.0,0.0,0,0,0,0,0,0,0,0,0,0,0,0,0,0,0,0,0,0,0,0,0,0,0,0,0,0,0,0,0,2,0,0,0,0,0,0,0,0,2,0,0,0,0
banana republic,Search | Consideration | Non Brand,2024-12-01,22057.72,0.0,0.0,0,0,0,0,0,0,0,0,0,0,0,0,0,0,0,0,0,2,0,0,0,0,0,0,0,0,0,0,0,0,0,0,0,0,0,0,0,0,2,0,0,0,0
banana republic,Search | Consideration | Non Brand,2024-12-08,3784.98,0.0,0.0,0,0,0,0,0,0,0,0,0,0,0,0,0,0,0,0,0,0,0,0,0,0,0,0,0,0,0,0,0,0,1,0,0,0,0,0,0,0,1,0,0,0,0
banana republic,Search | Consideration | Non Brand,2024-12-15,4104.93,0.0,0.0,0,0,0,0,0,0,0,0,0,0,0,0,0,0,0,0,0,0,0,0,0,0,0,0,0,0,0,0,0,0,1,0,0,0,0,0,0,0,1,0,0,0,0
banana republic,Search | Consideration | Non Brand,2024-12-22,2547.56,0.0,0.0,0,0,0,0,0,0,0,0,0,0,0,0,0,0,0,0,0,0,0,0,0,0,0,0,0,0,0,0,0,0,0,1,0,0,0,0,0,0,0,0,1,0,0
banana republic,Search | Consideration | Non Brand,2024-12-29,2697.97,0.0,0.0,0,0,0,0,0,0,0,0,0,0,0,0,0,0,0,0,0,0,0,0,0,0,0,0,0,0,0,0,0,0,0,2,1,0,0,0,0,0,0,0,2,0,0
banana republic,Search | Consideration | Non Brand,2025-03-02,2995.52,0.0,0.0,0,0,0,0,0,0,0,0,0,0,0,0,0,0,0,0,0,0,0,0,0,0,0,0,0,0,0,0,0,0,0,0,0,0,0,0,0,0,0,0,0,0,0
banana republic,Search | Consideration | Non Brand,2025-03-09,2885.73,0.0,0.0,0,0,0,0,0,0,0,0,0,0,0,0,0,0,0,0,0,0,0,0,0,0,0,0,0,0,0,0,0,0,0,0,0,0,0,0,0,0,0,0,0,0,0
banana republic,Search | Consideration | Non Brand,2025-03-16,2845.51,0.0,0.0,0,0,0,0,0,0,0,0,0,0,0,0,0,0,0,0,0,0,0,0,0,0,0,0,0,0,0,0,0,0,0,0,0,0,0,0,0,0,0,0,0,0,0
banana republic,Search | Consideration | Non Brand,2025-03-23,6980.24,0.0,0.0,0,2,0,0,0,0,0,0,0,0,0,0,0,0,0,0,0,0,0,0,0,0,0,0,0,0,0,0,0,0,0,0,0,0,0,0,0,0,2,0,0,0,0
banana republic,Search | Consideration | Non Brand,2025-03-30,4857.2,0.0,0.0,0,1,0,0,0,0,0,0,0,0,0,0,0,0,0,0,0,0,0,0,0,0,0,0,0,0,0,0,0,0,0,0,0,0,0,0,0,0,1,0,0,0,0
banana republic,Search | Consideration | Non Brand,2025-04-06,1892.8,0.0,0.0,0,0,0,0,0,0,0,0,0,0,0,0,0,0,0,0,0,0,0,0,0,0,0,0,0,0,0,0,0,0,0,0,0,0,0,0,0,0,0,0,0,0,0
banana republic,Search | Consideration | Non Brand,2025-04-13,2274.74,0.0,0.0,0,0,0,0,0,0,0,0,0,0,0,0,0,0,0,0,0,0,0,0,0,0,0,0,0,0,0,0,0,0,0,0,0,0,1,0,0,0,0,0,0,0,1
banana republic,Search | Consideration | Non Brand,2025-04-20,4188.0,0.0,0.0,0,0,0,0,0,0,0,0,0,0,0,0,0,0,0,0,0,0,0,0,0,0,0,0,0,0,0,0,0,0,0,0,0,0,1,0,0,0,0,0,0,0,1
banana republic,Search | Consideration | Non Brand,2025-04-27,3531.5,0.0,0.0,0,0,0,0,0,0,0,0,0,0,0,0,0,0,0,0,0,0,0,0,0,0,0,0,0,0,0,0,0,0,0,0,0,0,0,0,0,0,0,0,0,0,0
banana republic,Search | Consideration | Non Brand,2025-05-04,5542.85,0.0,0.0,0,0,0,0,0,0,0,0,0,0,0,0,0,0,0,0,0,0,0,0,0,0,0,0,0,0,0,0,0,0,0,0,0,0,0,0,0,0,0,0,0,0,0
banana republic,Search | Consideration | Non Brand,2025-05-11,7184.8099999999995,0.0,0.0,0,0,0,0,0,0,0,0,0,0,0,0,0,0,0,0,0,0,0,0,0,0,0,0,0,0,0,0,0,0,0,0,0,0,0,0,0,0,0,0,0,0,0
banana republic,Search | Consideration | Non Brand,2025-05-18,4913.24,0.0,0.0,0,0,0,0,0,0,0,0,0,0,0,0,0,0,0,0,0,0,0,0,0,0,0,0,1,0,0,0,0,0,0,0,0,0,0,0,0,0,0,0,0,0,1
banana republic,Search | Consideration | Non Brand,2025-05-25,6098.23,0.0,0.0,0,0,0,0,0,0,0,0,0,0,0,0,0,0,0,0,0,0,0,0,0,0,0,0,1,0,0,0,0,0,0,0,0,0,0,0,0,0,0,0,0,0,1
banana republic,Search | Consideration | Non Brand,2025-06-01,4824.77,0.0,0.0,0,0,0,0,0,0,0,0,0,0,0,0,0,0,0,0,0,0,0,0,0,0,0,0,0,0,0,0,0,0,0,0,0,0,0,0,0,0,0,0,0,0,0
banana republic,Search | Consideration | Non Brand,2025-06-08,5193.22,0.0,0.0,0,0,0,0,0,0,0,0,0,0,0,0,0,0,0,0,0,0,0,0,0,0,0,0,0,0,0,0,0,0,0,0,0,0,0,0,0,0,0,0,0,0,0
banana republic,Search | Consideration | Non Brand,2025-06-15,3802.71,0.0,0.0,0,0,0,0,0,0,0,0,0,0,0,0,0,0,0,0,0,0,0,0,0,0,0,0,0,0,0,0,0,0,0,0,0,0,0,0,0,0,0,0,0,0,0
banana republic,Search | Consideration | Non Brand,2025-06-22,3550.64,0.0,0.0,0,0,0,0,0,0,0,0,0,0,0,0,0,0,0,0,0,0,0,0,0,0,0,0,0,1,0,0,0,0,0,0,0,0,0,0,0,0,0,0,1,0,0
banana republic,Search | Consideration | Non Brand,2025-06-29,4052.2200000000003,0.0,0.0,0,0,0,0,0,0,0,0,0,0,0,0,0,0,0,0,0,0,0,0,0,0,0,0,0,1,2,0,0,0,0,0,0,0,0,0,0,0,0,0,2,0,0
banana republic,Search | Consideration | Non Brand,2025-07-06,4340.7699999999995,0.0,0.0,0,0,0,0,0,0,0,0,0,0,0,0,0,0,0,0,0,0,0,0,0,0,0,0,0,0,2,1,0,0,0,0,0,0,0,0,0,0,0,0,2,0,0
banana republic,Search | Consideration | Non Brand,2025-07-13,4914.24,0.0,0.0,0,0,0,0,0,0,0,0,0,0,0,0,0,0,0,0,0,0,0,0,0,0,0,0,0,0,0,2,0,0,0,0,0,0,0,0,0,0,0,0,2,0,0
banana republic,Search | Consideration | Non Brand,2025-07-20,5181.42,0.0,0.0,0,0,0,0,0,0,0,0,0,0,0,0,0,0,0,0,0,0,0,0,0,0,0,0,0,0,0,1,2,0,0,0,0,0,0,0,0,0,0,0,2,0,0
banana republic,Search | Consideration | Non Brand,2025-07-27,4293.04,0.0,0.0,0,0,0,0,0,0,0,0,0,0,0,0,0,0,0,0,0,0,0,0,0,0,0,0,0,0,0,0,2,0,0,0,0,0,0,0,0,0,0,0,2,0,0
banana republic,Search | Consideration | Non Brand,2025-08-03,2182.7799999999997,0.0,0.0,0,0,0,0,0,0,0,0,0,0,0,0,0,0,0,0,0,0,0,0,0,0,0,0,0,0,0,0,1,0,0,0,0,0,0,0,0,0,0,0,1,0,0
banana republic,Search | Consideration | Non Brand,2025-08-10,1836.96,0.0,0.0,0,0,0,0,0,0,0,0,0,0,0,0,0,0,0,0,0,0,0,0,0,0,0,0,0,0,0,0,0,0,0,0,0,0,0,0,0,0,0,0,0,0,0
banana republic,Search | Consideration | Non Brand,2025-08-17,1946.28,0.0,0.0,0,0,0,0,0,0,0,0,0,0,0,0,0,0,0,0,0,0,0,0,0,0,0,0,0,0,0,0,0,0,0,0,0,0,0,0,0,0,0,0,0,0,0
banana republic,Search | Consideration | Non Brand,2025-08-24,1936.24,0.0,0.0,0,0,0,0,0,0,0,0,0,0,0,0,0,0,0,0,0,0,0,0,0,0,0,0,0,0,0,0,0,0,0,0,0,0,0,1,0,1,0,0,0,0,0
banana republic,Search | Consideration | Non Brand,2025-08-31,1362.02,684.9000000000001,1316.0,0,0,0,0,0,0,0,0,0,0,0,0,0,0,0,0,0,0,0,0,0,0,0,0,0,0,0,0,0,0,0,0,0,0,0,1,0,1,0,0,0,0,0
banana republic,Search | Consideration | Non Brand,2025-09-07,1672.04,0.0,1080.0,0,1,0,0,0,0,0,0,0,0,0,0,0,0,0,0,0,0,0,0,0,0,0,0,0,0,0,0,0,0,0,0,0,0,0,0,0,0,1,0,0,0,0
banana republic,Search | Consideration | Non Brand,2025-09-14,2651.85,730.0,1333.0,0,2,0,0,0,0,0,0,0,0,0,0,0,0,0,0,0,0,0,0,0,0,0,0,0,0,0,0,0,0,0,0,0,0,0,0,0,0,2,0,0,0,0
banana republic,Search | Consideration | Non Brand,2025-09-21,2491.53,1394.0,1422.0,0,1,0,0,0,0,0,0,0,0,0,0,0,0,0,0,0,0,0,0,0,0,0,0,0,0,0,0,0,0,0,0,0,0,0,0,0,0,1,0,0,0,0
banana republic,Search | Consideration | Non Brand,2025-09-28,1456.51,220.0,1132.0,0,0,0,0,0,0,0,0,0,0,0,0,0,0,0,0,0,0,0,0,0,0,0,0,0,0,0,0,0,0,0,0,0,0,0,0,0,0,0,0,0,0,0
banana republic,Search | Consideration | Non Brand,2025-10-05,2460.92,440.0,1611.0,0,0,0,0,0,0,0,0,0,0,0,0,0,0,0,0,0,0,0,0,0,0,0,0,0,0,0,0,0,0,0,0,0,0,0,0,0,0,0,0,0,0,0
banana republic,Search | Consideration | Non Brand,2025-10-12,3132.11,1219.0,2096.0,0,0,0,0,0,0,0,0,0,0,0,0,0,0,0,0,0,0,0,0,0,0,0,0,0,0,0,0,0,0,0,0,0,0,0,0,0,0,0,0,0,0,0
banana republic,Search | Consideration | Non Brand,2025-10-19,2409.36,758.52,1630.0,0,0,0,0,0,0,0,0,0,0,0,0,0,0,0,0,0,0,0,0,0,0,0,0,0,0,0,0,0,0,0,0,0,0,0,0,0,0,0,0,0,0,0
banana republic,Search | Consideration | Non Brand,2025-10-26,2300.5,5951.25,1507.0,0,0,0,0,0,0,0,0,0,0,0,0,0,0,0,0,0,0,0,0,0,0,0,0,0,0,0,0,0,0,0,0,0,0,0,0,0,0,0,0,0,0,0
banana republic,Search | Consideration | Non Brand,2025-11-02,2680.5,2009.95,1658.0,0,0,0,0,0,0,0,0,0,0,0,0,0,0,2,0,0,0,0,0,0,0,0,0,0,0,0,0,0,0,0,0,0,0,0,0,0,0,2,0,0,0,0
banana republic,Search | Consideration | Non Brand,2025-11-09,3110.42,1465.98,2140.0,0,0,0,0,0,0,0,0,0,0,0,0,0,0,1,0,0,0,0,0,0,0,0,0,0,0,0,0,0,0,0,0,0,0,0,0,0,0,1,0,0,0,0
banana republic,Search | Consideration | Non Brand,2025-11-16,3045.42,1110.0,2375.0,0,0,0,0,0,0,0,0,0,0,0,0,0,0,0,0,0,0,0,0,0,0,0,0,0,0,0,0,0,0,0,0,0,0,0,0,0,0,0,0,0,0,0
banana republic,Search | Consideration | Non Brand,2025-11-23,10634.61,11453.880000000001,5315.0,0,0,0,0,0,0,0,0,0,0,0,0,0,0,0,0,0,0,0,0,0,0,0,0,0,0,0,0,0,2,0,0,0,0,0,0,0,0,2,0,0,0,0
banana republic,Search | Consideration | Non Brand,2025-11-30,6762.92,3013.95,4136.0,0,0,0,0,0,0,0,0,0,0,0,0,0,0,0,0,0,2,0,0,0,0,0,0,0,0,0,0,0,0,0,0,0,0,0,0,0,0,2,0,0,0,0
banana republic,Search | Consideration | Non Brand,2025-12-07,5934.63,2105.98,3703.0,0,0,0,0,0,0,0,0,0,0,0,0,0,0,0,0,0,0,0,0,0,0,0,0,0,0,0,0,0,0,2,0,0,0,0,0,0,0,2,0,0,0,0
banana republic,Search | Consideration | Non Brand,2025-12-14,4168.55,2628.95,2871.0,0,0,0,0,0,0,0,0,0,0,0,0,0,0,0,0,0,0,0,0,0,0,0,0,0,0,0,0,0,0,1,0,0,0,0,0,2,2,1,0,0,0,0
banana republic,Search | Consideration | Non Brand,2025-12-21,4859.59,1624.96,3321.0,0,0,0,0,0,0,0,0,0,0,0,0,0,0,0,0,0,0,0,0,0,0,0,0,0,0,0,0,0,0,0,1,0,0,0,0,2,2,0,0,1,0,0
banana republic,Search | Consideration | Non Brand,2025-12-28,4204.95,2162.3,3410.0,0,0,0,0,0,0,0,0,0,0,0,0,0,0,0,0,0,0,0,0,0,0,0,0,0,0,0,0,0,0,0,2,0,0,0,0,0,0,0,0,2,0,0
banana republic,Search | Consideration | Non Brand,2026-01-04,2529.0,1731.91,2299.0,0,0,0,0,0,0,0,0,0,0,0,0,0,0,0,0,0,0,0,0,0,0,0,0,0,0,0,0,0,0,0,1,2,0,0,0,0,0,0,0,2,0,0
banana republic,Search | Consideration | Non Brand,2026-01-11,2613.19,720.56,2181.0,0,0,0,0,0,0,0,0,0,0,0,0,0,0,0,0,0,0,0,0,0,0,0,0,0,0,0,0,0,0,0,0,1,2,0,0,0,0,0,0,2,0,0
banana republic,Search | Consideration | Non Brand,2026-01-18,2789.09,1828.8,2443.0,0,0,0,0,0,0,0,0,0,0,0,0,0,0,0,0,0,0,0,0,0,0,0,0,0,0,0,0,0,0,0,0,0,2,0,0,0,0,0,0,2,0,0
banana republic,Search | Consideration | Non Brand,2026-01-25,2179.55,1157.87,2072.0,0,0,0,0,0,0,0,0,0,0,0,0,0,0,0,0,0,0,0,0,0,0,0,0,0,0,0,0,0,0,0,0,0,0,0,0,0,0,0,0,0,0,0
banana republic,Search | Consideration | Non Brand,2026-02-01,2011.9099999999999,564.96,1975.0,0,0,0,0,0,0,0,0,0,0,0,0,0,0,0,0,0,0,0,0,0,0,0,0,0,0,0,0,0,0,0,0,0,0,0,0,0,0,0,0,0,0,0
banana republic,Search | Consideration | Non Brand,2026-02-08,2482.58,1092.97,1988.0,0,0,0,0,0,0,0,0,0,0,0,0,0,0,0,0,0,0,0,0,0,0,0,0,0,0,0,0,0,0,0,0,0,0,0,0,0,0,0,0,0,0,0
banana republic,Search | Consideration | Non Brand,2026-02-15,2706.44,1582.96,2140.0,0,0,0,0,0,0,0,0,0,0,0,0,0,0,0,0,0,0,0,0,0,0,0,0,0,0,0,0,0,0,0,0,0,0,0,0,0,0,0,0,0,0,0
banana republic,Search | Consideration | Non Brand,2026-02-22,2978.98,904.31,2188.0,0,0,0,0,0,0,0,0,0,0,0,0,0,0,0,0,0,0,0,0,0,0,0,0,0,0,0,0,0,0,0,0,0,0,0,0,0,0,0,0,0,0,0
banana republic,Search | Consideration | Non Brand,2026-03-01,1521.77,1658.99,1367.0,0,0,0,0,0,0,0,0,0,0,0,0,0,0,0,0,0,0,0,0,0,0,0,0,0,0,0,0,0,0,0,0,0,0,0,0,0,0,0,0,0,0,0
banana republic,Search | Consideration | Non Brand,2026-03-08,3709.41,2262.72,2241.0,0,1,0,0,0,0,0,0,0,0,0,0,0,0,0,0,0,0,0,0,0,0,0,0,0,0,0,0,0,0,0,0,0,0,0,0,0,0,1,0,0,0,0
banana republic,Search | Consideration | Non Brand,2026-03-15,5611.88,5894.1900000000005,2961.0,0,2,0,0,0,0,0,0,0,0,0,0,0,0,0,0,0,0,0,0,0,0,0,0,0,0,0,0,0,0,0,0,0,0,0,0,0,0,2,0,0,0,0
banana republic,Search | Consideration | Non Brand,2026-03-22,2701.3,1700.76,2143.0,0,1,0,0,0,0,0,0,0,0,0,0,0,0,0,0,0,0,0,0,0,0,0,0,0,0,0,0,0,0,0,0,0,0,0,0,0,0,1,0,0,0,0
banana republic,Search | Consideration | Non Brand,2026-03-29,1595.22,1981.97,1479.0,0,0,0,0,0,0,0,0,0,0,0,0,0,0,0,0,0,0,0,0,0,0,0,0,0,0,0,0,0,0,0,0,0,0,1,0,0,0,0,0,0,0,1
banana republic,Search | Consideration | Non Brand,2026-04-05,3310.79,3026.58,2279.0,0,0,0,0,0,0,0,0,0,0,0,0,0,0,0,0,0,0,0,0,0,0,0,0,0,0,0,0,0,0,0,0,0,0,1,0,0,0,0,0,0,0,1
banana republic,Search | Consideration | Non Brand,2026-04-12,1911.01,805.96,1691.0,0,0,0,0,0,0,0,0,0,0,0,0,0,0,0,0,0,0,0,0,0,0,0,0,0,0,0,0,0,0,0,0,0,0,0,0,0,0,0,0,0,0,0
banana republic,Search | Consideration | Non Brand,2026-04-19,1082.87,312.99,1137.0,0,0,0,0,0,0,0,0,0,0,0,0,0,0,0,0,0,0,0,0,0,0,0,0,0,0,0,0,0,0,0,0,0,0,0,0,0,0,0,0,0,0,0
banana republic,Search | Consideration | Non Brand,2026-04-26,2022.58,1491.53,1487.0,0,0,0,0,0,0,0,0,0,0,0,0,0,0,0,0,0,0,0,0,0,0,0,0,0,0,0,0,0,0,0,0,0,0,0,0,0,0,0,0,0,0,0
banana republic,Search | Consideration | Non Brand,2026-05-03,2524.38,2185.95,1832.0,0,0,0,0,0,0,0,0,0,0,0,0,0,0,0,0,0,0,0,0,0,0,0,0,0,0,0,0,0,0,0,0,0,0,0,0,0,0,0,0,0,0,0
banana republic,Search | Consideration | Non Brand,2026-05-10,2032.57,982.0,1677.0,0,0,0,0,0,0,0,0,0,0,0,0,0,0,0,0,0,0,0,0,0,0,0,0,0,0,0,0,0,0,0,0,0,0,0,0,0,0,0,0,0,0,0
banana republic,Search | Consideration | Non Brand,2026-05-17,3515.42,2391.48,2599.0,0,0,0,0,0,0,0,0,0,0,0,0,0,0,0,0,0,0,0,0,0,0,0,0,1,0,0,0,0,0,0,0,0,0,0,0,0,0,0,0,0,0,1
banana republic,Search | Consideration | Non Brand,2026-05-24,3704.8199999999997,5729.12,2917.0,0,0,0,0,0,0,0,0,0,0,0,0,0,0,0,0,0,0,0,0,0,0,0,0,1,0,0,0,0,0,0,0,0,0,0,0,0,0,0,0,0,0,1
banana republic,Search | Conversion | Ad Marketplace,2025-04-06,1907.3799999999999,7811.39,889.0,0,0,0,0,0,0,0,0,0,0,0,0,0,0,0,0,0,0,0,0,0,0,0,0,0,0,0,0,0,0,0,0,0,0,0,0,0,0,0,0,0,0,0
banana republic,Search | Conversion | Ad Marketplace,2025-04-13,7990.25,13384.85,4752.0,0,0,0,0,0,0,0,0,0,0,0,0,0,0,0,0,0,0,0,0,0,0,0,0,0,0,0,0,0,0,0,0,0,0,1,0,0,0,0,0,0,0,1
banana republic,Search | Conversion | Ad Marketplace,2025-04-20,12822.54,14181.46,8599.0,0,0,0,0,0,0,0,0,0,0,0,0,0,0,0,0,0,0,0,0,0,0,0,0,0,0,0,0,0,0,0,0,0,0,1,0,0,0,0,0,0,0,1
banana republic,Search | Conversion | Ad Marketplace,2025-04-27,13616.3,13568.09,7426.0,0,0,0,0,0,0,0,0,0,0,0,0,0,0,0,0,0,0,0,0,0,0,0,0,0,0,0,0,0,0,0,0,0,0,0,0,0,0,0,0,0,0,0
banana republic,Search | Conversion | Ad Marketplace,2025-05-04,12113.79,10618.2,4940.0,0,0,0,0,0,0,0,0,0,0,0,0,0,0,0,0,0,0,0,0,0,0,0,0,0,0,0,0,0,0,0,0,0,0,0,0,0,0,0,0,0,0,0
banana republic,Search | Conversion | Ad Marketplace,2025-05-11,13501.460000000001,17665.11,8178.0,0,0,0,0,0,0,0,0,0,0,0,0,0,0,0,0,0,0,0,0,0,0,0,0,0,0,0,0,0,0,0,0,0,0,0,0,0,0,0,0,0,0,0
banana republic,Search | Conversion | Ad Marketplace,2025-05-18,14668.12,21524.059999999998,11062.0,0,0,0,0,0,0,0,0,0,0,0,0,0,0,0,0,0,0,0,0,0,0,0,0,1,0,0,0,0,0,0,0,0,0,0,0,0,0,0,0,0,0,1
banana republic,Search | Conversion | Ad Marketplace,2025-05-25,14880.710000000001,26306.73,8403.0,0,0,0,0,0,0,0,0,0,0,0,0,0,0,0,0,0,0,0,0,0,0,0,0,1,0,0,0,0,0,0,0,0,0,0,0,0,0,0,0,0,0,1
banana republic,Search | Conversion | Ad Marketplace,2025-06-01,929.32,1610.02,563.0,0,0,0,0,0,0,0,0,0,0,0,0,0,0,0,0,0,0,0,0,0,0,0,0,0,0,0,0,0,0,0,0,0,0,0,0,0,0,0,0,0,0,0
banana republic,Search | Conversion | Brand,2024-07-28,2715.21,255595.83000000002,54966.0,0,0,0,0,0,0,0,0,0,0,0,0,0,0,0,0,0,0,0,0,0,0,0,0,0,0,0,0,2,0,0,0,0,0,0,0,0,0,0,0,2,0,0
banana republic,Search | Conversion | Brand,2024-08-04,7539.43,560969.61,126871.0,0,0,0,0,0,0,0,0,0,0,0,0,0,0,0,0,0,0,0,0,0,0,0,0,0,0,0,0,1,0,0,0,0,0,0,0,0,0,0,0,1,0,0
banana republic,Search | Conversion | Brand,2024-08-11,8199.28,560409.46,128811.0,0,0,0,0,0,0,0,0,0,0,0,0,0,0,0,0,0,0,0,0,0,0,0,0,0,0,0,0,0,0,0,0,0,0,0,0,0,0,0,0,0,0,0
banana republic,Search | Conversion | Brand,2024-08-18,8700.49,663442.62,145783.0,0,0,0,0,0,0,0,0,0,0,0,0,0,0,0,0,0,0,0,0,0,0,0,0,0,0,0,0,0,0,0,0,0,0,0,0,0,0,0,0,0,0,0
banana republic,Search | Conversion | Brand,2024-08-25,8415.1,706688.3099999999,149400.0,0,0,0,0,0,0,0,0,0,0,0,0,0,0,0,0,0,0,0,0,0,0,0,0,0,0,0,0,0,0,0,0,0,0,0,0,0,0,0,0,0,0,0
banana republic,Search | Conversion | Brand,2024-09-01,9307.43,705778.15,156174.0,0,0,0,0,0,0,0,0,0,0,0,0,0,0,0,0,0,0,0,0,0,0,0,0,0,0,0,0,0,0,0,0,0,0,0,0,0,0,0,0,0,0,0
banana republic,Search | Conversion | Brand,2024-09-08,8732.32,728165.8200000001,142265.0,0,0,0,0,0,0,0,0,0,0,0,0,0,0,0,0,0,0,0,0,0,0,0,0,0,0,0,0,0,0,0,0,0,0,0,0,0,0,0,0,0,0,0
banana republic,Search | Conversion | Brand,2024-09-15,14118.66,1648405.73,198707.0,0,2,0,0,0,0,0,0,0,0,0,0,0,0,0,0,0,0,0,0,0,0,0,0,0,0,0,0,0,0,0,0,0,0,0,0,0,0,2,0,0,0,0
banana republic,Search | Conversion | Brand,2024-09-22,20050.94,1768834.0899999999,208847.0,0,2,0,0,0,0,0,0,0,0,0,0,0,0,0,0,0,0,0,0,0,0,0,0,0,0,0,0,0,0,0,0,0,0,0,0,0,0,2,0,0,0,0
banana republic,Search | Conversion | Brand,2024-09-29,8948.35,988929.06,180977.0,0,1,0,0,0,0,0,0,0,0,0,0,0,0,0,0,0,0,0,0,0,0,0,0,0,0,0,0,0,0,0,0,0,0,0,0,0,0,1,0,0,0,0
banana republic,Search | Conversion | Brand,2024-10-06,7673.610000000001,753658.43,149600.0,0,0,0,0,0,0,0,0,0,0,0,0,0,0,0,0,0,0,0,0,0,0,0,0,0,0,0,0,0,0,0,0,0,0,0,0,0,0,0,0,0,0,0
banana republic,Search | Conversion | Brand,2024-10-13,10549.17,890012.36,166766.0,0,0,0,0,0,0,0,0,0,0,0,0,0,0,0,0,0,0,0,0,0,0,0,0,0,0,0,0,0,0,0,0,0,0,0,0,0,0,0,0,0,0,0
banana republic,Search | Conversion | Brand,2024-10-20,8572.58,725210.1900000001,160056.0,0,0,0,0,0,0,0,0,0,0,0,0,0,0,0,0,0,0,0,0,0,0,0,0,0,0,0,0,0,0,0,0,0,0,0,0,0,0,0,0,0,0,0
banana republic,Search | Conversion | Brand,2024-10-27,8004.62,1008891.44,174696.0,0,0,0,0,0,0,0,0,0,0,0,0,0,0,1,0,0,0,0,0,0,0,0,0,0,0,0,0,0,0,0,0,0,0,0,0,0,0,1,0,0,0,0
banana republic,Search | Conversion | Brand,2024-11-03,13093.15,1583750.99,198081.0,0,0,0,0,0,0,0,0,0,0,0,0,0,0,2,0,0,0,0,0,0,0,0,0,0,0,0,0,0,0,0,0,0,0,0,0,0,0,2,0,0,0,0
banana republic,Search | Conversion | Brand,2024-11-10,11472.11,1077731.79,204639.0,0,0,0,0,0,0,0,0,0,0,0,0,0,0,1,0,0,0,0,0,0,0,0,0,0,0,0,0,0,0,0,0,0,0,0,0,0,0,1,0,0,0,0
banana republic,Search | Conversion | Brand,2024-11-17,8548.2,924252.79,219996.0,0,0,0,0,0,0,0,0,0,0,0,0,0,0,0,0,0,0,0,0,0,0,0,0,0,0,0,0,0,0,0,0,0,0,0,0,0,0,0,0,0,0,0
banana republic,Search | Conversion | Brand,2024-11-24,37131.7,3752285.08,428639.0,0,0,0,0,0,0,0,0,0,0,0,0,0,0,0,0,0,0,0,0,0,0,0,0,0,0,0,0,0,2,0,0,0,0,0,0,0,0,2,0,0,0,0
banana republic,Search | Conversion | Brand,2024-12-01,60361.78,2870247.74,355304.0,0,0,0,0,0,0,0,0,0,0,0,0,0,0,0,0,0,2,0,0,0,0,0,0,0,0,0,0,0,0,0,0,0,0,0,0,0,0,2,0,0,0,0
banana republic,Search | Conversion | Brand,2024-12-08,21921.760000000002,1343829.85,231370.0,0,0,0,0,0,0,0,0,0,0,0,0,0,0,0,0,0,0,0,0,0,0,0,0,0,0,0,0,0,0,1,0,0,0,0,0,0,0,1,0,0,0,0
banana republic,Search | Conversion | Brand,2024-12-15,17298.34,1049907.3,199076.0,0,0,0,0,0,0,0,0,0,0,0,0,0,0,0,0,0,0,0,0,0,0,0,0,0,0,0,0,0,0,1,0,0,0,0,0,0,0,1,0,0,0,0
banana republic,Search | Conversion | Brand,2024-12-22,14069.449999999999,697810.77,180818.0,0,0,0,0,0,0,0,0,0,0,0,0,0,0,0,0,0,0,0,0,0,0,0,0,0,0,0,0,0,0,0,1,0,0,0,0,0,0,0,0,1,0,0
banana republic,Search | Conversion | Brand,2024-12-29,11564.19,721270.5,173220.0,0,0,0,0,0,0,0,0,0,0,0,0,0,0,0,0,0,0,0,0,0,0,0,0,0,0,0,0,0,0,0,2,1,0,0,0,0,0,0,0,2,0,0
banana republic,Search | Conversion | Brand,2025-01-05,9392.03,676604.1799999999,138740.0,0,0,0,0,0,0,0,0,0,0,0,0,0,0,0,0,0,0,0,0,0,0,0,0,0,0,0,0,0,0,0,0,2,0,0,0,0,0,0,0,2,0,0
banana republic,Search | Conversion | Brand,2025-01-12,11593.86,734328.51,140623.0,0,0,0,0,0,0,0,0,0,0,0,0,0,0,0,0,0,0,0,0,0,0,0,0,0,0,0,0,0,0,0,0,1,2,0,0,0,0,0,0,2,0,0
banana republic,Search | Conversion | Brand,2025-01-19,13311.57,726978.6,138732.0,0,0,0,0,0,0,0,0,0,0,0,0,0,0,0,0,0,0,0,0,0,0,0,0,0,0,0,0,0,0,0,0,0,2,0,0,0,0,0,0,2,0,0
banana republic,Search | Conversion | Brand,2025-01-26,10999.72,704352.6699999999,145961.0,0,0,0,0,0,0,0,0,0,0,0,0,0,0,0,0,0,0,0,0,0,0,0,0,0,0,0,0,0,0,0,0,0,0,0,0,0,0,0,0,0,0,0
banana republic,Search | Conversion | Brand,2025-02-02,11249.91,692351.97,142872.0,0,0,0,0,0,0,0,0,0,0,0,0,0,0,0,0,0,0,0,0,0,0,0,0,0,0,0,0,0,0,0,0,0,0,0,0,0,0,0,0,0,0,0
banana republic,Search | Conversion | Brand,2025-02-09,9697.51,655993.14,130614.0,0,0,0,0,0,0,0,0,0,0,0,0,0,0,0,0,0,0,0,0,0,0,0,0,0,0,0,0,0,0,0,0,0,0,0,0,0,0,0,0,0,0,0
banana republic,Search | Conversion | Brand,2025-02-16,13981.46,743215.86,139250.0,0,0,0,0,0,0,0,0,0,0,0,0,0,0,0,0,0,0,0,0,0,0,0,0,0,0,0,0,0,0,0,0,0,0,0,0,0,0,0,0,0,0,0
banana republic,Search | Conversion | Brand,2025-02-23,15735.82,810134.7,150216.0,0,0,0,0,0,0,0,0,0,0,0,0,0,0,0,0,0,0,0,0,0,0,0,0,0,0,0,0,0,0,0,0,0,0,0,0,0,0,0,0,0,0,0
banana republic,Search | Conversion | Brand,2025-03-02,12779.44,799674.86,151314.0,0,0,0,0,0,0,0,0,0,0,0,0,0,0,0,0,0,0,0,0,0,0,0,0,0,0,0,0,0,0,0,0,0,0,0,0,0,0,0,0,0,0,0
banana republic,Search | Conversion | Brand,2025-03-09,12447.74,835867.3400000001,151281.0,0,0,0,0,0,0,0,0,0,0,0,0,0,0,0,0,0,0,0,0,0,0,0,0,0,0,0,0,0,0,0,0,0,0,0,0,0,0,0,0,0,0,0
banana republic,Search | Conversion | Brand,2025-03-16,14682.43,988347.06,158360.0,0,0,0,0,0,0,0,0,0,0,0,0,0,0,0,0,0,0,0,0,0,0,0,0,0,0,0,0,0,0,0,0,0,0,0,0,0,0,0,0,0,0,0
banana republic,Search | Conversion | Brand,2025-03-23,20872.4,1988910.97,194402.0,0,2,0,0,0,0,0,0,0,0,0,0,0,0,0,0,0,0,0,0,0,0,0,0,0,0,0,0,0,0,0,0,0,0,0,0,0,0,2,0,0,0,0
banana republic,Search | Conversion | Brand,2025-03-30,18365.53,1283924.87,175082.0,0,1,0,0,0,0,0,0,0,0,0,0,0,0,0,0,0,0,0,0,0,0,0,0,0,0,0,0,0,0,0,0,0,0,0,0,0,0,1,0,0,0,0
banana republic,Search | Conversion | Brand,2025-04-06,14754.36,804821.49,160174.0,0,0,0,0,0,0,0,0,0,0,0,0,0,0,0,0,0,0,0,0,0,0,0,0,0,0,0,0,0,0,0,0,0,0,0,0,0,0,0,0,0,0,0
banana republic,Search | Conversion | Brand,2025-04-13,15205.73,907738.22,154222.0,0,0,0,0,0,0,0,0,0,0,0,0,0,0,0,0,0,0,0,0,0,0,0,0,0,0,0,0,0,0,0,0,0,0,1,0,0,0,0,0,0,0,1
banana republic,Search | Conversion | Brand,2025-04-20,14611.65,927043.05,159259.0,0,0,0,0,0,0,0,0,0,0,0,0,0,0,0,0,0,0,0,0,0,0,0,0,0,0,0,0,0,0,0,0,0,0,1,0,0,0,0,0,0,0,1
banana republic,Search | Conversion | Brand,2025-04-27,14851.11,946238.67,170982.0,0,0,0,0,0,0,0,0,0,0,0,0,0,0,0,0,0,0,0,0,0,0,0,0,0,0,0,0,0,0,0,0,0,0,0,0,0,0,0,0,0,0,0
banana republic,Search | Conversion | Brand,2025-05-04,14076.03,784121.48,139450.0,0,0,0,0,0,0,0,0,0,0,0,0,0,0,0,0,0,0,0,0,0,0,0,0,0,0,0,0,0,0,0,0,0,0,0,0,0,0,0,0,0,0,0
banana republic,Search | Conversion | Brand,2025-05-11,14980.06,833190.23,145783.0,0,0,0,0,0,0,0,0,0,0,0,0,0,0,0,0,0,0,0,0,0,0,0,0,0,0,0,0,0,0,0,0,0,0,0,0,0,0,0,0,0,0,0
banana republic,Search | Conversion | Brand,2025-05-18,18791.5,999347.03,161524.0,0,0,0,0,0,0,0,0,0,0,0,0,0,0,0,0,0,0,0,0,0,0,0,0,1,0,0,0,0,0,0,0,0,0,0,0,0,0,0,0,0,0,1
banana republic,Search | Conversion | Brand,2025-05-25,16608.89,1132027.62,170330.0,0,0,0,0,0,0,0,0,0,0,0,0,0,0,0,0,0,0,0,0,0,0,0,0,1,0,0,0,0,0,0,0,0,0,0,0,0,0,0,0,0,0,1
banana republic,Search | Conversion | Brand,2025-06-01,13434.08,883551.17,159105.0,0,0,0,0,0,0,0,0,0,0,0,0,0,0,0,0,0,0,0,0,0,0,0,0,0,0,0,0,0,0,0,0,0,0,0,0,0,0,0,0,0,0,0
banana republic,Search | Conversion | Brand,2025-06-08,16956.54,809043.9400000001,151651.0,0,0,0,0,0,0,0,0,0,0,0,0,0,0,0,0,0,0,0,0,0,0,0,0,0,0,0,0,0,0,0,0,0,0,0,0,0,0,0,0,0,0,0
banana republic,Search | Conversion | Brand,2025-06-15,11562.33,819976.13,148880.0,0,0,0,0,0,0,0,0,0,0,0,0,0,0,0,0,0,0,0,0,0,0,0,0,0,0,0,0,0,0,0,0,0,0,0,0,0,0,0,0,0,0,0
banana republic,Search | Conversion | Brand,2025-06-22,12404.43,781618.96,147535.0,0,0,0,0,0,0,0,0,0,0,0,0,0,0,0,0,0,0,0,0,0,0,0,0,0,1,0,0,0,0,0,0,0,0,0,0,0,0,0,0,1,0,0
banana republic,Search | Conversion | Brand,2025-06-29,11586.25,791537.55,148627.0,0,0,0,0,0,0,0,0,0,0,0,0,0,0,0,0,0,0,0,0,0,0,0,0,0,1,2,0,0,0,0,0,0,0,0,0,0,0,0,0,2,0,0
banana republic,Search | Conversion | Brand,2025-07-06,11168.39,759601.14,142032.0,0,0,0,0,0,0,0,0,0,0,0,0,0,0,0,0,0,0,0,0,0,0,0,0,0,0,2,1,0,0,0,0,0,0,0,0,0,0,0,0,2,0,0
banana republic,Search | Conversion | Brand,2025-07-13,12092.7,801620.78,140642.0,0,0,0,0,0,0,0,0,0,0,0,0,0,0,0,0,0,0,0,0,0,0,0,0,0,0,0,2,0,0,0,0,0,0,0,0,0,0,0,0,2,0,0
banana republic,Search | Conversion | Brand,2025-07-20,13005.29,752383.76,142723.0,0,0,0,0,0,0,0,0,0,0,0,0,0,0,0,0,0,0,0,0,0,0,0,0,0,0,0,1,2,0,0,0,0,0,0,0,0,0,0,0,2,0,0
banana republic,Search | Conversion | Brand,2025-07-27,12811.48,789185.27,144795.0,0,0,0,0,0,0,0,0,0,0,0,0,0,0,0,0,0,0,0,0,0,0,0,0,0,0,0,0,2,0,0,0,0,0,0,0,0,0,0,0,2,0,0
banana republic,Search | Conversion | Brand,2025-08-03,11320.56,677596.57,142627.0,0,0,0,0,0,0,0,0,0,0,0,0,0,0,0,0,0,0,0,0,0,0,0,0,0,0,0,0,1,0,0,0,0,0,0,0,0,0,0,0,1,0,0
banana republic,Search | Conversion | Brand,2025-08-10,12086.3,706101.14,146407.0,0,0,0,0,0,0,0,0,0,0,0,0,0,0,0,0,0,0,0,0,0,0,0,0,0,0,0,0,0,0,0,0,0,0,0,0,0,0,0,0,0,0,0
banana republic,Search | Conversion | Brand,2025-08-17,10835.34,685360.85,148785.0,0,0,0,0,0,0,0,0,0,0,0,0,0,0,0,0,0,0,0,0,0,0,0,0,0,0,0,0,0,0,0,0,0,0,0,0,0,0,0,0,0,0,0
banana republic,Search | Conversion | Brand,2025-08-24,10996.74,727626.99,155352.0,0,0,0,0,0,0,0,0,0,0,0,0,0,0,0,0,0,0,0,0,0,0,0,0,0,0,0,0,0,0,0,0,0,0,0,1,0,1,0,0,0,0,0
banana republic,Search | Conversion | Brand,2025-08-31,12210.31,795799.61,170385.0,0,0,0,0,0,0,0,0,0,0,0,0,0,0,0,0,0,0,0,0,0,0,0,0,0,0,0,0,0,0,0,0,0,0,0,1,0,1,0,0,0,0,0
banana republic,Search | Conversion | Brand,2025-09-07,11373.2,1379377.51,176058.0,0,1,0,0,0,0,0,0,0,0,0,0,0,0,0,0,0,0,0,0,0,0,0,0,0,0,0,0,0,0,0,0,0,0,0,0,0,0,1,0,0,0,0
banana republic,Search | Conversion | Brand,2025-09-14,21392.59,1699370.29,196279.0,0,2,0,0,0,0,0,0,0,0,0,0,0,0,0,0,0,0,0,0,0,0,0,0,0,0,0,0,0,0,0,0,0,0,0,0,0,0,2,0,0,0,0
banana republic,Search | Conversion | Brand,2025-09-21,17395.05,1043382.83,167696.0,0,1,0,0,0,0,0,0,0,0,0,0,0,0,0,0,0,0,0,0,0,0,0,0,0,0,0,0,0,0,0,0,0,0,0,0,0,0,1,0,0,0,0
banana republic,Search | Conversion | Brand,2025-09-28,8815.51,718538.01,146578.0,0,0,0,0,0,0,0,0,0,0,0,0,0,0,0,0,0,0,0,0,0,0,0,0,0,0,0,0,0,0,0,0,0,0,0,0,0,0,0,0,0,0,0
banana republic,Search | Conversion | Brand,2025-10-05,10715.02,801082.65,155417.0,0,0,0,0,0,0,0,0,0,0,0,0,0,0,0,0,0,0,0,0,0,0,0,0,0,0,0,0,0,0,0,0,0,0,0,0,0,0,0,0,0,0,0
banana republic,Search | Conversion | Brand,2025-10-12,13507.04,792215.0800000001,160888.0,0,0,0,0,0,0,0,0,0,0,0,0,0,0,0,0,0,0,0,0,0,0,0,0,0,0,0,0,0,0,0,0,0,0,0,0,0,0,0,0,0,0,0
banana republic,Search | Conversion | Brand,2025-10-19,14598.0,845754.46,163498.0,0,0,0,0,0,0,0,0,0,0,0,0,0,0,0,0,0,0,0,0,0,0,0,0,0,0,0,0,0,0,0,0,0,0,0,0,0,0,0,0,0,0,0
banana republic,Search | Conversion | Brand,2025-10-26,15216.759999999998,941757.0,172595.0,0,0,0,0,0,0,0,0,0,0,0,0,0,0,0,0,0,0,0,0,0,0,0,0,0,0,0,0,0,0,0,0,0,0,0,0,0,0,0,0,0,0,0
banana republic,Search | Conversion | Brand,2025-11-02,15535.869999999999,1522056.1600000001,198435.0,0,0,0,0,0,0,0,0,0,0,0,0,0,0,2,0,0,0,0,0,0,0,0,0,0,0,0,0,0,0,0,0,0,0,0,0,0,0,2,0,0,0,0
banana republic,Search | Conversion | Brand,2025-11-09,17012.739999999998,1239534.44,210664.0,0,0,0,0,0,0,0,0,0,0,0,0,0,0,1,0,0,0,0,0,0,0,0,0,0,0,0,0,0,0,0,0,0,0,0,0,0,0,1,0,0,0,0
banana republic,Search | Conversion | Brand,2025-11-16,15418.130000000001,902755.84,227953.0,0,0,0,0,0,0,0,0,0,0,0,0,0,0,0,0,0,0,0,0,0,0,0,0,0,0,0,0,0,0,0,0,0,0,0,0,0,0,0,0,0,0,0
banana republic,Search | Conversion | Brand,2025-11-23,51167.92,3797018.9299999997,431981.0,0,0,0,0,0,0,0,0,0,0,0,0,0,0,0,0,0,0,0,0,0,0,0,0,0,0,0,0,0,2,0,0,0,0,0,0,0,0,2,0,0,0,0
banana republic,Search | Conversion | Brand,2025-11-30,55301.74,2757802.61,345537.0,0,0,0,0,0,0,0,0,0,0,0,0,0,0,0,0,0,2,0,0,0,0,0,0,0,0,0,0,0,0,0,0,0,0,0,0,0,0,2,0,0,0,0
banana republic,Search | Conversion | Brand,2025-12-07,22369.09,1410877.25,223690.0,0,0,0,0,0,0,0,0,0,0,0,0,0,0,0,0,0,0,0,0,0,0,0,0,0,0,0,0,0,0,2,0,0,0,0,0,0,0,2,0,0,0,0
banana republic,Search | Conversion | Brand,2025-12-14,17805.61,1125845.79,199223.0,0,0,0,0,0,0,0,0,0,0,0,0,0,0,0,0,0,0,0,0,0,0,0,0,0,0,0,0,0,0,1,0,0,0,0,0,2,2,1,0,0,0,0
banana republic,Search | Conversion | Brand,2025-12-21,11442.32,652538.99,171252.0,0,0,0,0,0,0,0,0,0,0,0,0,0,0,0,0,0,0,0,0,0,0,0,0,0,0,0,0,0,0,0,1,0,0,0,0,2,2,0,0,1,0,0
banana republic,Search | Conversion | Brand,2025-12-28,10714.51,816403.08,179476.0,0,0,0,0,0,0,0,0,0,0,0,0,0,0,0,0,0,0,0,0,0,0,0,0,0,0,0,0,0,0,0,2,0,0,0,0,0,0,0,0,2,0,0
banana republic,Search | Conversion | Brand,2026-01-04,8296.26,684015.62,142748.0,0,0,0,0,0,0,0,0,0,0,0,0,0,0,0,0,0,0,0,0,0,0,0,0,0,0,0,0,0,0,0,1,2,0,0,0,0,0,0,0,2,0,0
banana republic,Search | Conversion | Brand,2026-01-11,8219.7,748401.22,139071.0,0,0,0,0,0,0,0,0,0,0,0,0,0,0,0,0,0,0,0,0,0,0,0,0,0,0,0,0,0,0,0,0,1,2,0,0,0,0,0,0,2,0,0
banana republic,Search | Conversion | Brand,2026-01-18,9100.66,747553.87,143679.0,0,0,0,0,0,0,0,0,0,0,0,0,0,0,0,0,0,0,0,0,0,0,0,0,0,0,0,0,0,0,0,0,0,2,0,0,0,0,0,0,2,0,0
banana republic,Search | Conversion | Brand,2026-01-25,9481.32,710296.38,137378.0,0,0,0,0,0,0,0,0,0,0,0,0,0,0,0,0,0,0,0,0,0,0,0,0,0,0,0,0,0,0,0,0,0,0,0,0,0,0,0,0,0,0,0
banana republic,Search | Conversion | Brand,2026-02-01,8973.06,668878.35,133239.0,0,0,0,0,0,0,0,0,0,0,0,0,0,0,0,0,0,0,0,0,0,0,0,0,0,0,0,0,0,0,0,0,0,0,0,0,0,0,0,0,0,0,0
banana republic,Search | Conversion | Brand,2026-02-08,7569.13,664459.89,124969.0,0,0,0,0,0,0,0,0,0,0,0,0,0,0,0,0,0,0,0,0,0,0,0,0,0,0,0,0,0,0,0,0,0,0,0,0,0,0,0,0,0,0,0
banana republic,Search | Conversion | Brand,2026-02-15,9283.42,678674.09,136553.0,0,0,0,0,0,0,0,0,0,0,0,0,0,0,0,0,0,0,0,0,0,0,0,0,0,0,0,0,0,0,0,0,0,0,0,0,0,0,0,0,0,0,0
banana republic,Search | Conversion | Brand,2026-02-22,9813.01,705224.95,138995.0,0,0,0,0,0,0,0,0,0,0,0,0,0,0,0,0,0,0,0,0,0,0,0,0,0,0,0,0,0,0,0,0,0,0,0,0,0,0,0,0,0,0,0
banana republic,Search | Conversion | Brand,2026-03-01,9958.48,762606.72,152502.0,0,0,0,0,0,0,0,0,0,0,0,0,0,0,0,0,0,0,0,0,0,0,0,0,0,0,0,0,0,0,0,0,0,0,0,0,0,0,0,0,0,0,0
banana republic,Search | Conversion | Brand,2026-03-08,14247.56,1447215.21,196211.0,0,1,0,0,0,0,0,0,0,0,0,0,0,0,0,0,0,0,0,0,0,0,0,0,0,0,0,0,0,0,0,0,0,0,0,0,0,0,1,0,0,0,0
banana republic,Search | Conversion | Brand,2026-03-15,29650.13,2288751.0300000003,233810.0,0,2,0,0,0,0,0,0,0,0,0,0,0,0,0,0,0,0,0,0,0,0,0,0,0,0,0,0,0,0,0,0,0,0,0,0,0,0,2,0,0,0,0
banana republic,Search | Conversion | Brand,2026-03-22,17582.43,1382913.79,196253.0,0,1,0,0,0,0,0,0,0,0,0,0,0,0,0,0,0,0,0,0,0,0,0,0,0,0,0,0,0,0,0,0,0,0,0,0,0,0,1,0,0,0,0
banana republic,Search | Conversion | Brand,2026-03-29,12391.97,990998.9400000001,171975.0,0,0,0,0,0,0,0,0,0,0,0,0,0,0,0,0,0,0,0,0,0,0,0,0,0,0,0,0,0,0,0,0,0,0,1,0,0,0,0,0,0,0,1
banana republic,Search | Conversion | Brand,2026-04-05,10965.55,907437.45,156598.0,0,0,0,0,0,0,0,0,0,0,0,0,0,0,0,0,0,0,0,0,0,0,0,0,0,0,0,0,0,0,0,0,0,0,1,0,0,0,0,0,0,0,1
banana republic,Search | Conversion | Brand,2026-04-12,12521.05,885627.23,160218.0,0,0,0,0,0,0,0,0,0,0,0,0,0,0,0,0,0,0,0,0,0,0,0,0,0,0,0,0,0,0,0,0,0,0,0,0,0,0,0,0,0,0,0
banana republic,Search | Conversion | Brand,2026-04-19,14876.59,1085319.08,157222.0,0,0,0,0,0,0,0,0,0,0,0,0,0,0,0,0,0,0,0,0,0,0,0,0,0,0,0,0,0,0,0,0,0,0,0,0,0,0,0,0,0,0,0
banana republic,Search | Conversion | Brand,2026-04-26,14028.32,1057849.9,162966.0,0,0,0,0,0,0,0,0,0,0,0,0,0,0,0,0,0,0,0,0,0,0,0,0,0,0,0,0,0,0,0,0,0,0,0,0,0,0,0,0,0,0,0
banana republic,Search | Conversion | Brand,2026-05-03,14241.99,1071381.79,166092.0,0,0,0,0,0,0,0,0,0,0,0,0,0,0,0,0,0,0,0,0,0,0,0,0,0,0,0,0,0,0,0,0,0,0,0,0,0,0,0,0,0,0,0
banana republic,Search | Conversion | Brand,2026-05-10,14577.04,982284.88,168584.0,0,0,0,0,0,0,0,0,0,0,0,0,0,0,0,0,0,0,0,0,0,0,0,0,0,0,0,0,0,0,0,0,0,0,0,0,0,0,0,0,0,0,0
banana republic,Search | Conversion | Brand,2026-05-17,14818.369999999999,1215461.18,177715.0,0,0,0,0,0,0,0,0,0,0,0,0,0,0,0,0,0,0,0,0,0,0,0,0,1,0,0,0,0,0,0,0,0,0,0,0,0,0,0,0,0,0,1
banana republic,Search | Conversion | Brand,2026-05-24,18280.329999999998,1321169.43,186928.0,0,0,0,0,0,0,0,0,0,0,0,0,0,0,0,0,0,0,0,0,0,0,0,0,1,0,0,0,0,0,0,0,0,0,0,0,0,0,0,0,0,0,1
banana republic,Search | Conversion | Brand,2026-05-31,13521.650000000001,947438.6699999999,166830.0,0,0,0,0,0,0,0,0,0,0,0,0,0,0,0,0,0,0,0,0,0,0,0,0,0,0,0,0,0,0,0,0,0,0,0,0,0,0,0,0,0,0,0
banana republic,Search | Conversion | Brand,2026-06-07,14779.52,934083.29,166055.0,0,0,0,0,0,0,0,0,0,0,0,0,0,0,0,0,0,0,0,0,0,0,0,0,0,0,0,0,0,0,0,0,0,0,0,0,0,0,0,0,0,0,0
banana republic,Search | Conversion | Brand,2026-06-14,12686.94,831225.16,161917.0,0,0,0,0,0,0,0,0,0,0,0,0,0,0,0,0,0,0,0,0,0,0,0,0,0,0,0,0,0,0,0,0,0,0,0,0,0,0,0,0,0,0,0
banana republic,Search | Conversion | Brand,2026-06-21,11959.380000000001,734430.45,157741.0,0,0,0,0,0,0,0,0,0,0,0,0,0,0,0,0,0,0,0,0,0,0,0,0,0,1,0,0,0,0,0,0,0,0,0,0,0,0,0,0,1,0,0
banana republic,Search | Conversion | Brand,2026-06-28,11865.03,807884.19,165251.0,0,0,0,0,0,0,0,0,0,0,0,0,0,0,0,0,0,0,0,0,0,0,0,0,0,1,2,0,0,0,0,0,0,0,0,0,0,0,0,0,2,0,0
banana republic,Search | Conversion | Brand,2026-07-05,11193.67,762770.34,159019.0,0,0,0,0,0,0,0,0,0,0,0,0,0,0,0,0,0,0,0,0,0,0,0,0,0,0,2,1,0,0,0,0,0,0,0,0,0,0,0,0,2,0,0
banana republic,Search | Conversion | Brand,2026-07-12,10575.7,719256.3,139997.0,0,0,0,0,0,0,0,0,0,0,0,0,0,0,0,0,0,0,0,0,0,0,0,0,0,0,0,2,0,0,0,0,0,0,0,0,0,0,0,0,2,0,0
banana republic,Search | Conversion | Brand,2026-07-19,12749.23,768353.05,159722.0,0,0,0,0,0,0,0,0,0,0,0,0,0,0,0,0,0,0,0,0,0,0,0,0,0,0,0,1,2,0,0,0,0,0,0,0,0,0,0,0,2,0,0
banana republic,Search | Conversion | Brand,2026-07-26,13684.02,920964.87,167029.0,0,0,0,0,0,0,0,0,0,0,0,0,0,0,0,0,0,0,0,0,0,1,0,0,0,0,0,0,1,0,0,0,0,0,0,0,0,0,0,0,1,0,1
banana republic,Search | Conversion | Brand,2026-08-02,12623.0,652161.81,152657.0,0,0,0,0,0,0,0,0,0,0,0,0,0,0,0,0,0,0,0,0,0,0,0,0,0,0,0,0,0,0,0,0,0,0,0,0,0,0,0,0,0,0,0
banana republic,Search | Conversion | Brand,2026-08-09,10334.32,647357.6,146659.0,0,0,0,0,0,0,0,0,0,0,0,0,0,0,0,0,0,0,0,0,0,0,0,0,0,0,0,0,0,0,0,0,0,0,0,0,0,0,0,0,0,0,0
banana republic,Search | Conversion | Brand,2026-08-16,10712.16,765686.28,156940.0,0,0,0,0,0,0,0,0,0,0,0,0,0,0,0,0,0,0,0,0,0,0,0,0,0,0,0,0,0,0,0,0,0,0,0,0,0,0,0,0,0,0,0
banana republic,Search | Conversion | Non Brand,2025-07-06,3656.36,2472.52,7156.0,0,0,0,0,0,0,0,0,0,0,0,0,0,0,0,0,0,0,0,0,0,0,0,0,0,0,2,1,0,0,0,0,0,0,0,0,0,0,0,0,2,0,0
banana republic,Search | Conversion | Non Brand,2025-07-13,5352.63,8763.91,8875.0,0,0,0,0,0,0,0,0,0,0,0,0,0,0,0,0,0,0,0,0,0,0,0,0,0,0,0,2,0,0,0,0,0,0,0,0,0,0,0,0,2,0,0
banana republic,Search | Conversion | Non Brand,2025-07-20,4404.2,4595.35,8837.0,0,0,0,0,0,0,0,0,0,0,0,0,0,0,0,0,0,0,0,0,0,0,0,0,0,0,0,1,2,0,0,0,0,0,0,0,0,0,0,0,2,0,0
banana republic,Search | Conversion | Non Brand,2025-07-27,9867.32,11123.73,15202.0,0,0,0,0,0,0,0,0,0,0,0,0,0,0,0,0,0,0,0,0,0,0,0,0,0,0,0,0,2,0,0,0,0,0,0,0,0,0,0,0,2,0,0
banana republic,Search | Conversion | Non Brand,2025-08-03,6090.3,8963.69,9373.0,0,0,0,0,0,0,0,0,0,0,0,0,0,0,0,0,0,0,0,0,0,0,0,0,0,0,0,0,1,0,0,0,0,0,0,0,0,0,0,0,1,0,0
banana republic,Search | Conversion | Non Brand,2025-08-10,4999.3099999999995,5721.63,7522.0,0,0,0,0,0,0,0,0,0,0,0,0,0,0,0,0,0,0,0,0,0,0,0,0,0,0,0,0,0,0,0,0,0,0,0,0,0,0,0,0,0,0,0
banana republic,Search | Conversion | Non Brand,2025-08-17,4709.68,6845.3,6512.0,0,0,0,0,0,0,0,0,0,0,0,0,0,0,0,0,0,0,0,0,0,0,0,0,0,0,0,0,0,0,0,0,0,0,0,0,0,0,0,0,0,0,0
banana republic,Search | Conversion | Non Brand,2025-08-24,6472.07,8967.71,8157.0,0,0,0,0,0,0,0,0,0,0,0,0,0,0,0,0,0,0,0,0,0,0,0,0,0,0,0,0,0,0,0,0,0,0,0,1,0,1,0,0,0,0,0
banana republic,Search | Conversion | Non Brand,2025-08-31,6325.21,8732.63,4310.0,0,0,0,0,0,0,0,0,0,0,0,0,0,0,0,0,0,0,0,0,0,0,0,0,0,0,0,0,0,0,0,0,0,0,0,1,0,1,0,0,0,0,0
banana republic,Search | Conversion | Non Brand,2025-09-07,13079.72,12429.28,5522.0,0,1,0,0,0,0,0,0,0,0,0,0,0,0,0,0,0,0,0,0,0,0,0,0,0,0,0,0,0,0,0,0,0,0,0,0,0,0,1,0,0,0,0
banana republic,Search | Conversion | Non Brand,2025-09-14,14235.48,17369.28,6653.0,0,2,0,0,0,0,0,0,0,0,0,0,0,0,0,0,0,0,0,0,0,0,0,0,0,0,0,0,0,0,0,0,0,0,0,0,0,0,2,0,0,0,0
banana republic,Search | Conversion | Non Brand,2025-09-21,3606.28,6262.55,1948.0,0,1,0,0,0,0,0,0,0,0,0,0,0,0,0,0,0,0,0,0,0,0,0,0,0,0,0,0,0,0,0,0,0,0,0,0,0,0,1,0,0,0,0
banana republic,Search | Conversion | Non Brand,2025-09-28,2061.12,1294.8400000000001,1144.0,0,0,0,0,0,0,0,0,0,0,0,0,0,0,0,0,0,0,0,0,0,0,0,0,0,0,0,0,0,0,0,0,0,0,0,0,0,0,0,0,0,0,0
banana republic,Search | Conversion | Non Brand,2025-10-05,7978.26,5259.92,4042.0,0,0,0,0,0,0,0,0,0,0,0,0,0,0,0,0,0,0,0,0,0,0,0,0,0,0,0,0,0,0,0,0,0,0,0,0,0,0,0,0,0,0,0
banana republic,Search | Conversion | Non Brand,2025-10-12,10461.4,7969.12,4566.0,0,0,0,0,0,0,0,0,0,0,0,0,0,0,0,0,0,0,0,0,0,0,0,0,0,0,0,0,0,0,0,0,0,0,0,0,0,0,0,0,0,0,0
banana republic,Search | Conversion | Non Brand,2025-10-19,11157.09,13805.43,5191.0,0,0,0,0,0,0,0,0,0,0,0,0,0,0,0,0,0,0,0,0,0,0,0,0,0,0,0,0,0,0,0,0,0,0,0,0,0,0,0,0,0,0,0
banana republic,Search | Conversion | Non Brand,2025-10-26,10954.03,13671.66,5520.0,0,0,0,0,0,0,0,0,0,0,0,0,0,0,0,0,0,0,0,0,0,0,0,0,0,0,0,0,0,0,0,0,0,0,0,0,0,0,0,0,0,0,0
banana republic,Search | Conversion | Non Brand,2025-11-02,4728.16,11991.24,2537.0,0,0,0,0,0,0,0,0,0,0,0,0,0,0,2,0,0,0,0,0,0,0,0,0,0,0,0,0,0,0,0,0,0,0,0,0,0,0,2,0,0,0,0
banana republic,Search | Conversion | Non Brand,2025-11-09,6539.8,8499.2,2919.0,0,0,0,0,0,0,0,0,0,0,0,0,0,0,1,0,0,0,0,0,0,0,0,0,0,0,0,0,0,0,0,0,0,0,0,0,0,0,1,0,0,0,0
banana republic,Search | Conversion | Non Brand,2025-11-16,5031.63,3585.1000000000004,2032.0,0,0,0,0,0,0,0,0,0,0,0,0,0,0,0,0,0,0,0,0,0,0,0,0,0,0,0,0,0,0,0,0,0,0,0,0,0,0,0,0,0,0,0
banana republic,Search | Conversion | Non Brand,2025-11-23,14597.42,24109.67,5306.0,0,0,0,0,0,0,0,0,0,0,0,0,0,0,0,0,0,0,0,0,0,0,0,0,0,0,0,0,0,2,0,0,0,0,0,0,0,0,2,0,0,0,0
banana republic,Search | Conversion | Non Brand,2025-11-30,25448.46,33655.76,8966.0,0,0,0,0,0,0,0,0,0,0,0,0,0,0,0,0,0,2,0,0,0,0,0,0,0,0,0,0,0,0,0,0,0,0,0,0,0,0,2,0,0,0,0
banana republic,Search | Conversion | Non Brand,2025-12-07,6419.09,11714.35,2835.0,0,0,0,0,0,0,0,0,0,0,0,0,0,0,0,0,0,0,0,0,0,0,0,0,0,0,0,0,0,0,2,0,0,0,0,0,0,0,2,0,0,0,0
banana republic,Search | Conversion | Non Brand,2025-12-14,6853.31,14426.43,2970.0,0,0,0,0,0,0,0,0,0,0,0,0,0,0,0,0,0,0,0,0,0,0,0,0,0,0,0,0,0,0,1,0,0,0,0,0,2,2,1,0,0,0,0
banana republic,Search | Conversion | Non Brand,2025-12-21,4705.95,7459.27,2528.0,0,0,0,0,0,0,0,0,0,0,0,0,0,0,0,0,0,0,0,0,0,0,0,0,0,0,0,0,0,0,0,1,0,0,0,0,2,2,0,0,1,0,0
banana republic,Search | Conversion | Non Brand,2025-12-28,7201.77,12700.33,4241.0,0,0,0,0,0,0,0,0,0,0,0,0,0,0,0,0,0,0,0,0,0,0,0,0,0,0,0,0,0,0,0,2,0,0,0,0,0,0,0,0,2,0,0
banana republic,Search | Conversion | Non Brand,2026-01-04,3325.16,9748.310000000001,2279.0,0,0,0,0,0,0,0,0,0,0,0,0,0,0,0,0,0,0,0,0,0,0,0,0,0,0,0,0,0,0,0,1,2,0,0,0,0,0,0,0,2,0,0
banana republic,Search | Conversion | Non Brand,2026-01-11,4931.49,6526.4,2555.0,0,0,0,0,0,0,0,0,0,0,0,0,0,0,0,0,0,0,0,0,0,0,0,0,0,0,0,0,0,0,0,0,1,2,0,0,0,0,0,0,2,0,0
banana republic,Search | Conversion | Non Brand,2026-01-18,5441.969999999999,9348.14,3074.0,0,0,0,0,0,0,0,0,0,0,0,0,0,0,0,0,0,0,0,0,0,0,0,0,0,0,0,0,0,0,0,0,0,2,0,0,0,0,0,0,2,0,0
banana republic,Search | Conversion | Non Brand,2026-01-25,4624.42,8514.37,2488.0,0,0,0,0,0,0,0,0,0,0,0,0,0,0,0,0,0,0,0,0,0,0,0,0,0,0,0,0,0,0,0,0,0,0,0,0,0,0,0,0,0,0,0
banana republic,Search | Conversion | Non Brand,2026-02-01,4457.4400000000005,5657.54,2630.0,0,0,0,0,0,0,0,0,0,0,0,0,0,0,0,0,0,0,0,0,0,0,0,0,0,0,0,0,0,0,0,0,0,0,0,0,0,0,0,0,0,0,0
banana republic,Search | Conversion | Non Brand,2026-02-08,4375.1900000000005,6975.8,2406.0,0,0,0,0,0,0,0,0,0,0,0,0,0,0,0,0,0,0,0,0,0,0,0,0,0,0,0,0,0,0,0,0,0,0,0,0,0,0,0,0,0,0,0
banana republic,Search | Conversion | Non Brand,2026-02-15,6822.65,12741.07,3888.0,0,0,0,0,0,0,0,0,0,0,0,0,0,0,0,0,0,0,0,0,0,0,0,0,0,0,0,0,0,0,0,0,0,0,0,0,0,0,0,0,0,0,0
banana republic,Search | Conversion | Non Brand,2026-02-22,4627.9,7280.6,2599.0,0,0,0,0,0,0,0,0,0,0,0,0,0,0,0,0,0,0,0,0,0,0,0,0,0,0,0,0,0,0,0,0,0,0,0,0,0,0,0,0,0,0,0
banana republic,Search | Conversion | Non Brand,2026-03-01,3662.29,5269.73,2375.0,0,0,0,0,0,0,0,0,0,0,0,0,0,0,0,0,0,0,0,0,0,0,0,0,0,0,0,0,0,0,0,0,0,0,0,0,0,0,0,0,0,0,0
banana republic,Search | Conversion | Non Brand,2026-03-08,6108.77,7503.68,3498.0,0,1,0,0,0,0,0,0,0,0,0,0,0,0,0,0,0,0,0,0,0,0,0,0,0,0,0,0,0,0,0,0,0,0,0,0,0,0,1,0,0,0,0
banana republic,Search | Conversion | Non Brand,2026-03-15,24875.12,33245.23,12382.0,0,2,0,0,0,0,0,0,0,0,0,0,0,0,0,0,0,0,0,0,0,0,0,0,0,0,0,0,0,0,0,0,0,0,0,0,0,0,2,0,0,0,0
banana republic,Search | Conversion | Non Brand,2026-03-22,11385.47,10499.39,3901.0,0,1,0,0,0,0,0,0,0,0,0,0,0,0,0,0,0,0,0,0,0,0,0,0,0,0,0,0,0,0,0,0,0,0,0,0,0,0,1,0,0,0,0
banana republic,Search | Conversion | Non Brand,2026-03-29,2756.65,5820.64,1508.0,0,0,0,0,0,0,0,0,0,0,0,0,0,0,0,0,0,0,0,0,0,0,0,0,0,0,0,0,0,0,0,0,0,0,1,0,0,0,0,0,0,0,1
banana republic,Search | Conversion | Non Brand,2026-04-05,5036.59,5562.44,2237.0,0,0,0,0,0,0,0,0,0,0,0,0,0,0,0,0,0,0,0,0,0,0,0,0,0,0,0,0,0,0,0,0,0,0,1,0,0,0,0,0,0,0,1
banana republic,Search | Conversion | Non Brand,2026-04-12,4461.09,5472.48,2374.0,0,0,0,0,0,0,0,0,0,0,0,0,0,0,0,0,0,0,0,0,0,0,0,0,0,0,0,0,0,0,0,0,0,0,0,0,0,0,0,0,0,0,0
banana republic,Search | Conversion | Non Brand,2026-04-19,9212.64,19006.3,4686.0,0,0,0,0,0,0,0,0,0,0,0,0,0,0,0,0,0,0,0,0,0,0,0,0,0,0,0,0,0,0,0,0,0,0,0,0,0,0,0,0,0,0,0
banana republic,Search | Conversion | Non Brand,2026-04-26,5793.2,6974.82,3331.0,0,0,0,0,0,0,0,0,0,0,0,0,0,0,0,0,0,0,0,0,0,0,0,0,0,0,0,0,0,0,0,0,0,0,0,0,0,0,0,0,0,0,0
banana republic,Search | Conversion | Non Brand,2026-05-03,3980.83,8264.41,2194.0,0,0,0,0,0,0,0,0,0,0,0,0,0,0,0,0,0,0,0,0,0,0,0,0,0,0,0,0,0,0,0,0,0,0,0,0,0,0,0,0,0,0,0
banana republic,Search | Conversion | Non Brand,2026-05-10,2837.76,5199.6,1444.0,0,0,0,0,0,0,0,0,0,0,0,0,0,0,0,0,0,0,0,0,0,0,0,0,0,0,0,0,0,0,0,0,0,0,0,0,0,0,0,0,0,0,0
banana republic,Search | Conversion | Non Brand,2026-05-17,4400.82,7170.86,2086.0,0,0,0,0,0,0,0,0,0,0,0,0,0,0,0,0,0,0,0,0,0,0,0,0,1,0,0,0,0,0,0,0,0,0,0,0,0,0,0,0,0,0,1
banana republic,Search | Conversion | Non Brand,2026-05-24,6129.83,13592.09,3225.0,0,0,0,0,0,0,0,0,0,0,0,0,0,0,0,0,0,0,0,0,0,0,0,0,1,0,0,0,0,0,0,0,0,0,0,0,0,0,0,0,0,0,1
banana republic,Search | Conversion | Non Brand,2026-05-31,8523.31,15591.380000000001,4923.0,0,0,0,0,0,0,0,0,0,0,0,0,0,0,0,0,0,0,0,0,0,0,0,0,0,0,0,0,0,0,0,0,0,0,0,0,0,0,0,0,0,0,0
banana republic,Search | Conversion | Non Brand,2026-06-07,6820.24,20724.05,4051.0,0,0,0,0,0,0,0,0,0,0,0,0,0,0,0,0,0,0,0,0,0,0,0,0,0,0,0,0,0,0,0,0,0,0,0,0,0,0,0,0,0,0,0
banana republic,Search | Conversion | Non Brand,2026-06-14,5396.5,11248.18,3137.0,0,0,0,0,0,0,0,0,0,0,0,0,0,0,0,0,0,0,0,0,0,0,0,0,0,0,0,0,0,0,0,0,0,0,0,0,0,0,0,0,0,0,0
banana republic,Search | Conversion | Non Brand,2026-06-21,5981.96,7992.63,3440.0,0,0,0,0,0,0,0,0,0,0,0,0,0,0,0,0,0,0,0,0,0,0,0,0,0,1,0,0,0,0,0,0,0,0,0,0,0,0,0,0,1,0,0
banana republic,Search | Conversion | Non Brand,2026-06-28,8699.29,16098.130000000001,5072.0,0,0,0,0,0,0,0,0,0,0,0,0,0,0,0,0,0,0,0,0,0,0,0,0,0,1,2,0,0,0,0,0,0,0,0,0,0,0,0,0,2,0,0
banana republic,Search | Conversion | Non Brand,2026-07-05,9149.119999999999,17475.68,5661.0,0,0,0,0,0,0,0,0,0,0,0,0,0,0,0,0,0,0,0,0,0,0,0,0,0,0,2,1,0,0,0,0,0,0,0,0,0,0,0,0,2,0,0
banana republic,Search | Conversion | Non Brand,2026-07-12,11089.460000000001,19757.53,5867.0,0,0,0,0,0,0,0,0,0,0,0,0,0,0,0,0,0,0,0,0,0,0,0,0,0,0,0,2,0,0,0,0,0,0,0,0,0,0,0,0,2,0,0
banana republic,Search | Conversion | Non Brand,2026-07-19,6248.0599999999995,8513.17,3512.0,0,0,0,0,0,0,0,0,0,0,0,0,0,0,0,0,0,0,0,0,0,0,0,0,0,0,0,1,2,0,0,0,0,0,0,0,0,0,0,0,2,0,0
banana republic,Search | Conversion | Non Brand,2026-07-26,15360.0,21341.2,7261.0,0,0,0,0,0,0,0,0,0,0,0,0,0,0,0,0,0,0,0,0,0,1,0,0,0,0,0,0,1,0,0,0,0,0,0,0,0,0,0,0,1,0,1
banana republic,Search | Conversion | Non Brand,2026-08-02,11714.26,17945.75,5830.0,0,0,0,0,0,0,0,0,0,0,0,0,0,0,0,0,0,0,0,0,0,0,0,0,0,0,0,0,0,0,0,0,0,0,0,0,0,0,0,0,0,0,0
banana republic,Search | Conversion | Non Brand,2026-08-09,11787.47,20159.13,5559.0,0,0,0,0,0,0,0,0,0,0,0,0,0,0,0,0,0,0,0,0,0,0,0,0,0,0,0,0,0,0,0,0,0,0,0,0,0,0,0,0,0,0,0
banana republic,Search | Conversion | Non Brand,2026-08-16,14330.04,26379.86,6653.0,0,0,0,0,0,0,0,0,0,0,0,0,0,0,0,0,0,0,0,0,0,0,0,0,0,0,0,0,0,0,0,0,0,0,0,0,0,0,0,0,0,0,0
banana republic,Search | Conversion | PLA,2024-07-28,66705.73,241489.71,80585.0,0,0,0,0,0,0,0,0,0,0,0,0,0,0,0,0,0,0,0,0,0,0,0,0,0,0,0,0,2,0,0,0,0,0,0,0,0,0,0,0,2,0,0
banana republic,Search | Conversion | PLA,2024-08-04,143197.1,478973.5,185881.0,0,0,0,0,0,0,0,0,0,0,0,0,0,0,0,0,0,0,0,0,0,0,0,0,0,0,0,0,1,0,0,0,0,0,0,0,0,0,0,0,1,0,0
banana republic,Search | Conversion | PLA,2024-08-11,134200.95,480057.76,176160.0,0,0,0,0,0,0,0,0,0,0,0,0,0,0,0,0,0,0,0,0,0,0,0,0,0,0,0,0,0,0,0,0,0,0,0,0,0,0,0,0,0,0,0
banana republic,Search | Conversion | PLA,2024-08-18,136578.97,483902.81,181869.0,0,0,0,0,0,0,0,0,0,0,0,0,0,0,0,0,0,0,0,0,0,0,0,0,0,0,0,0,0,0,0,0,0,0,0,0,0,0,0,0,0,0,0
banana republic,Search | Conversion | PLA,2024-08-25,139882.47,535026.39,178544.0,0,0,0,0,0,0,0,0,0,0,0,0,0,0,0,0,0,0,0,0,0,0,0,0,0,0,0,0,0,0,0,0,0,0,0,0,0,0,0,0,0,0,0
banana republic,Search | Conversion | PLA,2024-09-01,82356.58,404739.23,131518.0,0,0,0,0,0,0,0,0,0,0,0,0,0,0,0,0,0,0,0,0,0,0,0,0,0,0,0,0,0,0,0,0,0,0,0,0,0,0,0,0,0,0,0
banana republic,Search | Conversion | PLA,2024-09-08,114249.79,400528.43,151781.0,0,0,0,0,0,0,0,0,0,0,0,0,0,0,0,0,0,0,0,0,0,0,0,0,0,0,0,0,0,0,0,0,0,0,0,0,0,0,0,0,0,0,0
banana republic,Search | Conversion | PLA,2024-09-15,355127.14,1124397.2,358659.0,0,2,0,0,0,0,0,0,0,0,0,0,0,0,0,0,0,0,0,0,0,0,0,0,0,0,0,0,0,0,0,0,0,0,0,0,0,0,2,0,0,0,0
banana republic,Search | Conversion | PLA,2024-09-22,296560.23,992171.9,305704.0,0,2,0,0,0,0,0,0,0,0,0,0,0,0,0,0,0,0,0,0,0,0,0,0,0,0,0,0,0,0,0,0,0,0,0,0,0,0,2,0,0,0,0
banana republic,Search | Conversion | PLA,2024-09-29,139757.93,528221.68,165039.0,0,1,0,0,0,0,0,0,0,0,0,0,0,0,0,0,0,0,0,0,0,0,0,0,0,0,0,0,0,0,0,0,0,0,0,0,0,0,1,0,0,0,0
banana republic,Search | Conversion | PLA,2024-10-06,111995.87,448453.19,144501.0,0,0,0,0,0,0,0,0,0,0,0,0,0,0,0,0,0,0,0,0,0,0,0,0,0,0,0,0,0,0,0,0,0,0,0,0,0,0,0,0,0,0,0
banana republic,Search | Conversion | PLA,2024-10-13,134593.12,526575.99,170289.0,0,0,0,0,0,0,0,0,0,0,0,0,0,0,0,0,0,0,0,0,0,0,0,0,0,0,0,0,0,0,0,0,0,0,0,0,0,0,0,0,0,0,0
banana republic,Search | Conversion | PLA,2024-10-20,133779.15,470392.32,165911.0,0,0,0,0,0,0,0,0,0,0,0,0,0,0,0,0,0,0,0,0,0,0,0,0,0,0,0,0,0,0,0,0,0,0,0,0,0,0,0,0,0,0,0
banana republic,Search | Conversion | PLA,2024-10-27,174556.58000000002,614375.37,168676.0,0,0,0,0,0,0,0,0,0,0,0,0,0,0,1,0,0,0,0,0,0,0,0,0,0,0,0,0,0,0,0,0,0,0,0,0,0,0,1,0,0,0,0
banana republic,Search | Conversion | PLA,2024-11-03,255698.08,883395.79,233738.0,0,0,0,0,0,0,0,0,0,0,0,0,0,0,2,0,0,0,0,0,0,0,0,0,0,0,0,0,0,0,0,0,0,0,0,0,0,0,2,0,0,0,0
banana republic,Search | Conversion | PLA,2024-11-10,140093.95,546905.25,169976.0,0,0,0,0,0,0,0,0,0,0,0,0,0,0,1,0,0,0,0,0,0,0,0,0,0,0,0,0,0,0,0,0,0,0,0,0,0,0,1,0,0,0,0
banana republic,Search | Conversion | PLA,2024-11-17,96347.38,375554.14,136558.0,0,0,0,0,0,0,0,0,0,0,0,0,0,0,0,0,0,0,0,0,0,0,0,0,0,0,0,0,0,0,0,0,0,0,0,0,0,0,0,0,0,0,0
banana republic,Search | Conversion | PLA,2024-11-24,481540.53,1264495.3900000001,279038.0,0,0,0,0,0,0,0,0,0,0,0,0,0,0,0,0,0,0,0,0,0,0,0,0,0,0,0,0,0,2,0,0,0,0,0,0,0,0,2,0,0,0,0
banana republic,Search | Conversion | PLA,2024-12-01,593424.55,1269039.58,319376.0,0,0,0,0,0,0,0,0,0,0,0,0,0,0,0,0,0,2,0,0,0,0,0,0,0,0,0,0,0,0,0,0,0,0,0,0,0,0,2,0,0,0,0
banana republic,Search | Conversion | PLA,2024-12-08,197271.16,689724.88,200665.0,0,0,0,0,0,0,0,0,0,0,0,0,0,0,0,0,0,0,0,0,0,0,0,0,0,0,0,0,0,0,1,0,0,0,0,0,0,0,1,0,0,0,0
banana republic,Search | Conversion | PLA,2024-12-15,193071.07,613451.19,187523.0,0,0,0,0,0,0,0,0,0,0,0,0,0,0,0,0,0,0,0,0,0,0,0,0,0,0,0,0,0,0,1,0,0,0,0,0,0,0,1,0,0,0,0
banana republic,Search | Conversion | PLA,2024-12-22,137636.36,464712.72000000003,189257.0,0,0,0,0,0,0,0,0,0,0,0,0,0,0,0,0,0,0,0,0,0,0,0,0,0,0,0,0,0,0,0,1,0,0,0,0,0,0,0,0,1,0,0
banana republic,Search | Conversion | PLA,2024-12-29,144365.03,508690.29,209238.0,0,0,0,0,0,0,0,0,0,0,0,0,0,0,0,0,0,0,0,0,0,0,0,0,0,0,0,0,0,0,0,2,1,0,0,0,0,0,0,0,2,0,0
banana republic,Search | Conversion | PMAX,2025-01-05,17174.96,171113.36,38926.0,0,0,0,0,0,0,0,0,0,0,0,0,0,0,0,0,0,0,0,0,0,0,0,0,0,0,0,0,0,0,0,0,2,0,0,0,0,0,0,0,2,0,0
banana republic,Search | Conversion | PMAX,2025-01-12,12914.369999999999,156433.96,30223.0,0,0,0,0,0,0,0,0,0,0,0,0,0,0,0,0,0,0,0,0,0,0,0,0,0,0,0,0,0,0,0,0,1,2,0,0,0,0,0,0,2,0,0
banana republic,Search | Conversion | PMAX,2025-01-19,20509.739999999998,197917.40000000002,42093.0,0,0,0,0,0,0,0,0,0,0,0,0,0,0,0,0,0,0,0,0,0,0,0,0,0,0,0,0,0,0,0,0,0,2,0,0,0,0,0,0,2,0,0
banana republic,Search | Conversion | PMAX,2025-01-26,16196.66,137823.25,32133.0,0,0,0,0,0,0,0,0,0,0,0,0,0,0,0,0,0,0,0,0,0,0,0,0,0,0,0,0,0,0,0,0,0,0,0,0,0,0,0,0,0,0,0
banana republic,Search | Conversion | PMAX,2025-02-02,15378.01,100826.0,24179.0,0,0,0,0,0,0,0,0,0,0,0,0,0,0,0,0,0,0,0,0,0,0,0,0,0,0,0,0,0,0,0,0,0,0,0,0,0,0,0,0,0,0,0
banana republic,Search | Conversion | PMAX,2025-02-09,25889.010000000002,112533.9,31099.0,0,0,0,0,0,0,0,0,0,0,0,0,0,0,0,0,0,0,0,0,0,0,0,0,0,0,0,0,0,0,0,0,0,0,0,0,0,0,0,0,0,0,0
banana republic,Search | Conversion | PMAX,2025-02-16,31333.7,151060.2,36374.0,0,0,0,0,0,0,0,0,0,0,0,0,0,0,0,0,0,0,0,0,0,0,0,0,0,0,0,0,0,0,0,0,0,0,0,0,0,0,0,0,0,0,0
banana republic,Search | Conversion | PMAX,2025-02-23,45686.76,220947.44,54815.0,0,0,0,0,0,0,0,0,0,0,0,0,0,0,0,0,0,0,0,0,0,0,0,0,0,0,0,0,0,0,0,0,0,0,0,0,0,0,0,0,0,0,0
banana republic,Search | Conversion | PMAX,2025-03-02,34715.41,210545.6,53754.0,0,0,0,0,0,0,0,0,0,0,0,0,0,0,0,0,0,0,0,0,0,0,0,0,0,0,0,0,0,0,0,0,0,0,0,0,0,0,0,0,0,0,0
banana republic,Search | Conversion | PMAX,2025-03-09,44501.619999999995,246222.71,62499.0,0,0,0,0,0,0,0,0,0,0,0,0,0,0,0,0,0,0,0,0,0,0,0,0,0,0,0,0,0,0,0,0,0,0,0,0,0,0,0,0,0,0,0
banana republic,Search | Conversion | PMAX,2025-03-16,64013.770000000004,305350.67,75480.0,0,0,0,0,0,0,0,0,0,0,0,0,0,0,0,0,0,0,0,0,0,0,0,0,0,0,0,0,0,0,0,0,0,0,0,0,0,0,0,0,0,0,0
banana republic,Search | Conversion | PMAX,2025-03-23,188491.27,815024.71,145138.0,0,2,0,0,0,0,0,0,0,0,0,0,0,0,0,0,0,0,0,0,0,0,0,0,0,0,0,0,0,0,0,0,0,0,0,0,0,0,2,0,0,0,0
banana republic,Search | Conversion | PMAX,2025-03-30,123624.14,435256.4,104655.0,0,1,0,0,0,0,0,0,0,0,0,0,0,0,0,0,0,0,0,0,0,0,0,0,0,0,0,0,0,0,0,0,0,0,0,0,0,0,1,0,0,0,0
banana republic,Search | Conversion | PMAX,2025-04-06,44697.28,235314.97,63035.0,0,0,0,0,0,0,0,0,0,0,0,0,0,0,0,0,0,0,0,0,0,0,0,0,0,0,0,0,0,0,0,0,0,0,0,0,0,0,0,0,0,0,0
banana republic,Search | Conversion | PMAX,2025-04-13,63054.05,315829.15,75092.0,0,0,0,0,0,0,0,0,0,0,0,0,0,0,0,0,0,0,0,0,0,0,0,0,0,0,0,0,0,0,0,0,0,0,1,0,0,0,0,0,0,0,1
banana republic,Search | Conversion | PMAX,2025-04-20,59759.880000000005,389339.86,83521.0,0,0,0,0,0,0,0,0,0,0,0,0,0,0,0,0,0,0,0,0,0,0,0,0,0,0,0,0,0,0,0,0,0,0,1,0,0,0,0,0,0,0,1
banana republic,Search | Conversion | PMAX,2025-04-27,63740.32,334340.88,83872.0,0,0,0,0,0,0,0,0,0,0,0,0,0,0,0,0,0,0,0,0,0,0,0,0,0,0,0,0,0,0,0,0,0,0,0,0,0,0,0,0,0,0,0
banana republic,Search | Conversion | PMAX,2025-05-04,53469.42,297849.25,63992.0,0,0,0,0,0,0,0,0,0,0,0,0,0,0,0,0,0,0,0,0,0,0,0,0,0,0,0,0,0,0,0,0,0,0,0,0,0,0,0,0,0,0,0
banana republic,Search | Conversion | PMAX,2025-05-11,63588.46,349837.2,78740.0,0,0,0,0,0,0,0,0,0,0,0,0,0,0,0,0,0,0,0,0,0,0,0,0,0,0,0,0,0,0,0,0,0,0,0,0,0,0,0,0,0,0,0
banana republic,Search | Conversion | PMAX,2025-05-18,78392.97,345682.81,77318.0,0,0,0,0,0,0,0,0,0,0,0,0,0,0,0,0,0,0,0,0,0,0,0,0,1,0,0,0,0,0,0,0,0,0,0,0,0,0,0,0,0,0,1
banana republic,Search | Conversion | PMAX,2025-05-25,68121.52,381595.34,70879.0,0,0,0,0,0,0,0,0,0,0,0,0,0,0,0,0,0,0,0,0,0,0,0,0,1,0,0,0,0,0,0,0,0,0,0,0,0,0,0,0,0,0,1
banana republic,Search | Conversion | PMAX,2025-06-01,32694.18,256299.71,52541.0,0,0,0,0,0,0,0,0,0,0,0,0,0,0,0,0,0,0,0,0,0,0,0,0,0,0,0,0,0,0,0,0,0,0,0,0,0,0,0,0,0,0,0
banana republic,Search | Conversion | PMAX,2025-06-08,34961.37,256136.87,53927.0,0,0,0,0,0,0,0,0,0,0,0,0,0,0,0,0,0,0,0,0,0,0,0,0,0,0,0,0,0,0,0,0,0,0,0,0,0,0,0,0,0,0,0
banana republic,Search | Conversion | PMAX,2025-06-15,34328.26,246839.88,55319.0,0,0,0,0,0,0,0,0,0,0,0,0,0,0,0,0,0,0,0,0,0,0,0,0,0,0,0,0,0,0,0,0,0,0,0,0,0,0,0,0,0,0,0
banana republic,Search | Conversion | PMAX,2025-06-22,38505.21,228572.76,55174.0,0,0,0,0,0,0,0,0,0,0,0,0,0,0,0,0,0,0,0,0,0,0,0,0,0,1,0,0,0,0,0,0,0,0,0,0,0,0,0,0,1,0,0
banana republic,Search | Conversion | PMAX,2025-06-29,45388.8,257098.43,59027.0,0,0,0,0,0,0,0,0,0,0,0,0,0,0,0,0,0,0,0,0,0,0,0,0,0,1,2,0,0,0,0,0,0,0,0,0,0,0,0,0,2,0,0
banana republic,Search | Conversion | PMAX,2025-07-06,49557.880000000005,300867.19,68893.0,0,0,0,0,0,0,0,0,0,0,0,0,0,0,0,0,0,0,0,0,0,0,0,0,0,0,2,1,0,0,0,0,0,0,0,0,0,0,0,0,2,0,0
banana republic,Search | Conversion | PMAX,2025-07-13,50583.67,319416.11,77009.0,0,0,0,0,0,0,0,0,0,0,0,0,0,0,0,0,0,0,0,0,0,0,0,0,0,0,0,2,0,0,0,0,0,0,0,0,0,0,0,0,2,0,0
banana republic,Search | Conversion | PMAX,2025-07-20,59038.59,352258.15,84733.0,0,0,0,0,0,0,0,0,0,0,0,0,0,0,0,0,0,0,0,0,0,0,0,0,0,0,0,1,2,0,0,0,0,0,0,0,0,0,0,0,2,0,0
banana republic,Search | Conversion | PMAX,2025-07-27,47798.07,333242.95,75199.0,0,0,0,0,0,0,0,0,0,0,0,0,0,0,0,0,0,0,0,0,0,0,0,0,0,0,0,0,2,0,0,0,0,0,0,0,0,0,0,0,2,0,0
banana republic,Search | Conversion | PMAX,2025-08-03,53764.78,259847.41,66263.0,0,0,0,0,0,0,0,0,0,0,0,0,0,0,0,0,0,0,0,0,0,0,0,0,0,0,0,0,1,0,0,0,0,0,0,0,0,0,0,0,1,0,0
banana republic,Search | Conversion | PMAX,2025-08-10,55235.3,250668.2,73322.0,0,0,0,0,0,0,0,0,0,0,0,0,0,0,0,0,0,0,0,0,0,0,0,0,0,0,0,0,0,0,0,0,0,0,0,0,0,0,0,0,0,0,0
banana republic,Search | Conversion | PMAX,2025-08-17,51838.06,286997.54,71705.0,0,0,0,0,0,0,0,0,0,0,0,0,0,0,0,0,0,0,0,0,0,0,0,0,0,0,0,0,0,0,0,0,0,0,0,0,0,0,0,0,0,0,0
banana republic,Search | Conversion | PMAX,2025-08-24,85854.53,345202.17,86760.0,0,0,0,0,0,0,0,0,0,0,0,0,0,0,0,0,0,0,0,0,0,0,0,0,0,0,0,0,0,0,0,0,0,0,0,1,0,1,0,0,0,0,0
banana republic,Search | Conversion | PMAX,2025-08-31,71931.31,349152.84,83905.0,0,0,0,0,0,0,0,0,0,0,0,0,0,0,0,0,0,0,0,0,0,0,0,0,0,0,0,0,0,0,0,0,0,0,0,1,0,1,0,0,0,0,0
banana republic,Search | Conversion | PMAX,2025-09-07,175168.91999999998,642012.11,144018.0,0,1,0,0,0,0,0,0,0,0,0,0,0,0,0,0,0,0,0,0,0,0,0,0,0,0,0,0,0,0,0,0,0,0,0,0,0,0,1,0,0,0,0
banana republic,Search | Conversion | PMAX,2025-09-14,204052.71,879875.6,167119.0,0,2,0,0,0,0,0,0,0,0,0,0,0,0,0,0,0,0,0,0,0,0,0,0,0,0,0,0,0,0,0,0,0,0,0,0,0,0,2,0,0,0,0
banana republic,Search | Conversion | PMAX,2025-09-21,99765.85,481368.62,101752.0,0,1,0,0,0,0,0,0,0,0,0,0,0,0,0,0,0,0,0,0,0,0,0,0,0,0,0,0,0,0,0,0,0,0,0,0,0,0,1,0,0,0,0
banana republic,Search | Conversion | PMAX,2025-09-28,70945.74,343369.53,84439.0,0,0,0,0,0,0,0,0,0,0,0,0,0,0,0,0,0,0,0,0,0,0,0,0,0,0,0,0,0,0,0,0,0,0,0,0,0,0,0,0,0,0,0
banana republic,Search | Conversion | PMAX,2025-10-05,72908.12,339767.38,85504.0,0,0,0,0,0,0,0,0,0,0,0,0,0,0,0,0,0,0,0,0,0,0,0,0,0,0,0,0,0,0,0,0,0,0,0,0,0,0,0,0,0,0,0
banana republic,Search | Conversion | PMAX,2025-10-12,81266.7,302850.06,82354.0,0,0,0,0,0,0,0,0,0,0,0,0,0,0,0,0,0,0,0,0,0,0,0,0,0,0,0,0,0,0,0,0,0,0,0,0,0,0,0,0,0,0,0
banana republic,Search | Conversion | PMAX,2025-10-19,76927.28,339113.99,82653.0,0,0,0,0,0,0,0,0,0,0,0,0,0,0,0,0,0,0,0,0,0,0,0,0,0,0,0,0,0,0,0,0,0,0,0,0,0,0,0,0,0,0,0
banana republic,Search | Conversion | PMAX,2025-10-26,100203.45,341385.8,69756.0,0,0,0,0,0,0,0,0,0,0,0,0,0,0,0,0,0,0,0,0,0,0,0,0,0,0,0,0,0,0,0,0,0,0,0,0,0,0,0,0,0,0,0
banana republic,Search | Conversion | PMAX,2025-11-02,232333.52,903700.14,170236.0,0,0,0,0,0,0,0,0,0,0,0,0,0,0,2,0,0,0,0,0,0,0,0,0,0,0,0,0,0,0,0,0,0,0,0,0,0,0,2,0,0,0,0
banana republic,Search | Conversion | PMAX,2025-11-09,126889.46,671700.62,132059.0,0,0,0,0,0,0,0,0,0,0,0,0,0,0,1,0,0,0,0,0,0,0,0,0,0,0,0,0,0,0,0,0,0,0,0,0,0,0,1,0,0,0,0
banana republic,Search | Conversion | PMAX,2025-11-16,65223.56,318667.87,85805.0,0,0,0,0,0,0,0,0,0,0,0,0,0,0,0,0,0,0,0,0,0,0,0,0,0,0,0,0,0,0,0,0,0,0,0,0,0,0,0,0,0,0,0
banana republic,Search | Conversion | PMAX,2025-11-23,388135.77,1382927.27,239124.0,0,0,0,0,0,0,0,0,0,0,0,0,0,0,0,0,0,0,0,0,0,0,0,0,0,0,0,0,0,2,0,0,0,0,0,0,0,0,2,0,0,0,0
banana republic,Search | Conversion | PMAX,2025-11-30,342162.95,1210157.05,246813.0,0,0,0,0,0,0,0,0,0,0,0,0,0,0,0,0,0,2,0,0,0,0,0,0,0,0,0,0,0,0,0,0,0,0,0,0,0,0,2,0,0,0,0
banana republic,Search | Conversion | PMAX,2025-12-07,146541.94,640584.22,145282.0,0,0,0,0,0,0,0,0,0,0,0,0,0,0,0,0,0,0,0,0,0,0,0,0,0,0,0,0,0,0,2,0,0,0,0,0,0,0,2,0,0,0,0
banana republic,Search | Conversion | PMAX,2025-12-14,100567.38,461365.55,110464.0,0,0,0,0,0,0,0,0,0,0,0,0,0,0,0,0,0,0,0,0,0,0,0,0,0,0,0,0,0,0,1,0,0,0,0,0,2,2,1,0,0,0,0
banana republic,Search | Conversion | PMAX,2025-12-21,47298.83,292074.25,77347.0,0,0,0,0,0,0,0,0,0,0,0,0,0,0,0,0,0,0,0,0,0,0,0,0,0,0,0,0,0,0,0,1,0,0,0,0,2,2,0,0,1,0,0
banana republic,Search | Conversion | PMAX,2025-12-28,91173.33,422340.11,128511.0,0,0,0,0,0,0,0,0,0,0,0,0,0,0,0,0,0,0,0,0,0,0,0,0,0,0,0,0,0,0,0,2,0,0,0,0,0,0,0,0,2,0,0
banana republic,Search | Conversion | PMAX,2026-01-04,37372.32,306205.17,76148.0,0,0,0,0,0,0,0,0,0,0,0,0,0,0,0,0,0,0,0,0,0,0,0,0,0,0,0,0,0,0,0,1,2,0,0,0,0,0,0,0,2,0,0
banana republic,Search | Conversion | PMAX,2026-01-11,32695.43,284407.56,64168.0,0,0,0,0,0,0,0,0,0,0,0,0,0,0,0,0,0,0,0,0,0,0,0,0,0,0,0,0,0,0,0,0,1,2,0,0,0,0,0,0,2,0,0
banana republic,Search | Conversion | PMAX,2026-01-18,34973.77,304532.3,68211.0,0,0,0,0,0,0,0,0,0,0,0,0,0,0,0,0,0,0,0,0,0,0,0,0,0,0,0,0,0,0,0,0,0,2,0,0,0,0,0,0,2,0,0
banana republic,Search | Conversion | PMAX,2026-01-25,27566.14,235589.57,59525.0,0,0,0,0,0,0,0,0,0,0,0,0,0,0,0,0,0,0,0,0,0,0,0,0,0,0,0,0,0,0,0,0,0,0,0,0,0,0,0,0,0,0,0
banana republic,Search | Conversion | PMAX,2026-02-01,29341.06,276047.46,62352.0,0,0,0,0,0,0,0,0,0,0,0,0,0,0,0,0,0,0,0,0,0,0,0,0,0,0,0,0,0,0,0,0,0,0,0,0,0,0,0,0,0,0,0
banana republic,Search | Conversion | PMAX,2026-02-08,30287.56,284253.6,59578.0,0,0,0,0,0,0,0,0,0,0,0,0,0,0,0,0,0,0,0,0,0,0,0,0,0,0,0,0,0,0,0,0,0,0,0,0,0,0,0,0,0,0,0
banana republic,Search | Conversion | PMAX,2026-02-15,36578.39,327458.27,71210.0,0,0,0,0,0,0,0,0,0,0,0,0,0,0,0,0,0,0,0,0,0,0,0,0,0,0,0,0,0,0,0,0,0,0,0,0,0,0,0,0,0,0,0
banana republic,Search | Conversion | PMAX,2026-02-22,31127.47,323245.03,65391.0,0,0,0,0,0,0,0,0,0,0,0,0,0,0,0,0,0,0,0,0,0,0,0,0,0,0,0,0,0,0,0,0,0,0,0,0,0,0,0,0,0,0,0
banana republic,Search | Conversion | PMAX,2026-03-01,46062.979999999996,344870.54000000004,79579.0,0,0,0,0,0,0,0,0,0,0,0,0,0,0,0,0,0,0,0,0,0,0,0,0,0,0,0,0,0,0,0,0,0,0,0,0,0,0,0,0,0,0,0
banana republic,Search | Conversion | PMAX,2026-03-08,110109.26000000001,650515.84,130977.0,0,1,0,0,0,0,0,0,0,0,0,0,0,0,0,0,0,0,0,0,0,0,0,0,0,0,0,0,0,0,0,0,0,0,0,0,0,0,1,0,0,0,0
banana republic,Search | Conversion | PMAX,2026-03-15,233847.67,1205945.43,238372.0,0,2,0,0,0,0,0,0,0,0,0,0,0,0,0,0,0,0,0,0,0,0,0,0,0,0,0,0,0,0,0,0,0,0,0,0,0,0,2,0,0,0,0
banana republic,Search | Conversion | PMAX,2026-03-22,92163.22,625811.55,132850.0,0,1,0,0,0,0,0,0,0,0,0,0,0,0,0,0,0,0,0,0,0,0,0,0,0,0,0,0,0,0,0,0,0,0,0,0,0,0,1,0,0,0,0
banana republic,Search | Conversion | PMAX,2026-03-29,51765.93,452248.67000000004,93930.0,0,0,0,0,0,0,0,0,0,0,0,0,0,0,0,0,0,0,0,0,0,0,0,0,0,0,0,0,0,0,0,0,0,0,1,0,0,0,0,0,0,0,1
banana republic,Search | Conversion | PMAX,2026-04-05,69280.63,470458.12,106691.0,0,0,0,0,0,0,0,0,0,0,0,0,0,0,0,0,0,0,0,0,0,0,0,0,0,0,0,0,0,0,0,0,0,0,1,0,0,0,0,0,0,0,1
banana republic,Search | Conversion | PMAX,2026-04-12,61880.39,388565.2,95277.0,0,0,0,0,0,0,0,0,0,0,0,0,0,0,0,0,0,0,0,0,0,0,0,0,0,0,0,0,0,0,0,0,0,0,0,0,0,0,0,0,0,0,0
banana republic,Search | Conversion | PMAX,2026-04-19,73844.18,525365.63,101367.0,0,0,0,0,0,0,0,0,0,0,0,0,0,0,0,0,0,0,0,0,0,0,0,0,0,0,0,0,0,0,0,0,0,0,0,0,0,0,0,0,0,0,0
banana republic,Search | Conversion | PMAX,2026-04-26,78933.93,461181.56,104065.0,0,0,0,0,0,0,0,0,0,0,0,0,0,0,0,0,0,0,0,0,0,0,0,0,0,0,0,0,0,0,0,0,0,0,0,0,0,0,0,0,0,0,0
banana republic,Search | Conversion | PMAX,2026-05-03,72248.5,407905.94,96851.0,0,0,0,0,0,0,0,0,0,0,0,0,0,0,0,0,0,0,0,0,0,0,0,0,0,0,0,0,0,0,0,0,0,0,0,0,0,0,0,0,0,0,0
banana republic,Search | Conversion | PMAX,2026-05-10,65144.630000000005,389555.92000000004,96053.0,0,0,0,0,0,0,0,0,0,0,0,0,0,0,0,0,0,0,0,0,0,0,0,0,0,0,0,0,0,0,0,0,0,0,0,0,0,0,0,0,0,0,0
banana republic,Search | Conversion | PMAX,2026-05-17,117596.85,653057.01,152592.0,0,0,0,0,0,0,0,0,0,0,0,0,0,0,0,0,0,0,0,0,0,0,0,0,1,0,0,0,0,0,0,0,0,0,0,0,0,0,0,0,0,0,1
banana republic,Search | Conversion | PMAX,2026-05-24,109772.56,699287.05,153175.0,0,0,0,0,0,0,0,0,0,0,0,0,0,0,0,0,0,0,0,0,0,0,0,0,1,0,0,0,0,0,0,0,0,0,0,0,0,0,0,0,0,0,1
banana republic,Search | Conversion | PMAX,2026-05-31,52755.34,414833.97,92231.0,0,0,0,0,0,0,0,0,0,0,0,0,0,0,0,0,0,0,0,0,0,0,0,0,0,0,0,0,0,0,0,0,0,0,0,0,0,0,0,0,0,0,0
banana republic,Search | Conversion | PMAX,2026-06-07,63796.33,420088.28,109619.0,0,0,0,0,0,0,0,0,0,0,0,0,0,0,0,0,0,0,0,0,0,0,0,0,0,0,0,0,0,0,0,0,0,0,0,0,0,0,0,0,0,0,0
banana republic,Search | Conversion | PMAX,2026-06-14,62287.64,369485.81,99908.0,0,0,0,0,0,0,0,0,0,0,0,0,0,0,0,0,0,0,0,0,0,0,0,0,0,0,0,0,0,0,0,0,0,0,0,0,0,0,0,0,0,0,0
banana republic,Search | Conversion | PMAX,2026-06-21,64583.270000000004,348480.0,103821.0,0,0,0,0,0,0,0,0,0,0,0,0,0,0,0,0,0,0,0,0,0,0,0,0,0,1,0,0,0,0,0,0,0,0,0,0,0,0,0,0,1,0,0
banana republic,Search | Conversion | PMAX,2026-06-28,78737.77,386495.48,110587.0,0,0,0,0,0,0,0,0,0,0,0,0,0,0,0,0,0,0,0,0,0,0,0,0,0,1,2,0,0,0,0,0,0,0,0,0,0,0,0,0,2,0,0
banana republic,Search | Conversion | PMAX,2026-07-05,51512.46,316945.0,83570.0,0,0,0,0,0,0,0,0,0,0,0,0,0,0,0,0,0,0,0,0,0,0,0,0,0,0,2,1,0,0,0,0,0,0,0,0,0,0,0,0,2,0,0
banana republic,Search | Conversion | PMAX,2026-07-12,61259.53,326448.08,86675.0,0,0,0,0,0,0,0,0,0,0,0,0,0,0,0,0,0,0,0,0,0,0,0,0,0,0,0,2,0,0,0,0,0,0,0,0,0,0,0,0,2,0,0
banana republic,Search | Conversion | PMAX,2026-07-19,63384.03,356749.84,101969.0,0,0,0,0,0,0,0,0,0,0,0,0,0,0,0,0,0,0,0,0,0,0,0,0,0,0,0,1,2,0,0,0,0,0,0,0,0,0,0,0,2,0,0
banana republic,Search | Conversion | PMAX,2026-07-26,74013.05,371836.83999999997,87527.0,0,0,0,0,0,0,0,0,0,0,0,0,0,0,0,0,0,0,0,0,0,1,0,0,0,0,0,0,1,0,0,0,0,0,0,0,0,0,0,0,1,0,1
banana republic,Search | Conversion | PMAX,2026-08-02,64060.38,293479.66,84522.0,0,0,0,0,0,0,0,0,0,0,0,0,0,0,0,0,0,0,0,0,0,0,0,0,0,0,0,0,0,0,0,0,0,0,0,0,0,0,0,0,0,0,0
banana republic,Search | Conversion | PMAX,2026-08-09,55647.46,283560.83,73156.0,0,0,0,0,0,0,0,0,0,0,0,0,0,0,0,0,0,0,0,0,0,0,0,0,0,0,0,0,0,0,0,0,0,0,0,0,0,0,0,0,0,0,0
banana republic,Search | Conversion | PMAX,2026-08-16,85842.73,406310.31,103503.0,0,0,0,0,0,0,0,0,0,0,0,0,0,0,0,0,0,0,0,0,0,0,0,0,0,0,0,0,0,0,0,0,0,0,0,0,0,0,0,0,0,0,0
banana republic,Search | Conversion | RSC,2025-01-05,36610.96,205570.83000000002,78946.0,0,0,0,0,0,0,0,0,0,0,0,0,0,0,0,0,0,0,0,0,0,0,0,0,0,0,0,0,0,0,0,0,2,0,0,0,0,0,0,0,2,0,0
banana republic,Search | Conversion | RSC,2025-01-12,31006.54,198379.46,67950.0,0,0,0,0,0,0,0,0,0,0,0,0,0,0,0,0,0,0,0,0,0,0,0,0,0,0,0,0,0,0,0,0,1,2,0,0,0,0,0,0,2,0,0
banana republic,Search | Conversion | RSC,2025-01-19,21166.98,172929.48,54523.0,0,0,0,0,0,0,0,0,0,0,0,0,0,0,0,0,0,0,0,0,0,0,0,0,0,0,0,0,0,0,0,0,0,2,0,0,0,0,0,0,2,0,0
banana republic,Search | Conversion | RSC,2025-01-26,23833.82,190002.54,53790.0,0,0,0,0,0,0,0,0,0,0,0,0,0,0,0,0,0,0,0,0,0,0,0,0,0,0,0,0,0,0,0,0,0,0,0,0,0,0,0,0,0,0,0
banana republic,Search | Conversion | RSC,2025-02-02,48424.15,304131.14,89766.0,0,0,0,0,0,0,0,0,0,0,0,0,0,0,0,0,0,0,0,0,0,0,0,0,0,0,0,0,0,0,0,0,0,0,0,0,0,0,0,0,0,0,0
banana republic,Search | Conversion | RSC,2025-02-09,40400.5,300641.96,85761.0,0,0,0,0,0,0,0,0,0,0,0,0,0,0,0,0,0,0,0,0,0,0,0,0,0,0,0,0,0,0,0,0,0,0,0,0,0,0,0,0,0,0,0
banana republic,Search | Conversion | RSC,2025-02-16,49001.27,318870.77,93813.0,0,0,0,0,0,0,0,0,0,0,0,0,0,0,0,0,0,0,0,0,0,0,0,0,0,0,0,0,0,0,0,0,0,0,0,0,0,0,0,0,0,0,0
banana republic,Search | Conversion | RSC,2025-02-23,53773.46,317260.81,98412.0,0,0,0,0,0,0,0,0,0,0,0,0,0,0,0,0,0,0,0,0,0,0,0,0,0,0,0,0,0,0,0,0,0,0,0,0,0,0,0,0,0,0,0
banana republic,Search | Conversion | RSC,2025-03-02,47829.75,298813.02,94731.0,0,0,0,0,0,0,0,0,0,0,0,0,0,0,0,0,0,0,0,0,0,0,0,0,0,0,0,0,0,0,0,0,0,0,0,0,0,0,0,0,0,0,0
banana republic,Search | Conversion | RSC,2025-03-09,59988.16,331816.42,101700.0,0,0,0,0,0,0,0,0,0,0,0,0,0,0,0,0,0,0,0,0,0,0,0,0,0,0,0,0,0,0,0,0,0,0,0,0,0,0,0,0,0,0,0
banana republic,Search | Conversion | RSC,2025-03-16,111831.15,445302.74,146509.0,0,0,0,0,0,0,0,0,0,0,0,0,0,0,0,0,0,0,0,0,0,0,0,0,0,0,0,0,0,0,0,0,0,0,0,0,0,0,0,0,0,0,0
banana republic,Search | Conversion | RSC,2025-03-23,144383.32,582782.67,146247.0,0,2,0,0,0,0,0,0,0,0,0,0,0,0,0,0,0,0,0,0,0,0,0,0,0,0,0,0,0,0,0,0,0,0,0,0,0,0,2,0,0,0,0
banana republic,Search | Conversion | RSC,2025-03-30,96111.9,304407.97000000003,92041.0,0,1,0,0,0,0,0,0,0,0,0,0,0,0,0,0,0,0,0,0,0,0,0,0,0,0,0,0,0,0,0,0,0,0,0,0,0,0,1,0,0,0,0
banana republic,Search | Conversion | RSC,2025-04-06,42930.409999999996,222803.33,76281.0,0,0,0,0,0,0,0,0,0,0,0,0,0,0,0,0,0,0,0,0,0,0,0,0,0,0,0,0,0,0,0,0,0,0,0,0,0,0,0,0,0,0,0
banana republic,Search | Conversion | RSC,2025-04-13,37957.71,214803.88,71142.0,0,0,0,0,0,0,0,0,0,0,0,0,0,0,0,0,0,0,0,0,0,0,0,0,0,0,0,0,0,0,0,0,0,0,1,0,0,0,0,0,0,0,1
banana republic,Search | Conversion | RSC,2025-04-20,40997.05,253619.33,78913.0,0,0,0,0,0,0,0,0,0,0,0,0,0,0,0,0,0,0,0,0,0,0,0,0,0,0,0,0,0,0,0,0,0,0,1,0,0,0,0,0,0,0,1
banana republic,Search | Conversion | RSC,2025-04-27,43370.59,269201.99,82726.0,0,0,0,0,0,0,0,0,0,0,0,0,0,0,0,0,0,0,0,0,0,0,0,0,0,0,0,0,0,0,0,0,0,0,0,0,0,0,0,0,0,0,0
banana republic,Search | Conversion | RSC,2025-05-04,52555.33,271352.58,85950.0,0,0,0,0,0,0,0,0,0,0,0,0,0,0,0,0,0,0,0,0,0,0,0,0,0,0,0,0,0,0,0,0,0,0,0,0,0,0,0,0,0,0,0
banana republic,Search | Conversion | RSC,2025-05-11,58133.42,285890.13,102745.0,0,0,0,0,0,0,0,0,0,0,0,0,0,0,0,0,0,0,0,0,0,0,0,0,0,0,0,0,0,0,0,0,0,0,0,0,0,0,0,0,0,0,0
banana republic,Search | Conversion | RSC,2025-05-18,108423.26000000001,364930.13,129616.0,0,0,0,0,0,0,0,0,0,0,0,0,0,0,0,0,0,0,0,0,0,0,0,0,1,0,0,0,0,0,0,0,0,0,0,0,0,0,0,0,0,0,1
banana republic,Search | Conversion | RSC,2025-05-25,50024.42,307561.98,87592.0,0,0,0,0,0,0,0,0,0,0,0,0,0,0,0,0,0,0,0,0,0,0,0,0,1,0,0,0,0,0,0,0,0,0,0,0,0,0,0,0,0,0,1
banana republic,Search | Conversion | RSC,2025-06-01,44517.380000000005,237041.27000000002,84578.0,0,0,0,0,0,0,0,0,0,0,0,0,0,0,0,0,0,0,0,0,0,0,0,0,0,0,0,0,0,0,0,0,0,0,0,0,0,0,0,0,0,0,0
banana republic,Search | Conversion | RSC,2025-06-08,39885.340000000004,212122.33,79227.0,0,0,0,0,0,0,0,0,0,0,0,0,0,0,0,0,0,0,0,0,0,0,0,0,0,0,0,0,0,0,0,0,0,0,0,0,0,0,0,0,0,0,0
banana republic,Search | Conversion | RSC,2025-06-15,34106.39,184280.53,62869.0,0,0,0,0,0,0,0,0,0,0,0,0,0,0,0,0,0,0,0,0,0,0,0,0,0,0,0,0,0,0,0,0,0,0,0,0,0,0,0,0,0,0,0
banana republic,Search | Conversion | RSC,2025-06-22,36336.130000000005,187069.33000000002,67484.0,0,0,0,0,0,0,0,0,0,0,0,0,0,0,0,0,0,0,0,0,0,0,0,0,0,1,0,0,0,0,0,0,0,0,0,0,0,0,0,0,1,0,0
banana republic,Search | Conversion | RSC,2025-06-29,30685.7,153887.47,56454.0,0,0,0,0,0,0,0,0,0,0,0,0,0,0,0,0,0,0,0,0,0,0,0,0,0,1,2,0,0,0,0,0,0,0,0,0,0,0,0,0,2,0,0
banana republic,Search | Conversion | RSC,2025-07-06,34544.84,174852.52,60300.0,0,0,0,0,0,0,0,0,0,0,0,0,0,0,0,0,0,0,0,0,0,0,0,0,0,0,2,1,0,0,0,0,0,0,0,0,0,0,0,0,2,0,0
banana republic,Search | Conversion | RSC,2025-07-13,36910.83,188859.95,65764.0,0,0,0,0,0,0,0,0,0,0,0,0,0,0,0,0,0,0,0,0,0,0,0,0,0,0,0,2,0,0,0,0,0,0,0,0,0,0,0,0,2,0,0
banana republic,Search | Conversion | RSC,2025-07-20,23287.14,132257.77000000002,48746.0,0,0,0,0,0,0,0,0,0,0,0,0,0,0,0,0,0,0,0,0,0,0,0,0,0,0,0,1,2,0,0,0,0,0,0,0,0,0,0,0,2,0,0
banana republic,Search | Conversion | RSC,2025-07-27,25518.47,147541.66999999998,53213.0,0,0,0,0,0,0,0,0,0,0,0,0,0,0,0,0,0,0,0,0,0,0,0,0,0,0,0,0,2,0,0,0,0,0,0,0,0,0,0,0,2,0,0
banana republic,Search | Conversion | RSC,2025-08-03,36463.41,174848.8,67236.0,0,0,0,0,0,0,0,0,0,0,0,0,0,0,0,0,0,0,0,0,0,0,0,0,0,0,0,0,1,0,0,0,0,0,0,0,0,0,0,0,1,0,0
banana republic,Search | Conversion | RSC,2025-08-10,33390.92,159652.72,64188.0,0,0,0,0,0,0,0,0,0,0,0,0,0,0,0,0,0,0,0,0,0,0,0,0,0,0,0,0,0,0,0,0,0,0,0,0,0,0,0,0,0,0,0
banana republic,Search | Conversion | RSC,2025-08-17,33341.82,168613.43,66618.0,0,0,0,0,0,0,0,0,0,0,0,0,0,0,0,0,0,0,0,0,0,0,0,0,0,0,0,0,0,0,0,0,0,0,0,0,0,0,0,0,0,0,0
banana republic,Search | Conversion | RSC,2025-08-24,52840.36,209993.83000000002,83761.0,0,0,0,0,0,0,0,0,0,0,0,0,0,0,0,0,0,0,0,0,0,0,0,0,0,0,0,0,0,0,0,0,0,0,0,1,0,1,0,0,0,0,0
banana republic,Search | Conversion | RSC,2025-08-31,43191.88,194091.37,74304.0,0,0,0,0,0,0,0,0,0,0,0,0,0,0,0,0,0,0,0,0,0,0,0,0,0,0,0,0,0,0,0,0,0,0,0,1,0,1,0,0,0,0,0
banana republic,Search | Conversion | RSC,2025-09-07,115017.9,391298.28,115130.0,0,1,0,0,0,0,0,0,0,0,0,0,0,0,0,0,0,0,0,0,0,0,0,0,0,0,0,0,0,0,0,0,0,0,0,0,0,0,1,0,0,0,0
banana republic,Search | Conversion | RSC,2025-09-14,135570.35,540987.13,137686.0,0,2,0,0,0,0,0,0,0,0,0,0,0,0,0,0,0,0,0,0,0,0,0,0,0,0,0,0,0,0,0,0,0,0,0,0,0,0,2,0,0,0,0
banana republic,Search | Conversion | RSC,2025-09-21,69322.68000000001,250648.82,89341.0,0,1,0,0,0,0,0,0,0,0,0,0,0,0,0,0,0,0,0,0,0,0,0,0,0,0,0,0,0,0,0,0,0,0,0,0,0,0,1,0,0,0,0
banana republic,Search | Conversion | RSC,2025-09-28,48708.700000000004,165218.98,74336.0,0,0,0,0,0,0,0,0,0,0,0,0,0,0,0,0,0,0,0,0,0,0,0,0,0,0,0,0,0,0,0,0,0,0,0,0,0,0,0,0,0,0,0
banana republic,Search | Conversion | RSC,2025-10-05,42880.83,177097.02,67684.0,0,0,0,0,0,0,0,0,0,0,0,0,0,0,0,0,0,0,0,0,0,0,0,0,0,0,0,0,0,0,0,0,0,0,0,0,0,0,0,0,0,0,0
banana republic,Search | Conversion | RSC,2025-10-12,43317.799999999996,187854.32,67125.0,0,0,0,0,0,0,0,0,0,0,0,0,0,0,0,0,0,0,0,0,0,0,0,0,0,0,0,0,0,0,0,0,0,0,0,0,0,0,0,0,0,0,0
banana republic,Search | Conversion | RSC,2025-10-19,48803.75,204130.19,72474.0,0,0,0,0,0,0,0,0,0,0,0,0,0,0,0,0,0,0,0,0,0,0,0,0,0,0,0,0,0,0,0,0,0,0,0,0,0,0,0,0,0,0,0
banana republic,Search | Conversion | RSC,2025-10-26,52260.97,255653.58,83297.0,0,0,0,0,0,0,0,0,0,0,0,0,0,0,0,0,0,0,0,0,0,0,0,0,0,0,0,0,0,0,0,0,0,0,0,0,0,0,0,0,0,0,0
banana republic,Search | Conversion | RSC,2025-11-02,99499.18,339919.93,104604.0,0,0,0,0,0,0,0,0,0,0,0,0,0,0,2,0,0,0,0,0,0,0,0,0,0,0,0,0,0,0,0,0,0,0,0,0,0,0,2,0,0,0,0
banana republic,Search | Conversion | RSC,2025-11-09,57401.46,236765.98,79822.0,0,0,0,0,0,0,0,0,0,0,0,0,0,0,1,0,0,0,0,0,0,0,0,0,0,0,0,0,0,0,0,0,0,0,0,0,0,0,1,0,0,0,0
banana republic,Search | Conversion | RSC,2025-11-16,40433.84,143866.11,69154.0,0,0,0,0,0,0,0,0,0,0,0,0,0,0,0,0,0,0,0,0,0,0,0,0,0,0,0,0,0,0,0,0,0,0,0,0,0,0,0,0,0,0,0
banana republic,Search | Conversion | RSC,2025-11-23,226440.68,573273.1000000001,172119.0,0,0,0,0,0,0,0,0,0,0,0,0,0,0,0,0,0,0,0,0,0,0,0,0,0,0,0,0,0,2,0,0,0,0,0,0,0,0,2,0,0,0,0
banana republic,Search | Conversion | RSC,2025-11-30,203981.08,550385.78,170045.0,0,0,0,0,0,0,0,0,0,0,0,0,0,0,0,0,0,2,0,0,0,0,0,0,0,0,0,0,0,0,0,0,0,0,0,0,0,0,2,0,0,0,0
banana republic,Search | Conversion | RSC,2025-12-07,105316.61,336217.80000000005,116351.0,0,0,0,0,0,0,0,0,0,0,0,0,0,0,0,0,0,0,0,0,0,0,0,0,0,0,0,0,0,0,2,0,0,0,0,0,0,0,2,0,0,0,0
banana republic,Search | Conversion | RSC,2025-12-14,82828.35,278564.83,99533.0,0,0,0,0,0,0,0,0,0,0,0,0,0,0,0,0,0,0,0,0,0,0,0,0,0,0,0,0,0,0,1,0,0,0,0,0,2,2,1,0,0,0,0
banana republic,Search | Conversion | RSC,2025-12-21,37352.16,152749.3,69622.0,0,0,0,0,0,0,0,0,0,0,0,0,0,0,0,0,0,0,0,0,0,0,0,0,0,0,0,0,0,0,0,1,0,0,0,0,2,2,0,0,1,0,0
banana republic,Search | Conversion | RSC,2025-12-28,43871.67,166162.19,86401.0,0,0,0,0,0,0,0,0,0,0,0,0,0,0,0,0,0,0,0,0,0,0,0,0,0,0,0,0,0,0,0,2,0,0,0,0,0,0,0,0,2,0,0
banana republic,Search | Conversion | RSC,2026-01-04,22235.07,102300.03,58213.0,0,0,0,0,0,0,0,0,0,0,0,0,0,0,0,0,0,0,0,0,0,0,0,0,0,0,0,0,0,0,0,1,2,0,0,0,0,0,0,0,2,0,0
banana republic,Search | Conversion | RSC,2026-01-11,21614.95,107534.94,55301.0,0,0,0,0,0,0,0,0,0,0,0,0,0,0,0,0,0,0,0,0,0,0,0,0,0,0,0,0,0,0,0,0,1,2,0,0,0,0,0,0,2,0,0
banana republic,Search | Conversion | RSC,2026-01-18,24614.29,123440.76999999999,57845.0,0,0,0,0,0,0,0,0,0,0,0,0,0,0,0,0,0,0,0,0,0,0,0,0,0,0,0,0,0,0,0,0,0,2,0,0,0,0,0,0,2,0,0
banana republic,Search | Conversion | RSC,2026-01-25,22258.579999999998,109597.65,58310.0,0,0,0,0,0,0,0,0,0,0,0,0,0,0,0,0,0,0,0,0,0,0,0,0,0,0,0,0,0,0,0,0,0,0,0,0,0,0,0,0,0,0,0
banana republic,Search | Conversion | RSC,2026-02-01,20844.61,108924.91,55738.0,0,0,0,0,0,0,0,0,0,0,0,0,0,0,0,0,0,0,0,0,0,0,0,0,0,0,0,0,0,0,0,0,0,0,0,0,0,0,0,0,0,0,0
banana republic,Search | Conversion | RSC,2026-02-08,23046.66,115635.44,54086.0,0,0,0,0,0,0,0,0,0,0,0,0,0,0,0,0,0,0,0,0,0,0,0,0,0,0,0,0,0,0,0,0,0,0,0,0,0,0,0,0,0,0,0
banana republic,Search | Conversion | RSC,2026-02-15,26576.1,129756.39,65285.0,0,0,0,0,0,0,0,0,0,0,0,0,0,0,0,0,0,0,0,0,0,0,0,0,0,0,0,0,0,0,0,0,0,0,0,0,0,0,0,0,0,0,0
banana republic,Search | Conversion | RSC,2026-02-22,22704.55,158542.54,66398.0,0,0,0,0,0,0,0,0,0,0,0,0,0,0,0,0,0,0,0,0,0,0,0,0,0,0,0,0,0,0,0,0,0,0,0,0,0,0,0,0,0,0,0
banana republic,Search | Conversion | RSC,2026-03-01,35899.69,188120.08,80692.0,0,0,0,0,0,0,0,0,0,0,0,0,0,0,0,0,0,0,0,0,0,0,0,0,0,0,0,0,0,0,0,0,0,0,0,0,0,0,0,0,0,0,0
banana republic,Search | Conversion | RSC,2026-03-08,91971.75,413431.34,130418.0,0,1,0,0,0,0,0,0,0,0,0,0,0,0,0,0,0,0,0,0,0,0,0,0,0,0,0,0,0,0,0,0,0,0,0,0,0,0,1,0,0,0,0
banana republic,Search | Conversion | RSC,2026-03-15,160295.83000000002,682102.6699999999,170946.0,0,2,0,0,0,0,0,0,0,0,0,0,0,0,0,0,0,0,0,0,0,0,0,0,0,0,0,0,0,0,0,0,0,0,0,0,0,0,2,0,0,0,0
banana republic,Search | Conversion | RSC,2026-03-22,51506.64,276963.61,86082.0,0,1,0,0,0,0,0,0,0,0,0,0,0,0,0,0,0,0,0,0,0,0,0,0,0,0,0,0,0,0,0,0,0,0,0,0,0,0,1,0,0,0,0
banana republic,Search | Conversion | RSC,2026-03-29,35924.04,240100.48,73471.0,0,0,0,0,0,0,0,0,0,0,0,0,0,0,0,0,0,0,0,0,0,0,0,0,0,0,0,0,0,0,0,0,0,0,1,0,0,0,0,0,0,0,1
banana republic,Search | Conversion | RSC,2026-04-05,44460.6,209235.49,75203.0,0,0,0,0,0,0,0,0,0,0,0,0,0,0,0,0,0,0,0,0,0,0,0,0,0,0,0,0,0,0,0,0,0,0,1,0,0,0,0,0,0,0,1
banana republic,Search | Conversion | RSC,2026-04-12,48404.17,239519.52,83465.0,0,0,0,0,0,0,0,0,0,0,0,0,0,0,0,0,0,0,0,0,0,0,0,0,0,0,0,0,0,0,0,0,0,0,0,0,0,0,0,0,0,0,0
banana republic,Search | Conversion | RSC,2026-04-19,45250.35,220864.66,71886.0,0,0,0,0,0,0,0,0,0,0,0,0,0,0,0,0,0,0,0,0,0,0,0,0,0,0,0,0,0,0,0,0,0,0,0,0,0,0,0,0,0,0,0
banana republic,Search | Conversion | RSC,2026-04-26,45306.59,217762.02,75852.0,0,0,0,0,0,0,0,0,0,0,0,0,0,0,0,0,0,0,0,0,0,0,0,0,0,0,0,0,0,0,0,0,0,0,0,0,0,0,0,0,0,0,0
banana republic,Search | Conversion | RSC,2026-05-03,51612.4,239085.29,82565.0,0,0,0,0,0,0,0,0,0,0,0,0,0,0,0,0,0,0,0,0,0,0,0,0,0,0,0,0,0,0,0,0,0,0,0,0,0,0,0,0,0,0,0
banana republic,Search | Conversion | RSC,2026-05-10,49018.0,262992.58,78605.0,0,0,0,0,0,0,0,0,0,0,0,0,0,0,0,0,0,0,0,0,0,0,0,0,0,0,0,0,0,0,0,0,0,0,0,0,0,0,0,0,0,0,0
banana republic,Search | Conversion | RSC,2026-05-17,44696.78,229816.69,67217.0,0,0,0,0,0,0,0,0,0,0,0,0,0,0,0,0,0,0,0,0,0,0,0,0,1,0,0,0,0,0,0,0,0,0,0,0,0,0,0,0,0,0,1
banana republic,Search | Conversion | RSC,2026-05-24,50594.01,223014.09,78297.0,0,0,0,0,0,0,0,0,0,0,0,0,0,0,0,0,0,0,0,0,0,0,0,0,1,0,0,0,0,0,0,0,0,0,0,0,0,0,0,0,0,0,1
banana republic,Search | Conversion | RSC,2026-05-31,43414.19,233733.06,85313.0,0,0,0,0,0,0,0,0,0,0,0,0,0,0,0,0,0,0,0,0,0,0,0,0,0,0,0,0,0,0,0,0,0,0,0,0,0,0,0,0,0,0,0
banana republic,Search | Conversion | RSC,2026-06-07,25682.239999999998,153859.76,57429.0,0,0,0,0,0,0,0,0,0,0,0,0,0,0,0,0,0,0,0,0,0,0,0,0,0,0,0,0,0,0,0,0,0,0,0,0,0,0,0,0,0,0,0
banana republic,Search | Conversion | RSC,2026-06-14,35350.06,145145.37,67309.0,0,0,0,0,0,0,0,0,0,0,0,0,0,0,0,0,0,0,0,0,0,0,0,0,0,0,0,0,0,0,0,0,0,0,0,0,0,0,0,0,0,0,0
banana republic,Search | Conversion | RSC,2026-06-21,36034.31,148596.23,64599.0,0,0,0,0,0,0,0,0,0,0,0,0,0,0,0,0,0,0,0,0,0,0,0,0,0,1,0,0,0,0,0,0,0,0,0,0,0,0,0,0,1,0,0
banana republic,Search | Conversion | RSC,2026-06-28,40140.91,170258.5,64881.0,0,0,0,0,0,0,0,0,0,0,0,0,0,0,0,0,0,0,0,0,0,0,0,0,0,1,2,0,0,0,0,0,0,0,0,0,0,0,0,0,2,0,0
banana republic,Search | Conversion | RSC,2026-07-05,34611.42,162829.95,57070.0,0,0,0,0,0,0,0,0,0,0,0,0,0,0,0,0,0,0,0,0,0,0,0,0,0,0,2,1,0,0,0,0,0,0,0,0,0,0,0,0,2,0,0
banana republic,Search | Conversion | RSC,2026-07-12,45925.81,187172.53,67784.0,0,0,0,0,0,0,0,0,0,0,0,0,0,0,0,0,0,0,0,0,0,0,0,0,0,0,0,2,0,0,0,0,0,0,0,0,0,0,0,0,2,0,0
banana republic,Search | Conversion | RSC,2026-07-19,42956.67,189220.59,67207.0,0,0,0,0,0,0,0,0,0,0,0,0,0,0,0,0,0,0,0,0,0,0,0,0,0,0,0,1,2,0,0,0,0,0,0,0,0,0,0,0,2,0,0
banana republic,Search | Conversion | RSC,2026-07-26,64395.51,275131.73,86820.0,0,0,0,0,0,0,0,0,0,0,0,0,0,0,0,0,0,0,0,0,0,1,0,0,0,0,0,0,1,0,0,0,0,0,0,0,0,0,0,0,1,0,1
banana republic,Search | Conversion | RSC,2026-08-02,26703.96,122884.07,44343.0,0,0,0,0,0,0,0,0,0,0,0,0,0,0,0,0,0,0,0,0,0,0,0,0,0,0,0,0,0,0,0,0,0,0,0,0,0,0,0,0,0,0,0
banana republic,Search | Conversion | RSC,2026-08-09,21069.75,85741.38,35636.0,0,0,0,0,0,0,0,0,0,0,0,0,0,0,0,0,0,0,0,0,0,0,0,0,0,0,0,0,0,0,0,0,0,0,0,0,0,0,0,0,0,0,0
banana republic,Search | Conversion | RSC,2026-08-16,9721.93,63440.020000000004,21740.0,0,0,0,0,0,0,0,0,0,0,0,0,0,0,0,0,0,0,0,0,0,0,0,0,0,0,0,0,0,0,0,0,0,0,0,0,0,0,0,0,0,0,0
banana republic,Social | Conversion | CVR,2024-08-18,1871.85,2467.8900000000003,1681.0,0,0,0,0,0,0,0,0,0,0,0,0,0,0,0,0,0,0,0,0,0,0,0,0,0,0,0,0,0,0,0,0,0,0,0,0,0,0,0,0,0,0,0
banana republic,Social | Conversion | CVR,2024-08-25,4428.91,7954.41,2898.0,0,0,0,0,0,0,0,0,0,0,0,0,0,0,0,0,0,0,0,0,0,0,0,0,0,0,0,0,0,0,0,0,0,0,0,0,0,0,0,0,0,0,0
banana republic,Social | Conversion | CVR,2024-09-01,6602.55,8161.61,6024.0,0,0,0,0,0,0,0,0,0,0,0,0,0,0,0,0,0,0,0,0,0,0,0,0,0,0,0,0,0,0,0,0,0,0,0,0,0,0,0,0,0,0,0
banana republic,Social | Conversion | CVR,2024-09-08,5720.48,8664.96,12091.0,0,0,0,0,0,0,0,0,0,0,0,0,0,0,0,0,0,0,0,0,0,0,0,0,0,0,0,0,0,0,0,0,0,0,0,0,0,0,0,0,0,0,0
banana republic,Social | Conversion | CVR,2024-09-15,19136.079999999998,58675.149999999994,17814.0,0,2,0,0,0,0,0,0,0,0,0,0,0,0,0,0,0,0,0,0,0,0,0,0,0,0,0,0,0,0,0,0,0,0,0,0,0,0,2,0,0,0,0
banana republic,Social | Conversion | CVR,2024-09-22,10492.76,33310.83,7071.0,0,2,0,0,0,0,0,0,0,0,0,0,0,0,0,0,0,0,0,0,0,0,0,0,0,0,0,0,0,0,0,0,0,0,0,0,0,0,2,0,0,0,0
banana republic,Social | Conversion | CVR,2024-09-29,2886.62,11128.880000000001,3231.0,0,1,0,0,0,0,0,0,0,0,0,0,0,0,0,0,0,0,0,0,0,0,0,0,0,0,0,0,0,0,0,0,0,0,0,0,0,0,1,0,0,0,0
banana republic,Social | Conversion | CVR,2024-10-06,451.95000000000005,253.0,512.0,0,0,0,0,0,0,0,0,0,0,0,0,0,0,0,0,0,0,0,0,0,0,0,0,0,0,0,0,0,0,0,0,0,0,0,0,0,0,0,0,0,0,0
banana republic,Social | Conversion | CVR,2024-11-03,3226.9700000000003,15085.52,5919.0,0,0,0,0,0,0,0,0,0,0,0,0,0,0,2,0,0,0,0,0,0,0,0,0,0,0,0,0,0,0,0,0,0,0,0,0,0,0,2,0,0,0,0
banana republic,Social | Conversion | CVR,2024-11-10,9401.14,22030.489999999998,9343.0,0,0,0,0,0,0,0,0,0,0,0,0,0,0,1,0,0,0,0,0,0,0,0,0,0,0,0,0,0,0,0,0,0,0,0,0,0,0,1,0,0,0,0
banana republic,Social | Conversion | CVR,2024-11-17,16392.19,20540.36,9003.0,0,0,0,0,0,0,0,0,0,0,0,0,0,0,0,0,0,0,0,0,0,0,0,0,0,0,0,0,0,0,0,0,0,0,0,0,0,0,0,0,0,0,0
banana republic,Social | Conversion | CVR,2024-11-24,57538.21,141974.94,27094.0,0,0,0,0,0,0,0,0,0,0,0,0,0,0,0,0,0,0,0,0,0,0,0,0,0,0,0,0,0,2,0,0,0,0,0,0,0,0,2,0,0,0,0
banana republic,Social | Conversion | CVR,2024-12-01,42645.37,107535.75,26877.0,0,0,0,0,0,0,0,0,0,0,0,0,0,0,0,0,0,2,0,0,0,0,0,0,0,0,0,0,0,0,0,0,0,0,0,0,0,0,2,0,0,0,0
banana republic,Social | Conversion | CVR,2024-12-08,12619.29,35730.909999999996,12595.0,0,0,0,0,0,0,0,0,0,0,0,0,0,0,0,0,0,0,0,0,0,0,0,0,0,0,0,0,0,0,1,0,0,0,0,0,0,0,1,0,0,0,0
banana republic,Social | Conversion | CVR,2024-12-15,10772.44,11024.9,5136.0,0,0,0,0,0,0,0,0,0,0,0,0,0,0,0,0,0,0,0,0,0,0,0,0,0,0,0,0,0,0,1,0,0,0,0,0,0,0,1,0,0,0,0
banana republic,Social | Conversion | CVR,2024-12-22,9244.470000000001,18333.949999999997,9112.0,0,0,0,0,0,0,0,0,0,0,0,0,0,0,0,0,0,0,0,0,0,0,0,0,0,0,0,0,0,0,0,1,0,0,0,0,0,0,0,0,1,0,0
banana republic,Social | Conversion | CVR,2024-12-29,9151.11,31728.579999999998,17024.0,0,0,0,0,0,0,0,0,0,0,0,0,0,0,0,0,0,0,0,0,0,0,0,0,0,0,0,0,0,0,0,2,1,0,0,0,0,0,0,0,2,0,0
banana republic,Social | Conversion | CVR,2025-01-05,5697.48,23616.26,12115.0,0,0,0,0,0,0,0,0,0,0,0,0,0,0,0,0,0,0,0,0,0,0,0,0,0,0,0,0,0,0,0,0,2,0,0,0,0,0,0,0,2,0,0
banana republic,Social | Conversion | CVR,2025-01-12,7527.85,50656.78,21112.0,0,0,0,0,0,0,0,0,0,0,0,0,0,0,0,0,0,0,0,0,0,0,0,0,0,0,0,0,0,0,0,0,1,2,0,0,0,0,0,0,2,0,0
banana republic,Social | Conversion | CVR,2025-01-19,6949.27,33375.3,14606.0,0,0,0,0,0,0,0,0,0,0,0,0,0,0,0,0,0,0,0,0,0,0,0,0,0,0,0,0,0,0,0,0,0,2,0,0,0,0,0,0,2,0,0
banana republic,Social | Conversion | CVR,2025-01-26,9260.64,27429.92,10437.0,0,0,0,0,0,0,0,0,0,0,0,0,0,0,0,0,0,0,0,0,0,0,0,0,0,0,0,0,0,0,0,0,0,0,0,0,0,0,0,0,0,0,0
banana republic,Social | Conversion | CVR,2025-02-02,7025.8,1220.96,315.0,0,0,0,0,0,0,0,0,0,0,0,0,0,0,0,0,0,0,0,0,0,0,0,0,0,0,0,0,0,0,0,0,0,0,0,0,0,0,0,0,0,0,0
banana republic,Social | Conversion | CVR,2025-02-09,8622.4,568.99,41.0,0,0,0,0,0,0,0,0,0,0,0,0,0,0,0,0,0,0,0,0,0,0,0,0,0,0,0,0,0,0,0,0,0,0,0,0,0,0,0,0,0,0,0
banana republic,Social | Conversion | CVR,2025-02-16,6713.54,18689.8,7257.0,0,0,0,0,0,0,0,0,0,0,0,0,0,0,0,0,0,0,0,0,0,0,0,0,0,0,0,0,0,0,0,0,0,0,0,0,0,0,0,0,0,0,0
banana republic,Social | Conversion | CVR,2025-02-23,9473.79,43221.69,14594.0,0,0,0,0,0,0,0,0,0,0,0,0,0,0,0,0,0,0,0,0,0,0,0,0,0,0,0,0,0,0,0,0,0,0,0,0,0,0,0,0,0,0,0
banana republic,Social | Conversion | CVR,2025-03-02,11593.55,58868.68,23496.0,0,0,0,0,0,0,0,0,0,0,0,0,0,0,0,0,0,0,0,0,0,0,0,0,0,0,0,0,0,0,0,0,0,0,0,0,0,0,0,0,0,0,0
banana republic,Social | Conversion | CVR,2025-03-09,10820.919999999998,53622.95,17083.0,0,0,0,0,0,0,0,0,0,0,0,0,0,0,0,0,0,0,0,0,0,0,0,0,0,0,0,0,0,0,0,0,0,0,0,0,0,0,0,0,0,0,0
banana republic,Social | Conversion | CVR,2025-03-16,19849.16,62123.57,21704.0,0,0,0,0,0,0,0,0,0,0,0,0,0,0,0,0,0,0,0,0,0,0,0,0,0,0,0,0,0,0,0,0,0,0,0,0,0,0,0,0,0,0,0
banana republic,Social | Conversion | CVR,2025-03-23,84986.97,304877.79,53513.0,0,2,0,0,0,0,0,0,0,0,0,0,0,0,0,0,0,0,0,0,0,0,0,0,0,0,0,0,0,0,0,0,0,0,0,0,0,0,2,0,0,0,0
banana republic,Social | Conversion | CVR,2025-03-30,26817.36,78770.69,23281.0,0,1,0,0,0,0,0,0,0,0,0,0,0,0,0,0,0,0,0,0,0,0,0,0,0,0,0,0,0,0,0,0,0,0,0,0,0,0,1,0,0,0,0
banana republic,Social | Conversion | CVR,2025-04-06,8371.81,26014.59,10435.0,0,0,0,0,0,0,0,0,0,0,0,0,0,0,0,0,0,0,0,0,0,0,0,0,0,0,0,0,0,0,0,0,0,0,0,0,0,0,0,0,0,0,0
banana republic,Social | Conversion | CVR,2025-04-13,9092.71,30239.59,12403.0,0,0,0,0,0,0,0,0,0,0,0,0,0,0,0,0,0,0,0,0,0,0,0,0,0,0,0,0,0,0,0,0,0,0,1,0,0,0,0,0,0,0,1
banana republic,Social | Conversion | CVR,2025-04-20,7466.3099999999995,20920.29,10430.0,0,0,0,0,0,0,0,0,0,0,0,0,0,0,0,0,0,0,0,0,0,0,0,0,0,0,0,0,0,0,0,0,0,0,1,0,0,0,0,0,0,0,1
banana republic,Social | Conversion | CVR,2025-04-27,7081.78,31588.98,11932.0,0,0,0,0,0,0,0,0,0,0,0,0,0,0,0,0,0,0,0,0,0,0,0,0,0,0,0,0,0,0,0,0,0,0,0,0,0,0,0,0,0,0,0
banana republic,Social | Conversion | CVR,2025-05-04,6906.280000000001,24701.74,9993.0,0,0,0,0,0,0,0,0,0,0,0,0,0,0,0,0,0,0,0,0,0,0,0,0,0,0,0,0,0,0,0,0,0,0,0,0,0,0,0,0,0,0,0
banana republic,Social | Conversion | CVR,2025-05-11,6767.139999999999,28221.81,8713.0,0,0,0,0,0,0,0,0,0,0,0,0,0,0,0,0,0,0,0,0,0,0,0,0,0,0,0,0,0,0,0,0,0,0,0,0,0,0,0,0,0,0,0
banana republic,Social | Conversion | CVR,2025-05-18,18338.59,81658.23999999999,22972.0,0,0,0,0,0,0,0,0,0,0,0,0,0,0,0,0,0,0,0,0,0,0,0,0,1,0,0,0,0,0,0,0,0,0,0,0,0,0,0,0,0,0,1
banana republic,Social | Conversion | CVR,2025-05-25,17633.329999999998,75083.31999999999,24249.0,0,0,0,0,0,0,0,0,0,0,0,0,0,0,0,0,0,0,0,0,0,0,0,0,1,0,0,0,0,0,0,0,0,0,0,0,0,0,0,0,0,0,1
banana republic,Social | Conversion | CVR,2025-06-01,6810.76,25062.39,9271.0,0,0,0,0,0,0,0,0,0,0,0,0,0,0,0,0,0,0,0,0,0,0,0,0,0,0,0,0,0,0,0,0,0,0,0,0,0,0,0,0,0,0,0
banana republic,Social | Conversion | CVR,2025-06-08,6615.21,19823.63,8398.0,0,0,0,0,0,0,0,0,0,0,0,0,0,0,0,0,0,0,0,0,0,0,0,0,0,0,0,0,0,0,0,0,0,0,0,0,0,0,0,0,0,0,0
banana republic,Social | Conversion | CVR,2025-06-15,6056.62,15493.55,7368.0,0,0,0,0,0,0,0,0,0,0,0,0,0,0,0,0,0,0,0,0,0,0,0,0,0,0,0,0,0,0,0,0,0,0,0,0,0,0,0,0,0,0,0
banana republic,Social | Conversion | CVR,2025-06-22,6022.67,18362.5,8994.0,0,0,0,0,0,0,0,0,0,0,0,0,0,0,0,0,0,0,0,0,0,0,0,0,0,1,0,0,0,0,0,0,0,0,0,0,0,0,0,0,1,0,0
banana republic,Social | Conversion | CVR,2025-06-29,9941.67,59296.97,18689.0,0,0,0,0,0,0,0,0,0,0,0,0,0,0,0,0,0,0,0,0,0,0,0,0,0,1,2,0,0,0,0,0,0,0,0,0,0,0,0,0,2,0,0
banana republic,Social | Conversion | CVR,2025-07-06,10915.220000000001,44612.04,15199.0,0,0,0,0,0,0,0,0,0,0,0,0,0,0,0,0,0,0,0,0,0,0,0,0,0,0,2,1,0,0,0,0,0,0,0,0,0,0,0,0,2,0,0
banana republic,Social | Conversion | CVR,2025-07-13,11945.51,53759.08,19218.0,0,0,0,0,0,0,0,0,0,0,0,0,0,0,0,0,0,0,0,0,0,0,0,0,0,0,0,2,0,0,0,0,0,0,0,0,0,0,0,0,2,0,0
banana republic,Social | Conversion | CVR,2025-07-20,12031.92,45861.28,18030.0,0,0,0,0,0,0,0,0,0,0,0,0,0,0,0,0,0,0,0,0,0,0,0,0,0,0,0,1,2,0,0,0,0,0,0,0,0,0,0,0,2,0,0
banana republic,Social | Conversion | CVR,2025-07-27,12253.73,53808.13,20777.0,0,0,0,0,0,0,0,0,0,0,0,0,0,0,0,0,0,0,0,0,0,0,0,0,0,0,0,0,2,0,0,0,0,0,0,0,0,0,0,0,2,0,0
banana republic,Social | Conversion | CVR,2025-08-03,8800.27,32288.449999999997,12090.0,0,0,0,0,0,0,0,0,0,0,0,0,0,0,0,0,0,0,0,0,0,0,0,0,0,0,0,0,1,0,0,0,0,0,0,0,0,0,0,0,1,0,0
banana republic,Social | Conversion | CVR,2025-08-10,4137.47,12863.199999999999,5779.0,0,0,0,0,0,0,0,0,0,0,0,0,0,0,0,0,0,0,0,0,0,0,0,0,0,0,0,0,0,0,0,0,0,0,0,0,0,0,0,0,0,0,0
banana republic,Social | Conversion | CVR ASC,2024-09-01,2641.6,14705.96,15058.0,0,0,0,0,0,0,0,0,0,0,0,0,0,0,0,0,0,0,0,0,0,0,0,0,0,0,0,0,0,0,0,0,0,0,0,0,0,0,0,0,0,0,0
banana republic,Social | Conversion | CVR ASC,2024-09-08,2524.69,15466.49,12027.0,0,0,0,0,0,0,0,0,0,0,0,0,0,0,0,0,0,0,0,0,0,0,0,0,0,0,0,0,0,0,0,0,0,0,0,0,0,0,0,0,0,0,0
banana republic,Social | Conversion | CVR ASC,2024-09-15,5374.91,31525.8,15526.0,0,2,0,0,0,0,0,0,0,0,0,0,0,0,0,0,0,0,0,0,0,0,0,0,0,0,0,0,0,0,0,0,0,0,0,0,0,0,2,0,0,0,0
banana republic,Social | Conversion | CVR ASC,2024-09-22,6770.98,29639.45,14688.0,0,2,0,0,0,0,0,0,0,0,0,0,0,0,0,0,0,0,0,0,0,0,0,0,0,0,0,0,0,0,0,0,0,0,0,0,0,0,2,0,0,0,0
banana republic,Social | Conversion | CVR ASC,2024-09-29,2821.38,13770.61,6603.0,0,1,0,0,0,0,0,0,0,0,0,0,0,0,0,0,0,0,0,0,0,0,0,0,0,0,0,0,0,0,0,0,0,0,0,0,0,0,1,0,0,0,0
banana republic,Social | Conversion | CVR ASC,2024-10-06,1883.3,9204.85,4687.0,0,0,0,0,0,0,0,0,0,0,0,0,0,0,0,0,0,0,0,0,0,0,0,0,0,0,0,0,0,0,0,0,0,0,0,0,0,0,0,0,0,0,0
banana republic,Social | Conversion | CVR ASC,2024-10-13,2008.0,18736.72,7544.0,0,0,0,0,0,0,0,0,0,0,0,0,0,0,0,0,0,0,0,0,0,0,0,0,0,0,0,0,0,0,0,0,0,0,0,0,0,0,0,0,0,0,0
banana republic,Social | Conversion | CVR ASC,2024-10-20,1746.41,13666.4,6064.0,0,0,0,0,0,0,0,0,0,0,0,0,0,0,0,0,0,0,0,0,0,0,0,0,0,0,0,0,0,0,0,0,0,0,0,0,0,0,0,0,0,0,0
banana republic,Social | Conversion | CVR ASC,2024-10-27,5416.8,31396.34,12248.0,0,0,0,0,0,0,0,0,0,0,0,0,0,0,1,0,0,0,0,0,0,0,0,0,0,0,0,0,0,0,0,0,0,0,0,0,0,0,1,0,0,0,0
banana republic,Social | Conversion | CVR ASC,2024-11-03,24056.0,129911.5,46000.0,0,0,0,0,0,0,0,0,0,0,0,0,0,0,2,0,0,0,0,0,0,0,0,0,0,0,0,0,0,0,0,0,0,0,0,0,0,0,2,0,0,0,0
banana republic,Social | Conversion | CVR ASC,2024-11-10,6891.44,24232.36,7537.0,0,0,0,0,0,0,0,0,0,0,0,0,0,0,1,0,0,0,0,0,0,0,0,0,0,0,0,0,0,0,0,0,0,0,0,0,0,0,1,0,0,0,0
banana republic,Social | Conversion | CVR ASC,2024-11-17,4637.74,1093.0,434.0,0,0,0,0,0,0,0,0,0,0,0,0,0,0,0,0,0,0,0,0,0,0,0,0,0,0,0,0,0,0,0,0,0,0,0,0,0,0,0,0,0,0,0
banana republic,Social | Conversion | CVR ASC,2024-11-24,19542.17,81091.20999999999,30703.0,0,0,0,0,0,0,0,0,0,0,0,0,0,0,0,0,0,0,0,0,0,0,0,0,0,0,0,0,0,2,0,0,0,0,0,0,0,0,2,0,0,0,0
banana republic,Social | Conversion | CVR ASC,2024-12-01,19830.32,57155.46,24405.0,0,0,0,0,0,0,0,0,0,0,0,0,0,0,0,0,0,2,0,0,0,0,0,0,0,0,0,0,0,0,0,0,0,0,0,0,0,0,2,0,0,0,0
banana republic,Social | Conversion | CVR ASC,2024-12-08,4234.71,23085.52,11511.0,0,0,0,0,0,0,0,0,0,0,0,0,0,0,0,0,0,0,0,0,0,0,0,0,0,0,0,0,0,0,1,0,0,0,0,0,0,0,1,0,0,0,0
banana republic,Social | Conversion | CVR ASC,2024-12-15,3272.84,11239.11,5787.0,0,0,0,0,0,0,0,0,0,0,0,0,0,0,0,0,0,0,0,0,0,0,0,0,0,0,0,0,0,0,1,0,0,0,0,0,0,0,1,0,0,0,0
banana republic,Social | Conversion | CVR ASC,2024-12-22,2555.63,7374.91,5128.0,0,0,0,0,0,0,0,0,0,0,0,0,0,0,0,0,0,0,0,0,0,0,0,0,0,0,0,0,0,0,0,1,0,0,0,0,0,0,0,0,1,0,0
banana republic,Social | Conversion | CVR ASC,2024-12-29,2514.16,22023.52,11997.0,0,0,0,0,0,0,0,0,0,0,0,0,0,0,0,0,0,0,0,0,0,0,0,0,0,0,0,0,0,0,0,2,1,0,0,0,0,0,0,0,2,0,0
banana republic,Social | Conversion | CVR ASC,2025-01-05,216.70999999999998,2778.9700000000003,1463.0,0,0,0,0,0,0,0,0,0,0,0,0,0,0,0,0,0,0,0,0,0,0,0,0,0,0,0,0,0,0,0,0,2,0,0,0,0,0,0,0,2,0,0
banana republic,Social | Conversion | CVR ASC,2025-01-26,2038.22,24529.48,13107.0,0,0,0,0,0,0,0,0,0,0,0,0,0,0,0,0,0,0,0,0,0,0,0,0,0,0,0,0,0,0,0,0,0,0,0,0,0,0,0,0,0,0,0
banana republic,Social | Conversion | CVR ASC,2025-02-02,1796.48,20493.08,10739.0,0,0,0,0,0,0,0,0,0,0,0,0,0,0,0,0,0,0,0,0,0,0,0,0,0,0,0,0,0,0,0,0,0,0,0,0,0,0,0,0,0,0,0
banana republic,Social | Conversion | CVR ASC,2025-02-09,2125.03,26038.36,11186.0,0,0,0,0,0,0,0,0,0,0,0,0,0,0,0,0,0,0,0,0,0,0,0,0,0,0,0,0,0,0,0,0,0,0,0,0,0,0,0,0,0,0,0
banana republic,Social | Conversion | CVR ASC,2025-02-16,6203.87,60904.37,30718.0,0,0,0,0,0,0,0,0,0,0,0,0,0,0,0,0,0,0,0,0,0,0,0,0,0,0,0,0,0,0,0,0,0,0,0,0,0,0,0,0,0,0,0
banana republic,Social | Conversion | CVR ASC,2025-02-23,6927.21,85647.05,35004.0,0,0,0,0,0,0,0,0,0,0,0,0,0,0,0,0,0,0,0,0,0,0,0,0,0,0,0,0,0,0,0,0,0,0,0,0,0,0,0,0,0,0,0
banana republic,Social | Conversion | CVR ASC,2025-03-02,6116.82,73715.76,28628.0,0,0,0,0,0,0,0,0,0,0,0,0,0,0,0,0,0,0,0,0,0,0,0,0,0,0,0,0,0,0,0,0,0,0,0,0,0,0,0,0,0,0,0
banana republic,Social | Conversion | CVR ASC,2025-03-09,5452.37,58423.61,24360.0,0,0,0,0,0,0,0,0,0,0,0,0,0,0,0,0,0,0,0,0,0,0,0,0,0,0,0,0,0,0,0,0,0,0,0,0,0,0,0,0,0,0,0
banana republic,Social | Conversion | CVR ASC,2025-03-16,9842.39,92881.63,38858.0,0,0,0,0,0,0,0,0,0,0,0,0,0,0,0,0,0,0,0,0,0,0,0,0,0,0,0,0,0,0,0,0,0,0,0,0,0,0,0,0,0,0,0
banana republic,Social | Conversion | CVR ASC,2025-03-23,39793.29,361173.94999999995,125522.0,0,2,0,0,0,0,0,0,0,0,0,0,0,0,0,0,0,0,0,0,0,0,0,0,0,0,0,0,0,0,0,0,0,0,0,0,0,0,2,0,0,0,0
banana republic,Social | Conversion | CVR ASC,2025-03-30,8996.71,95110.68,39044.0,0,1,0,0,0,0,0,0,0,0,0,0,0,0,0,0,0,0,0,0,0,0,0,0,0,0,0,0,0,0,0,0,0,0,0,0,0,0,1,0,0,0,0
banana republic,Social | Conversion | CVR ASC,2025-04-06,2549.89,34939.89,16143.0,0,0,0,0,0,0,0,0,0,0,0,0,0,0,0,0,0,0,0,0,0,0,0,0,0,0,0,0,0,0,0,0,0,0,0,0,0,0,0,0,0,0,0
banana republic,Social | Conversion | CVR ASC,2025-04-13,2007.18,34040.35,14378.0,0,0,0,0,0,0,0,0,0,0,0,0,0,0,0,0,0,0,0,0,0,0,0,0,0,0,0,0,0,0,0,0,0,0,1,0,0,0,0,0,0,0,1
banana republic,Social | Conversion | CVR ASC,2025-04-20,3528.71,55457.12,23803.0,0,0,0,0,0,0,0,0,0,0,0,0,0,0,0,0,0,0,0,0,0,0,0,0,0,0,0,0,0,0,0,0,0,0,1,0,0,0,0,0,0,0,1
banana republic,Social | Conversion | CVR ASC,2025-04-27,3142.0,41709.01,21869.0,0,0,0,0,0,0,0,0,0,0,0,0,0,0,0,0,0,0,0,0,0,0,0,0,0,0,0,0,0,0,0,0,0,0,0,0,0,0,0,0,0,0,0
banana republic,Social | Conversion | CVR ASC,2025-05-04,3126.19,46705.99,20184.0,0,0,0,0,0,0,0,0,0,0,0,0,0,0,0,0,0,0,0,0,0,0,0,0,0,0,0,0,0,0,0,0,0,0,0,0,0,0,0,0,0,0,0
banana republic,Social | Conversion | CVR ASC,2025-05-11,2950.77,35602.94,18937.0,0,0,0,0,0,0,0,0,0,0,0,0,0,0,0,0,0,0,0,0,0,0,0,0,0,0,0,0,0,0,0,0,0,0,0,0,0,0,0,0,0,0,0
banana republic,Social | Conversion | CVR ASC,2025-05-18,6752.24,74278.18,34494.0,0,0,0,0,0,0,0,0,0,0,0,0,0,0,0,0,0,0,0,0,0,0,0,0,1,0,0,0,0,0,0,0,0,0,0,0,0,0,0,0,0,0,1
banana republic,Social | Conversion | CVR ASC,2025-05-25,11484.69,117846.83,62223.0,0,0,0,0,0,0,0,0,0,0,0,0,0,0,0,0,0,0,0,0,0,0,0,0,1,0,0,0,0,0,0,0,0,0,0,0,0,0,0,0,0,0,1
banana republic,Social | Conversion | CVR ASC,2025-06-01,15270.95,132115.54,87959.0,0,0,0,0,0,0,0,0,0,0,0,0,0,0,0,0,0,0,0,0,0,0,0,0,0,0,0,0,0,0,0,0,0,0,0,0,0,0,0,0,0,0,0
banana republic,Social | Conversion | CVR ASC,2025-06-08,15289.2,130826.55,72838.0,0,0,0,0,0,0,0,0,0,0,0,0,0,0,0,0,0,0,0,0,0,0,0,0,0,0,0,0,0,0,0,0,0,0,0,0,0,0,0,0,0,0,0
banana republic,Social | Conversion | CVR ASC,2025-06-15,13445.76,110070.95999999999,72201.0,0,0,0,0,0,0,0,0,0,0,0,0,0,0,0,0,0,0,0,0,0,0,0,0,0,0,0,0,0,0,0,0,0,0,0,0,0,0,0,0,0,0,0
banana republic,Social | Conversion | CVR ASC,2025-06-22,13815.56,104874.75,82117.0,0,0,0,0,0,0,0,0,0,0,0,0,0,0,0,0,0,0,0,0,0,0,0,0,0,1,0,0,0,0,0,0,0,0,0,0,0,0,0,0,1,0,0
banana republic,Social | Conversion | CVR ASC,2025-06-29,4014.07,38308.65,22703.0,0,0,0,0,0,0,0,0,0,0,0,0,0,0,0,0,0,0,0,0,0,0,0,0,0,1,2,0,0,0,0,0,0,0,0,0,0,0,0,0,2,0,0
banana republic,Social | Conversion | CVR ASC,2025-07-06,1487.76,0.0,0.0,0,0,0,0,0,0,0,0,0,0,0,0,0,0,0,0,0,0,0,0,0,0,0,0,0,0,2,1,0,0,0,0,0,0,0,0,0,0,0,0,2,0,0
banana republic,Social | Conversion | CVR ASC,2025-07-13,2518.66,0.0,0.0,0,0,0,0,0,0,0,0,0,0,0,0,0,0,0,0,0,0,0,0,0,0,0,0,0,0,0,2,0,0,0,0,0,0,0,0,0,0,0,0,2,0,0
banana republic,Social | Conversion | CVR ASC,2025-07-20,2203.99,0.0,0.0,0,0,0,0,0,0,0,0,0,0,0,0,0,0,0,0,0,0,0,0,0,0,0,0,0,0,0,1,2,0,0,0,0,0,0,0,0,0,0,0,2,0,0
banana republic,Social | Conversion | CVR ASC,2025-07-27,1594.3600000000001,0.0,0.0,0,0,0,0,0,0,0,0,0,0,0,0,0,0,0,0,0,0,0,0,0,0,0,0,0,0,0,0,2,0,0,0,0,0,0,0,0,0,0,0,2,0,0
banana republic,Social | Conversion | CVR ASC,2025-08-03,1297.5,0.0,0.0,0,0,0,0,0,0,0,0,0,0,0,0,0,0,0,0,0,0,0,0,0,0,0,0,0,0,0,0,1,0,0,0,0,0,0,0,0,0,0,0,1,0,0
banana republic,Social | Conversion | CVR ASC,2025-08-10,561.33,0.0,0.0,0,0,0,0,0,0,0,0,0,0,0,0,0,0,0,0,0,0,0,0,0,0,0,0,0,0,0,0,0,0,0,0,0,0,0,0,0,0,0,0,0,0,0
banana republic,Social | Conversion | CVR ASC Omni,2025-08-10,1039.83,12953.86,7223.0,0,0,0,0,0,0,0,0,0,0,0,0,0,0,0,0,0,0,0,0,0,0,0,0,0,0,0,0,0,0,0,0,0,0,0,0,0,0,0,0,0,0,0
banana republic,Social | Conversion | CVR ASC Omni,2025-08-17,4343.69,54393.43,30321.0,0,0,0,0,0,0,0,0,0,0,0,0,0,0,0,0,0,0,0,0,0,0,0,0,0,0,0,0,0,0,0,0,0,0,0,0,0,0,0,0,0,0,0
banana republic,Social | Conversion | CVR ASC Omni,2025-08-24,6837.67,64880.770000000004,31039.0,0,0,0,0,0,0,0,0,0,0,0,0,0,0,0,0,0,0,0,0,0,0,0,0,0,0,0,0,0,0,0,0,0,0,0,1,0,1,0,0,0,0,0
banana republic,Social | Conversion | CVR ASC Omni,2025-08-31,3377.0,26065.75,12417.0,0,0,0,0,0,0,0,0,0,0,0,0,0,0,0,0,0,0,0,0,0,0,0,0,0,0,0,0,0,0,0,0,0,0,0,1,0,1,0,0,0,0,0
banana republic,Social | Conversion | CVR ASC Omni,2025-09-07,4384.26,57190.880000000005,20710.0,0,1,0,0,0,0,0,0,0,0,0,0,0,0,0,0,0,0,0,0,0,0,0,0,0,0,0,0,0,0,0,0,0,0,0,0,0,0,1,0,0,0,0
banana republic,Social | Conversion | CVR ASC Omni,2025-09-14,5670.54,49907.6,18624.0,0,2,0,0,0,0,0,0,0,0,0,0,0,0,0,0,0,0,0,0,0,0,0,0,0,0,0,0,0,0,0,0,0,0,0,0,0,0,2,0,0,0,0
banana republic,Social | Conversion | CVR ASC Omni,2025-09-21,1873.82,15364.189999999999,7502.0,0,1,0,0,0,0,0,0,0,0,0,0,0,0,0,0,0,0,0,0,0,0,0,0,0,0,0,0,0,0,0,0,0,0,0,0,0,0,1,0,0,0,0
banana republic,Social | Conversion | CVR ASC Omni,2025-09-28,976.8299999999999,5846.23,4132.0,0,0,0,0,0,0,0,0,0,0,0,0,0,0,0,0,0,0,0,0,0,0,0,0,0,0,0,0,0,0,0,0,0,0,0,0,0,0,0,0,0,0,0
banana republic,Social | Conversion | CVR ASC Omni,2025-10-05,5611.58,46572.03,24575.0,0,0,0,0,0,0,0,0,0,0,0,0,0,0,0,0,0,0,0,0,0,0,0,0,0,0,0,0,0,0,0,0,0,0,0,0,0,0,0,0,0,0,0
banana republic,Social | Conversion | CVR ASC Omni,2025-10-12,12695.220000000001,60803.3,40326.0,0,0,0,0,0,0,0,0,0,0,0,0,0,0,0,0,0,0,0,0,0,0,0,0,0,0,0,0,0,0,0,0,0,0,0,0,0,0,0,0,0,0,0
banana republic,Social | Conversion | CVR ASC Omni,2025-10-19,17655.03,94799.03,64435.0,0,0,0,0,0,0,0,0,0,0,0,0,0,0,0,0,0,0,0,0,0,0,0,0,0,0,0,0,0,0,0,0,0,0,0,0,0,0,0,0,0,0,0
banana republic,Social | Conversion | CVR ASC Omni,2025-10-26,22063.99,142568.59,73843.0,0,0,0,0,0,0,0,0,0,0,0,0,0,0,0,0,0,0,0,0,0,0,0,0,0,0,0,0,0,0,0,0,0,0,0,0,0,0,0,0,0,0,0
banana republic,Social | Conversion | CVR ASC Omni,2025-11-02,39736.880000000005,281801.22000000003,107932.0,0,0,0,0,0,0,0,0,0,0,0,0,0,0,2,0,0,0,0,0,0,0,0,0,0,0,0,0,0,0,0,0,0,0,0,0,0,0,2,0,0,0,0
banana republic,Social | Conversion | CVR ASC Omni,2025-11-09,11360.3,86334.01,33331.0,0,0,0,0,0,0,0,0,0,0,0,0,0,0,1,0,0,0,0,0,0,0,0,0,0,0,0,0,0,0,0,0,0,0,0,0,0,0,1,0,0,0,0
banana republic,Social | Conversion | CVR ASC Omni,2025-11-16,4506.49,23223.09,14968.0,0,0,0,0,0,0,0,0,0,0,0,0,0,0,0,0,0,0,0,0,0,0,0,0,0,0,0,0,0,0,0,0,0,0,0,0,0,0,0,0,0,0,0
banana republic,Social | Conversion | CVR ASC Omni,2025-11-23,84370.87,319192.72,132191.0,0,0,0,0,0,0,0,0,0,0,0,0,0,0,0,0,0,0,0,0,0,0,0,0,0,0,0,0,0,2,0,0,0,0,0,0,0,0,2,0,0,0,0
banana republic,Social | Conversion | CVR ASC Omni,2025-11-30,44452.659999999996,191657.06,83451.0,0,0,0,0,0,0,0,0,0,0,0,0,0,0,0,0,0,2,0,0,0,0,0,0,0,0,0,0,0,0,0,0,0,0,0,0,0,0,2,0,0,0,0
banana republic,Social | Conversion | CVR ASC Omni,2025-12-07,30014.66,178846.89,79965.0,0,0,0,0,0,0,0,0,0,0,0,0,0,0,0,0,0,0,0,0,0,0,0,0,0,0,0,0,0,0,2,0,0,0,0,0,0,0,2,0,0,0,0
banana republic,Social | Conversion | CVR ASC Omni,2025-12-14,25539.11,124304.58,76096.0,0,0,0,0,0,0,0,0,0,0,0,0,0,0,0,0,0,0,0,0,0,0,0,0,0,0,0,0,0,0,1,0,0,0,0,0,2,2,1,0,0,0,0
banana republic,Social | Conversion | CVR ASC Omni,2025-12-21,14354.84,53459.94,34850.0,0,0,0,0,0,0,0,0,0,0,0,0,0,0,0,0,0,0,0,0,0,0,0,0,0,0,0,0,0,0,0,1,0,0,0,0,2,2,0,0,1,0,0
banana republic,Social | Conversion | CVR ASC Omni,2025-12-28,2309.96,20940.93,14961.0,0,0,0,0,0,0,0,0,0,0,0,0,0,0,0,0,0,0,0,0,0,0,0,0,0,0,0,0,0,0,0,2,0,0,0,0,0,0,0,0,2,0,0
banana republic,Social | Conversion | CVR ASC Omni,2026-01-04,4184.29,24662.79,21744.0,0,0,0,0,0,0,0,0,0,0,0,0,0,0,0,0,0,0,0,0,0,0,0,0,0,0,0,0,0,0,0,1,2,0,0,0,0,0,0,0,2,0,0
banana republic,Social | Conversion | CVR ASC Omni,2026-01-11,3699.98,26063.77,18694.0,0,0,0,0,0,0,0,0,0,0,0,0,0,0,0,0,0,0,0,0,0,0,0,0,0,0,0,0,0,0,0,0,1,2,0,0,0,0,0,0,2,0,0
banana republic,Social | Conversion | CVR ASC Omni,2026-01-18,3689.51,37704.2,23287.0,0,0,0,0,0,0,0,0,0,0,0,0,0,0,0,0,0,0,0,0,0,0,0,0,0,0,0,0,0,0,0,0,0,2,0,0,0,0,0,0,2,0,0
banana republic,Social | Conversion | CVR ASC Omni,2026-01-25,5241.23,56222.97,39713.0,0,0,0,0,0,0,0,0,0,0,0,0,0,0,0,0,0,0,0,0,0,0,0,0,0,0,0,0,0,0,0,0,0,0,0,0,0,0,0,0,0,0,0
banana republic,Social | Conversion | CVR ASC Omni,2026-02-01,2811.71,45391.869999999995,21345.0,0,0,0,0,0,0,0,0,0,0,0,0,0,0,0,0,0,0,0,0,0,0,0,0,0,0,0,0,0,0,0,0,0,0,0,0,0,0,0,0,0,0,0
banana republic,Social | Conversion | CVR ASC Omni,2026-02-08,4814.61,62267.22,29594.0,0,0,0,0,0,0,0,0,0,0,0,0,0,0,0,0,0,0,0,0,0,0,0,0,0,0,0,0,0,0,0,0,0,0,0,0,0,0,0,0,0,0,0
banana republic,Social | Conversion | CVR ASC Omni,2026-02-15,3643.32,33429.03,19014.0,0,0,0,0,0,0,0,0,0,0,0,0,0,0,0,0,0,0,0,0,0,0,0,0,0,0,0,0,0,0,0,0,0,0,0,0,0,0,0,0,0,0,0
banana republic,Social | Conversion | CVR ASC Omni,2026-02-22,3874.38,58349.35,25758.0,0,0,0,0,0,0,0,0,0,0,0,0,0,0,0,0,0,0,0,0,0,0,0,0,0,0,0,0,0,0,0,0,0,0,0,0,0,0,0,0,0,0,0
banana republic,Social | Conversion | CVR ASC Omni,2026-03-01,5492.33,59402.11,31835.0,0,0,0,0,0,0,0,0,0,0,0,0,0,0,0,0,0,0,0,0,0,0,0,0,0,0,0,0,0,0,0,0,0,0,0,0,0,0,0,0,0,0,0
banana republic,Social | Conversion | CVR ASC Omni,2026-03-08,12961.34,125868.67,46544.0,0,1,0,0,0,0,0,0,0,0,0,0,0,0,0,0,0,0,0,0,0,0,0,0,0,0,0,0,0,0,0,0,0,0,0,0,0,0,1,0,0,0,0
banana republic,Social | Conversion | CVR ASC Omni,2026-03-15,46237.1,331921.52,130405.0,0,2,0,0,0,0,0,0,0,0,0,0,0,0,0,0,0,0,0,0,0,0,0,0,0,0,0,0,0,0,0,0,0,0,0,0,0,0,2,0,0,0,0
banana republic,Social | Conversion | CVR ASC Omni,2026-03-22,14904.6,115732.91,51157.0,0,1,0,0,0,0,0,0,0,0,0,0,0,0,0,0,0,0,0,0,0,0,0,0,0,0,0,0,0,0,0,0,0,0,0,0,0,0,1,0,0,0,0
banana republic,Social | Conversion | CVR ASC Omni,2026-03-29,6776.360000000001,93792.15,41475.0,0,0,0,0,0,0,0,0,0,0,0,0,0,0,0,0,0,0,0,0,0,0,0,0,0,0,0,0,0,0,0,0,0,0,1,0,0,0,0,0,0,0,1
banana republic,Social | Conversion | CVR ASC Omni,2026-04-05,5300.23,65422.23,32061.0,0,0,0,0,0,0,0,0,0,0,0,0,0,0,0,0,0,0,0,0,0,0,0,0,0,0,0,0,0,0,0,0,0,0,1,0,0,0,0,0,0,0,1
banana republic,Social | Conversion | CVR ASC Omni,2026-04-12,4557.29,55787.71,22547.0,0,0,0,0,0,0,0,0,0,0,0,0,0,0,0,0,0,0,0,0,0,0,0,0,0,0,0,0,0,0,0,0,0,0,0,0,0,0,0,0,0,0,0
banana republic,Social | Conversion | CVR ASC Omni,2026-04-19,7741.49,81098.08,39293.0,0,0,0,0,0,0,0,0,0,0,0,0,0,0,0,0,0,0,0,0,0,0,0,0,0,0,0,0,0,0,0,0,0,0,0,0,0,0,0,0,0,0,0
banana republic,Social | Conversion | CVR ASC Omni,2026-04-26,10950.95,94481.68,51348.0,0,0,0,0,0,0,0,0,0,0,0,0,0,0,0,0,0,0,0,0,0,0,0,0,0,0,0,0,0,0,0,0,0,0,0,0,0,0,0,0,0,0,0
banana republic,Social | Conversion | CVR ASC Omni,2026-05-03,3681.45,42544.17,21316.0,0,0,0,0,0,0,0,0,0,0,0,0,0,0,0,0,0,0,0,0,0,0,0,0,0,0,0,0,0,0,0,0,0,0,0,0,0,0,0,0,0,0,0
banana republic,Social | Conversion | CVR ASC Omni,2026-05-10,3385.87,33337.630000000005,19074.0,0,0,0,0,0,0,0,0,0,0,0,0,0,0,0,0,0,0,0,0,0,0,0,0,0,0,0,0,0,0,0,0,0,0,0,0,0,0,0,0,0,0,0
banana republic,Social | Conversion | CVR ASC Omni,2026-05-17,7747.73,87457.39,37530.0,0,0,0,0,0,0,0,0,0,0,0,0,0,0,0,0,0,0,0,0,0,0,0,0,1,0,0,0,0,0,0,0,0,0,0,0,0,0,0,0,0,0,1
banana republic,Social | Conversion | CVR ASC Omni,2026-05-24,9332.75,83194.63,36686.0,0,0,0,0,0,0,0,0,0,0,0,0,0,0,0,0,0,0,0,0,0,0,0,0,1,0,0,0,0,0,0,0,0,0,0,0,0,0,0,0,0,0,1
banana republic,Social | Conversion | CVR ASC Omni,2026-05-31,2620.64,34366.55,19607.0,0,0,0,0,0,0,0,0,0,0,0,0,0,0,0,0,0,0,0,0,0,0,0,0,0,0,0,0,0,0,0,0,0,0,0,0,0,0,0,0,0,0,0
banana republic,Social | Conversion | CVR ASC Omni,2026-06-07,2314.2,26308.76,17143.0,0,0,0,0,0,0,0,0,0,0,0,0,0,0,0,0,0,0,0,0,0,0,0,0,0,0,0,0,0,0,0,0,0,0,0,0,0,0,0,0,0,0,0
banana republic,Social | Conversion | CVR ASC Omni,2026-06-14,5228.26,45172.06,28981.0,0,0,0,0,0,0,0,0,0,0,0,0,0,0,0,0,0,0,0,0,0,0,0,0,0,0,0,0,0,0,0,0,0,0,0,0,0,0,0,0,0,0,0
banana republic,Social | Conversion | CVR ASC Omni,2026-06-21,10041.02,66958.94,48370.0,0,0,0,0,0,0,0,0,0,0,0,0,0,0,0,0,0,0,0,0,0,0,0,0,0,1,0,0,0,0,0,0,0,0,0,0,0,0,0,0,1,0,0
banana republic,Social | Conversion | CVR ASC Omni,2026-06-28,9410.9,85720.6,53615.0,0,0,0,0,0,0,0,0,0,0,0,0,0,0,0,0,0,0,0,0,0,0,0,0,0,1,2,0,0,0,0,0,0,0,0,0,0,0,0,0,2,0,0
banana republic,Social | Conversion | CVR ASC Omni,2026-07-05,3159.47,37302.31,20429.0,0,0,0,0,0,0,0,0,0,0,0,0,0,0,0,0,0,0,0,0,0,0,0,0,0,0,2,1,0,0,0,0,0,0,0,0,0,0,0,0,2,0,0
banana republic,Social | Conversion | CVR ASC Omni,2026-07-12,6620.81,46907.7,29725.0,0,0,0,0,0,0,0,0,0,0,0,0,0,0,0,0,0,0,0,0,0,0,0,0,0,0,0,2,0,0,0,0,0,0,0,0,0,0,0,0,2,0,0
banana republic,Social | Conversion | CVR ASC Omni,2026-07-19,6155.68,56162.4,30802.0,0,0,0,0,0,0,0,0,0,0,0,0,0,0,0,0,0,0,0,0,0,0,0,0,0,0,0,1,2,0,0,0,0,0,0,0,0,0,0,0,2,0,0
banana republic,Social | Conversion | CVR ASC Omni,2026-07-26,8142.19,73801.86,40549.0,0,0,0,0,0,0,0,0,0,0,0,0,0,0,0,0,0,0,0,0,0,1,0,0,0,0,0,0,1,0,0,0,0,0,0,0,0,0,0,0,1,0,1
banana republic,Social | Conversion | CVR ASC Omni,2026-08-02,1718.8400000000001,14507.26,11287.0,0,0,0,0,0,0,0,0,0,0,0,0,0,0,0,0,0,0,0,0,0,0,0,0,0,0,0,0,0,0,0,0,0,0,0,0,0,0,0,0,0,0,0
banana republic,Social | Conversion | CVR ASC Omni,2026-08-09,2853.2,23655.76,14882.0,0,0,0,0,0,0,0,0,0,0,0,0,0,0,0,0,0,0,0,0,0,0,0,0,0,0,0,0,0,0,0,0,0,0,0,0,0,0,0,0,0,0,0
banana republic,Social | Conversion | CVR ASC Omni,2026-08-16,3464.78,29724.71,19455.0,0,0,0,0,0,0,0,0,0,0,0,0,0,0,0,0,0,0,0,0,0,0,0,0,0,0,0,0,0,0,0,0,0,0,0,0,0,0,0,0,0,0,0
banana republic,Social | Conversion | CVR ASC Value,2025-08-10,1194.4,7039.33,3320.0,0,0,0,0,0,0,0,0,0,0,0,0,0,0,0,0,0,0,0,0,0,0,0,0,0,0,0,0,0,0,0,0,0,0,0,0,0,0,0,0,0,0,0
banana republic,Social | Conversion | CVR ASC Value,2025-08-17,2550.9,26930.34,8823.0,0,0,0,0,0,0,0,0,0,0,0,0,0,0,0,0,0,0,0,0,0,0,0,0,0,0,0,0,0,0,0,0,0,0,0,0,0,0,0,0,0,0,0
banana republic,Social | Conversion | CVR ASC Value,2025-08-24,2946.91,22148.11,6305.0,0,0,0,0,0,0,0,0,0,0,0,0,0,0,0,0,0,0,0,0,0,0,0,0,0,0,0,0,0,0,0,0,0,0,0,1,0,1,0,0,0,0,0
banana republic,Social | Conversion | CVR ASC Value,2025-08-31,5032.98,57232.75,15211.0,0,0,0,0,0,0,0,0,0,0,0,0,0,0,0,0,0,0,0,0,0,0,0,0,0,0,0,0,0,0,0,0,0,0,0,1,0,1,0,0,0,0,0
banana republic,Social | Conversion | CVR ASC Value,2025-09-07,19876.739999999998,231610.84,51142.0,0,1,0,0,0,0,0,0,0,0,0,0,0,0,0,0,0,0,0,0,0,0,0,0,0,0,0,0,0,0,0,0,0,0,0,0,0,0,1,0,0,0,0
banana republic,Social | Conversion | CVR ASC Value,2025-09-14,24102.600000000002,286164.07,56639.0,0,2,0,0,0,0,0,0,0,0,0,0,0,0,0,0,0,0,0,0,0,0,0,0,0,0,0,0,0,0,0,0,0,0,0,0,0,0,2,0,0,0,0
banana republic,Social | Conversion | CVR ASC Value,2025-09-21,6292.88,76556.35,18397.0,0,1,0,0,0,0,0,0,0,0,0,0,0,0,0,0,0,0,0,0,0,0,0,0,0,0,0,0,0,0,0,0,0,0,0,0,0,0,1,0,0,0,0
banana republic,Social | Conversion | CVR ASC Value,2025-09-28,4232.32,59137.35,14053.0,0,0,0,0,0,0,0,0,0,0,0,0,0,0,0,0,0,0,0,0,0,0,0,0,0,0,0,0,0,0,0,0,0,0,0,0,0,0,0,0,0,0,0
banana republic,Social | Conversion | CVR ASC Value,2025-10-05,10796.8,121660.29000000001,24147.0,0,0,0,0,0,0,0,0,0,0,0,0,0,0,0,0,0,0,0,0,0,0,0,0,0,0,0,0,0,0,0,0,0,0,0,0,0,0,0,0,0,0,0
banana republic,Social | Conversion | CVR ASC Value,2025-10-12,17677.27,156818.74,36302.0,0,0,0,0,0,0,0,0,0,0,0,0,0,0,0,0,0,0,0,0,0,0,0,0,0,0,0,0,0,0,0,0,0,0,0,0,0,0,0,0,0,0,0
banana republic,Social | Conversion | CVR ASC Value,2025-10-19,29048.09,217483.12,54319.0,0,0,0,0,0,0,0,0,0,0,0,0,0,0,0,0,0,0,0,0,0,0,0,0,0,0,0,0,0,0,0,0,0,0,0,0,0,0,0,0,0,0,0
banana republic,Social | Conversion | CVR ASC Value,2025-10-26,29476.05,247202.5,78926.0,0,0,0,0,0,0,0,0,0,0,0,0,0,0,0,0,0,0,0,0,0,0,0,0,0,0,0,0,0,0,0,0,0,0,0,0,0,0,0,0,0,0,0
banana republic,Social | Conversion | CVR ASC Value,2025-11-02,50439.57,402315.14,113668.0,0,0,0,0,0,0,0,0,0,0,0,0,0,0,2,0,0,0,0,0,0,0,0,0,0,0,0,0,0,0,0,0,0,0,0,0,0,0,2,0,0,0,0
banana republic,Social | Conversion | CVR ASC Value,2025-11-09,15352.42,132763.72,38187.0,0,0,0,0,0,0,0,0,0,0,0,0,0,0,1,0,0,0,0,0,0,0,0,0,0,0,0,0,0,0,0,0,0,0,0,0,0,0,1,0,0,0,0
banana republic,Social | Conversion | CVR ASC Value,2025-11-16,5843.28,48876.65,12033.0,0,0,0,0,0,0,0,0,0,0,0,0,0,0,0,0,0,0,0,0,0,0,0,0,0,0,0,0,0,0,0,0,0,0,0,0,0,0,0,0,0,0,0
banana republic,Social | Conversion | CVR ASC Value,2025-11-23,94776.75,444216.93,105681.0,0,0,0,0,0,0,0,0,0,0,0,0,0,0,0,0,0,0,0,0,0,0,0,0,0,0,0,0,0,2,0,0,0,0,0,0,0,0,2,0,0,0,0
banana republic,Social | Conversion | CVR ASC Value,2025-11-30,43020.97,202395.69,64626.0,0,0,0,0,0,0,0,0,0,0,0,0,0,0,0,0,0,2,0,0,0,0,0,0,0,0,0,0,0,0,0,0,0,0,0,0,0,0,2,0,0,0,0
banana republic,Social | Conversion | CVR ASC Value,2025-12-07,8610.04,77568.57,17934.0,0,0,0,0,0,0,0,0,0,0,0,0,0,0,0,0,0,0,0,0,0,0,0,0,0,0,0,0,0,0,2,0,0,0,0,0,0,0,2,0,0,0,0
banana republic,Social | Conversion | CVR ASC Value,2025-12-14,7023.59,45940.83,16332.0,0,0,0,0,0,0,0,0,0,0,0,0,0,0,0,0,0,0,0,0,0,0,0,0,0,0,0,0,0,0,1,0,0,0,0,0,2,2,1,0,0,0,0
banana republic,Social | Conversion | CVR ASC Value,2025-12-21,2451.73,24084.7,9333.0,0,0,0,0,0,0,0,0,0,0,0,0,0,0,0,0,0,0,0,0,0,0,0,0,0,0,0,0,0,0,0,1,0,0,0,0,2,2,0,0,1,0,0
banana republic,Social | Conversion | CVR ASC Value,2025-12-28,3885.72,52853.189999999995,15826.0,0,0,0,0,0,0,0,0,0,0,0,0,0,0,0,0,0,0,0,0,0,0,0,0,0,0,0,0,0,0,0,2,0,0,0,0,0,0,0,0,2,0,0
banana republic,Social | Conversion | CVR ASC Value,2026-01-04,10564.36,74653.1,30626.0,0,0,0,0,0,0,0,0,0,0,0,0,0,0,0,0,0,0,0,0,0,0,0,0,0,0,0,0,0,0,0,1,2,0,0,0,0,0,0,0,2,0,0
banana republic,Social | Conversion | CVR ASC Value,2026-01-11,10547.89,82609.55,29976.0,0,0,0,0,0,0,0,0,0,0,0,0,0,0,0,0,0,0,0,0,0,0,0,0,0,0,0,0,0,0,0,0,1,2,0,0,0,0,0,0,2,0,0
banana republic,Social | Conversion | CVR ASC Value,2026-01-18,11179.28,128244.18,35910.0,0,0,0,0,0,0,0,0,0,0,0,0,0,0,0,0,0,0,0,0,0,0,0,0,0,0,0,0,0,0,0,0,0,2,0,0,0,0,0,0,2,0,0
banana republic,Social | Conversion | CVR ASC Value,2026-01-25,11917.99,137786.02000000002,41649.0,0,0,0,0,0,0,0,0,0,0,0,0,0,0,0,0,0,0,0,0,0,0,0,0,0,0,0,0,0,0,0,0,0,0,0,0,0,0,0,0,0,0,0
banana republic,Social | Conversion | CVR ASC Value,2026-02-01,5691.14,99467.19,31159.0,0,0,0,0,0,0,0,0,0,0,0,0,0,0,0,0,0,0,0,0,0,0,0,0,0,0,0,0,0,0,0,0,0,0,0,0,0,0,0,0,0,0,0
banana republic,Social | Conversion | CVR ASC Value,2026-02-08,9727.05,144768.26,41214.0,0,0,0,0,0,0,0,0,0,0,0,0,0,0,0,0,0,0,0,0,0,0,0,0,0,0,0,0,0,0,0,0,0,0,0,0,0,0,0,0,0,0,0
banana republic,Social | Conversion | CVR ASC Value,2026-02-15,9207.89,136220.69,46114.0,0,0,0,0,0,0,0,0,0,0,0,0,0,0,0,0,0,0,0,0,0,0,0,0,0,0,0,0,0,0,0,0,0,0,0,0,0,0,0,0,0,0,0
banana republic,Social | Conversion | CVR ASC Value,2026-02-22,9050.06,200989.72,52525.0,0,0,0,0,0,0,0,0,0,0,0,0,0,0,0,0,0,0,0,0,0,0,0,0,0,0,0,0,0,0,0,0,0,0,0,0,0,0,0,0,0,0,0
banana republic,Social | Conversion | CVR ASC Value,2026-03-01,12735.619999999999,203670.24,56018.0,0,0,0,0,0,0,0,0,0,0,0,0,0,0,0,0,0,0,0,0,0,0,0,0,0,0,0,0,0,0,0,0,0,0,0,0,0,0,0,0,0,0,0
banana republic,Social | Conversion | CVR ASC Value,2026-03-08,27434.129999999997,424356.28,77184.0,0,1,0,0,0,0,0,0,0,0,0,0,0,0,0,0,0,0,0,0,0,0,0,0,0,0,0,0,0,0,0,0,0,0,0,0,0,0,1,0,0,0,0
banana republic,Social | Conversion | CVR ASC Value,2026-03-15,91863.75,937928.3600000001,248626.0,0,2,0,0,0,0,0,0,0,0,0,0,0,0,0,0,0,0,0,0,0,0,0,0,0,0,0,0,0,0,0,0,0,0,0,0,0,0,2,0,0,0,0
banana republic,Social | Conversion | CVR ASC Value,2026-03-22,32524.86,402710.18,102349.0,0,1,0,0,0,0,0,0,0,0,0,0,0,0,0,0,0,0,0,0,0,0,0,0,0,0,0,0,0,0,0,0,0,0,0,0,0,0,1,0,0,0,0
banana republic,Social | Conversion | CVR ASC Value,2026-03-29,13490.49,240485.12,61121.0,0,0,0,0,0,0,0,0,0,0,0,0,0,0,0,0,0,0,0,0,0,0,0,0,0,0,0,0,0,0,0,0,0,0,1,0,0,0,0,0,0,0,1
banana republic,Social | Conversion | CVR ASC Value,2026-04-05,9233.279999999999,171708.5,45288.0,0,0,0,0,0,0,0,0,0,0,0,0,0,0,0,0,0,0,0,0,0,0,0,0,0,0,0,0,0,0,0,0,0,0,1,0,0,0,0,0,0,0,1
banana republic,Social | Conversion | CVR ASC Value,2026-04-12,10687.03,173995.54,39622.0,0,0,0,0,0,0,0,0,0,0,0,0,0,0,0,0,0,0,0,0,0,0,0,0,0,0,0,0,0,0,0,0,0,0,0,0,0,0,0,0,0,0,0
banana republic,Social | Conversion | CVR ASC Value,2026-04-19,18581.06,268231.41000000003,59631.0,0,0,0,0,0,0,0,0,0,0,0,0,0,0,0,0,0,0,0,0,0,0,0,0,0,0,0,0,0,0,0,0,0,0,0,0,0,0,0,0,0,0,0
banana republic,Social | Conversion | CVR ASC Value,2026-04-26,27561.33,327951.36,81957.0,0,0,0,0,0,0,0,0,0,0,0,0,0,0,0,0,0,0,0,0,0,0,0,0,0,0,0,0,0,0,0,0,0,0,0,0,0,0,0,0,0,0,0
banana republic,Social | Conversion | CVR ASC Value,2026-05-03,8197.21,179495.66999999998,36499.0,0,0,0,0,0,0,0,0,0,0,0,0,0,0,0,0,0,0,0,0,0,0,0,0,0,0,0,0,0,0,0,0,0,0,0,0,0,0,0,0,0,0,0
banana republic,Social | Conversion | CVR ASC Value,2026-05-10,7997.12,132254.08,37316.0,0,0,0,0,0,0,0,0,0,0,0,0,0,0,0,0,0,0,0,0,0,0,0,0,0,0,0,0,0,0,0,0,0,0,0,0,0,0,0,0,0,0,0
banana republic,Social | Conversion | CVR ASC Value,2026-05-17,17790.91,261465.11,56729.0,0,0,0,0,0,0,0,0,0,0,0,0,0,0,0,0,0,0,0,0,0,0,0,0,1,0,0,0,0,0,0,0,0,0,0,0,0,0,0,0,0,0,1
banana republic,Social | Conversion | CVR ASC Value,2026-05-24,17084.1,270705.86,61684.0,0,0,0,0,0,0,0,0,0,0,0,0,0,0,0,0,0,0,0,0,0,0,0,0,1,0,0,0,0,0,0,0,0,0,0,0,0,0,0,0,0,0,1
banana republic,Social | Conversion | CVR ASC Value,2026-05-31,6508.82,146101.3,35481.0,0,0,0,0,0,0,0,0,0,0,0,0,0,0,0,0,0,0,0,0,0,0,0,0,0,0,0,0,0,0,0,0,0,0,0,0,0,0,0,0,0,0,0
banana republic,Social | Conversion | CVR ASC Value,2026-06-07,5712.72,121487.41,32898.0,0,0,0,0,0,0,0,0,0,0,0,0,0,0,0,0,0,0,0,0,0,0,0,0,0,0,0,0,0,0,0,0,0,0,0,0,0,0,0,0,0,0,0
banana republic,Social | Conversion | CVR ASC Value,2026-06-14,12662.42,175795.23,50573.0,0,0,0,0,0,0,0,0,0,0,0,0,0,0,0,0,0,0,0,0,0,0,0,0,0,0,0,0,0,0,0,0,0,0,0,0,0,0,0,0,0,0,0
banana republic,Social | Conversion | CVR ASC Value,2026-06-21,18767.54,216351.75,68749.0,0,0,0,0,0,0,0,0,0,0,0,0,0,0,0,0,0,0,0,0,0,0,0,0,0,1,0,0,0,0,0,0,0,0,0,0,0,0,0,0,1,0,0
banana republic,Social | Conversion | CVR ASC Value,2026-06-28,20260.57,306629.58,91087.0,0,0,0,0,0,0,0,0,0,0,0,0,0,0,0,0,0,0,0,0,0,0,0,0,0,1,2,0,0,0,0,0,0,0,0,0,0,0,0,0,2,0,0
banana republic,Social | Conversion | CVR ASC Value,2026-07-05,7775.139999999999,143328.69,45651.0,0,0,0,0,0,0,0,0,0,0,0,0,0,0,0,0,0,0,0,0,0,0,0,0,0,0,2,1,0,0,0,0,0,0,0,0,0,0,0,0,2,0,0
banana republic,Social | Conversion | CVR ASC Value,2026-07-12,13165.67,187328.82,60988.0,0,0,0,0,0,0,0,0,0,0,0,0,0,0,0,0,0,0,0,0,0,0,0,0,0,0,0,2,0,0,0,0,0,0,0,0,0,0,0,0,2,0,0
banana republic,Social | Conversion | CVR ASC Value,2026-07-19,16151.52,260911.84,77923.0,0,0,0,0,0,0,0,0,0,0,0,0,0,0,0,0,0,0,0,0,0,0,0,0,0,0,0,1,2,0,0,0,0,0,0,0,0,0,0,0,2,0,0
banana republic,Social | Conversion | CVR ASC Value,2026-07-26,23622.25,339376.67,100174.0,0,0,0,0,0,0,0,0,0,0,0,0,0,0,0,0,0,0,0,0,0,1,0,0,0,0,0,0,1,0,0,0,0,0,0,0,0,0,0,0,1,0,1
banana republic,Social | Conversion | CVR ASC Value,2026-08-02,8152.59,127469.04000000001,48836.0,0,0,0,0,0,0,0,0,0,0,0,0,0,0,0,0,0,0,0,0,0,0,0,0,0,0,0,0,0,0,0,0,0,0,0,0,0,0,0,0,0,0,0
banana republic,Social | Conversion | CVR ASC Value,2026-08-09,9986.57,96143.33,36832.0,0,0,0,0,0,0,0,0,0,0,0,0,0,0,0,0,0,0,0,0,0,0,0,0,0,0,0,0,0,0,0,0,0,0,0,0,0,0,0,0,0,0,0
banana republic,Social | Conversion | CVR ASC Value,2026-08-16,9793.62,122369.79999999999,42378.0,0,0,0,0,0,0,0,0,0,0,0,0,0,0,0,0,0,0,0,0,0,0,0,0,0,0,0,0,0,0,0,0,0,0,0,0,0,0,0,0,0,0,0
banana republic,Social | Conversion | CVR ASC Volume,2025-07-06,2822.03,16003.61,9845.0,0,0,0,0,0,0,0,0,0,0,0,0,0,0,0,0,0,0,0,0,0,0,0,0,0,0,2,1,0,0,0,0,0,0,0,0,0,0,0,0,2,0,0
banana republic,Social | Conversion | CVR ASC Volume,2025-07-13,1740.1799999999998,10468.269999999999,6249.0,0,0,0,0,0,0,0,0,0,0,0,0,0,0,0,0,0,0,0,0,0,0,0,0,0,0,0,2,0,0,0,0,0,0,0,0,0,0,0,0,2,0,0
banana republic,Social | Conversion | CVR ASC Volume,2025-07-20,1497.24,13574.91,8504.0,0,0,0,0,0,0,0,0,0,0,0,0,0,0,0,0,0,0,0,0,0,0,0,0,0,0,0,1,2,0,0,0,0,0,0,0,0,0,0,0,2,0,0
banana republic,Social | Conversion | CVR ASC Volume,2025-07-27,2725.29,23906.16,16040.0,0,0,0,0,0,0,0,0,0,0,0,0,0,0,0,0,0,0,0,0,0,0,0,0,0,0,0,0,2,0,0,0,0,0,0,0,0,0,0,0,2,0,0
banana republic,Social | Conversion | CVR ASC Volume,2025-08-03,1740.1799999999998,25609.32,11593.0,0,0,0,0,0,0,0,0,0,0,0,0,0,0,0,0,0,0,0,0,0,0,0,0,0,0,0,0,1,0,0,0,0,0,0,0,0,0,0,0,1,0,0
banana republic,Social | Conversion | CVR ASC Volume,2025-08-10,2851.03,32256.84,15670.0,0,0,0,0,0,0,0,0,0,0,0,0,0,0,0,0,0,0,0,0,0,0,0,0,0,0,0,0,0,0,0,0,0,0,0,0,0,0,0,0,0,0,0
banana republic,Social | Conversion | CVR ASC Volume,2025-08-17,4315.92,34960.4,19205.0,0,0,0,0,0,0,0,0,0,0,0,0,0,0,0,0,0,0,0,0,0,0,0,0,0,0,0,0,0,0,0,0,0,0,0,0,0,0,0,0,0,0,0
banana republic,Social | Conversion | CVR ASC Volume,2025-08-24,4247.74,31246.12,14876.0,0,0,0,0,0,0,0,0,0,0,0,0,0,0,0,0,0,0,0,0,0,0,0,0,0,0,0,0,0,0,0,0,0,0,0,1,0,1,0,0,0,0,0
banana republic,Social | Conversion | CVR ASC Volume,2025-08-31,3243.73,29946.68,13681.0,0,0,0,0,0,0,0,0,0,0,0,0,0,0,0,0,0,0,0,0,0,0,0,0,0,0,0,0,0,0,0,0,0,0,0,1,0,1,0,0,0,0,0
banana republic,Social | Conversion | CVR ASC Volume,2025-09-07,12844.59,153395.15,58337.0,0,1,0,0,0,0,0,0,0,0,0,0,0,0,0,0,0,0,0,0,0,0,0,0,0,0,0,0,0,0,0,0,0,0,0,0,0,0,1,0,0,0,0
banana republic,Social | Conversion | CVR ASC Volume,2025-09-14,16614.61,195415.28,64194.0,0,2,0,0,0,0,0,0,0,0,0,0,0,0,0,0,0,0,0,0,0,0,0,0,0,0,0,0,0,0,0,0,0,0,0,0,0,0,2,0,0,0,0
banana republic,Social | Conversion | CVR ASC Volume,2025-09-21,6381.63,69797.57,30608.0,0,1,0,0,0,0,0,0,0,0,0,0,0,0,0,0,0,0,0,0,0,0,0,0,0,0,0,0,0,0,0,0,0,0,0,0,0,0,1,0,0,0,0
banana republic,Social | Conversion | CVR ASC Volume,2025-09-28,3995.63,64831.76,23510.0,0,0,0,0,0,0,0,0,0,0,0,0,0,0,0,0,0,0,0,0,0,0,0,0,0,0,0,0,0,0,0,0,0,0,0,0,0,0,0,0,0,0,0
banana republic,Social | Conversion | CVR ASC Volume,2025-10-05,11975.39,123737.01000000001,47797.0,0,0,0,0,0,0,0,0,0,0,0,0,0,0,0,0,0,0,0,0,0,0,0,0,0,0,0,0,0,0,0,0,0,0,0,0,0,0,0,0,0,0,0
banana republic,Social | Conversion | CVR ASC Volume,2025-10-12,16073.91,125588.76,58217.0,0,0,0,0,0,0,0,0,0,0,0,0,0,0,0,0,0,0,0,0,0,0,0,0,0,0,0,0,0,0,0,0,0,0,0,0,0,0,0,0,0,0,0
banana republic,Social | Conversion | CVR ASC Volume,2025-10-19,27878.86,197814.05,87406.0,0,0,0,0,0,0,0,0,0,0,0,0,0,0,0,0,0,0,0,0,0,0,0,0,0,0,0,0,0,0,0,0,0,0,0,0,0,0,0,0,0,0,0
banana republic,Social | Conversion | CVR ASC Volume,2025-10-26,39816.44,311865.5,110540.0,0,0,0,0,0,0,0,0,0,0,0,0,0,0,0,0,0,0,0,0,0,0,0,0,0,0,0,0,0,0,0,0,0,0,0,0,0,0,0,0,0,0,0
banana republic,Social | Conversion | CVR ASC Volume,2025-11-02,50823.24,421713.13,128120.0,0,0,0,0,0,0,0,0,0,0,0,0,0,0,2,0,0,0,0,0,0,0,0,0,0,0,0,0,0,0,0,0,0,0,0,0,0,0,2,0,0,0,0
banana republic,Social | Conversion | CVR ASC Volume,2025-11-09,14473.19,128538.39,46380.0,0,0,0,0,0,0,0,0,0,0,0,0,0,0,1,0,0,0,0,0,0,0,0,0,0,0,0,0,0,0,0,0,0,0,0,0,0,0,1,0,0,0,0
banana republic,Social | Conversion | CVR ASC Volume,2025-11-16,5918.79,34197.68,17732.0,0,0,0,0,0,0,0,0,0,0,0,0,0,0,0,0,0,0,0,0,0,0,0,0,0,0,0,0,0,0,0,0,0,0,0,0,0,0,0,0,0,0,0
banana republic,Social | Conversion | CVR ASC Volume,2025-11-23,78110.39000000001,203147.04,88554.0,0,0,0,0,0,0,0,0,0,0,0,0,0,0,0,0,0,0,0,0,0,0,0,0,0,0,0,0,0,2,0,0,0,0,0,0,0,0,2,0,0,0,0
banana republic,Social | Conversion | CVR ASC Volume,2025-11-30,12709.47,51585.880000000005,23580.0,0,0,0,0,0,0,0,0,0,0,0,0,0,0,0,0,0,2,0,0,0,0,0,0,0,0,0,0,0,0,0,0,0,0,0,0,0,0,2,0,0,0,0
banana republic,Social | Conversion | CVR ASC Volume,2025-12-07,5990.95,46803.869999999995,18661.0,0,0,0,0,0,0,0,0,0,0,0,0,0,0,0,0,0,0,0,0,0,0,0,0,0,0,0,0,0,0,2,0,0,0,0,0,0,0,2,0,0,0,0
banana republic,Social | Conversion | CVR ASC Volume,2025-12-14,4369.58,25569.53,15335.0,0,0,0,0,0,0,0,0,0,0,0,0,0,0,0,0,0,0,0,0,0,0,0,0,0,0,0,0,0,0,1,0,0,0,0,0,2,2,1,0,0,0,0
banana republic,Social | Conversion | CVR ASC Volume,2025-12-21,1586.93,15669.189999999999,8031.0,0,0,0,0,0,0,0,0,0,0,0,0,0,0,0,0,0,0,0,0,0,0,0,0,0,0,0,0,0,0,0,1,0,0,0,0,2,2,0,0,1,0,0
banana republic,Social | Conversion | CVR ASC Volume,2025-12-28,2612.7,29490.78,16639.0,0,0,0,0,0,0,0,0,0,0,0,0,0,0,0,0,0,0,0,0,0,0,0,0,0,0,0,0,0,0,0,2,0,0,0,0,0,0,0,0,2,0,0
banana republic,Social | Conversion | CVR ASC Volume,2026-01-04,8545.03,59869.94,40917.0,0,0,0,0,0,0,0,0,0,0,0,0,0,0,0,0,0,0,0,0,0,0,0,0,0,0,0,0,0,0,0,1,2,0,0,0,0,0,0,0,2,0,0
banana republic,Social | Conversion | CVR ASC Volume,2026-01-11,8117.27,57883.09,38524.0,0,0,0,0,0,0,0,0,0,0,0,0,0,0,0,0,0,0,0,0,0,0,0,0,0,0,0,0,0,0,0,0,1,2,0,0,0,0,0,0,2,0,0
banana republic,Social | Conversion | CVR ASC Volume,2026-01-18,9276.3,84431.28,46491.0,0,0,0,0,0,0,0,0,0,0,0,0,0,0,0,0,0,0,0,0,0,0,0,0,0,0,0,0,0,0,0,0,0,2,0,0,0,0,0,0,2,0,0
banana republic,Social | Conversion | CVR ASC Volume,2026-01-25,7750.49,74034.86,44187.0,0,0,0,0,0,0,0,0,0,0,0,0,0,0,0,0,0,0,0,0,0,0,0,0,0,0,0,0,0,0,0,0,0,0,0,0,0,0,0,0,0,0,0
banana republic,Social | Conversion | CVR ASC Volume,2026-02-01,3892.94,47756.13,27414.0,0,0,0,0,0,0,0,0,0,0,0,0,0,0,0,0,0,0,0,0,0,0,0,0,0,0,0,0,0,0,0,0,0,0,0,0,0,0,0,0,0,0,0
banana republic,Social | Conversion | CVR ASC Volume,2026-02-08,9394.61,89733.14,42010.0,0,0,0,0,0,0,0,0,0,0,0,0,0,0,0,0,0,0,0,0,0,0,0,0,0,0,0,0,0,0,0,0,0,0,0,0,0,0,0,0,0,0,0
banana republic,Social | Conversion | CVR ASC Volume,2026-02-15,8682.65,107084.55,49395.0,0,0,0,0,0,0,0,0,0,0,0,0,0,0,0,0,0,0,0,0,0,0,0,0,0,0,0,0,0,0,0,0,0,0,0,0,0,0,0,0,0,0,0
banana republic,Social | Conversion | CVR ASC Volume,2026-02-22,8382.99,134564.39,56110.0,0,0,0,0,0,0,0,0,0,0,0,0,0,0,0,0,0,0,0,0,0,0,0,0,0,0,0,0,0,0,0,0,0,0,0,0,0,0,0,0,0,0,0
banana republic,Social | Conversion | CVR ASC Volume,2026-03-01,11273.75,127358.53,63373.0,0,0,0,0,0,0,0,0,0,0,0,0,0,0,0,0,0,0,0,0,0,0,0,0,0,0,0,0,0,0,0,0,0,0,0,0,0,0,0,0,0,0,0
banana republic,Social | Conversion | CVR ASC Volume,2026-03-08,27777.13,308374.23,84979.0,0,1,0,0,0,0,0,0,0,0,0,0,0,0,0,0,0,0,0,0,0,0,0,0,0,0,0,0,0,0,0,0,0,0,0,0,0,0,1,0,0,0,0
banana republic,Social | Conversion | CVR ASC Volume,2026-03-15,84702.92,591881.21,211127.0,0,2,0,0,0,0,0,0,0,0,0,0,0,0,0,0,0,0,0,0,0,0,0,0,0,0,0,0,0,0,0,0,0,0,0,0,0,0,2,0,0,0,0
banana republic,Social | Conversion | CVR ASC Volume,2026-03-22,29134.86,240951.41,87632.0,0,1,0,0,0,0,0,0,0,0,0,0,0,0,0,0,0,0,0,0,0,0,0,0,0,0,0,0,0,0,0,0,0,0,0,0,0,0,1,0,0,0,0
banana republic,Social | Conversion | CVR ASC Volume,2026-03-29,13300.33,178901.01,65459.0,0,0,0,0,0,0,0,0,0,0,0,0,0,0,0,0,0,0,0,0,0,0,0,0,0,0,0,0,0,0,0,0,0,0,1,0,0,0,0,0,0,0,1
banana republic,Social | Conversion | CVR ASC Volume,2026-04-05,9407.84,117529.35,51636.0,0,0,0,0,0,0,0,0,0,0,0,0,0,0,0,0,0,0,0,0,0,0,0,0,0,0,0,0,0,0,0,0,0,0,1,0,0,0,0,0,0,0,1
banana republic,Social | Conversion | CVR ASC Volume,2026-04-12,9309.19,128664.65,51856.0,0,0,0,0,0,0,0,0,0,0,0,0,0,0,0,0,0,0,0,0,0,0,0,0,0,0,0,0,0,0,0,0,0,0,0,0,0,0,0,0,0,0,0
banana republic,Social | Conversion | CVR ASC Volume,2026-04-19,15457.81,185878.7,71475.0,0,0,0,0,0,0,0,0,0,0,0,0,0,0,0,0,0,0,0,0,0,0,0,0,0,0,0,0,0,0,0,0,0,0,0,0,0,0,0,0,0,0,0
banana republic,Social | Conversion | CVR ASC Volume,2026-04-26,22138.760000000002,214890.36,95669.0,0,0,0,0,0,0,0,0,0,0,0,0,0,0,0,0,0,0,0,0,0,0,0,0,0,0,0,0,0,0,0,0,0,0,0,0,0,0,0,0,0,0,0
banana republic,Social | Conversion | CVR ASC Volume,2026-05-03,7407.62,126125.08,46963.0,0,0,0,0,0,0,0,0,0,0,0,0,0,0,0,0,0,0,0,0,0,0,0,0,0,0,0,0,0,0,0,0,0,0,0,0,0,0,0,0,0,0,0
banana republic,Social | Conversion | CVR ASC Volume,2026-05-10,6731.91,88003.8,46193.0,0,0,0,0,0,0,0,0,0,0,0,0,0,0,0,0,0,0,0,0,0,0,0,0,0,0,0,0,0,0,0,0,0,0,0,0,0,0,0,0,0,0,0
banana republic,Social | Conversion | CVR ASC Volume,2026-05-17,15878.07,208347.44,75995.0,0,0,0,0,0,0,0,0,0,0,0,0,0,0,0,0,0,0,0,0,0,0,0,0,1,0,0,0,0,0,0,0,0,0,0,0,0,0,0,0,0,0,1
banana republic,Social | Conversion | CVR ASC Volume,2026-05-24,16018.6,222309.41,88732.0,0,0,0,0,0,0,0,0,0,0,0,0,0,0,0,0,0,0,0,0,0,0,0,0,1,0,0,0,0,0,0,0,0,0,0,0,0,0,0,0,0,0,1
banana republic,Social | Conversion | CVR ASC Volume,2026-05-31,5593.88,105387.68,46300.0,0,0,0,0,0,0,0,0,0,0,0,0,0,0,0,0,0,0,0,0,0,0,0,0,0,0,0,0,0,0,0,0,0,0,0,0,0,0,0,0,0,0,0
banana republic,Social | Conversion | CVR ASC Volume,2026-06-07,5168.860000000001,88906.77,40725.0,0,0,0,0,0,0,0,0,0,0,0,0,0,0,0,0,0,0,0,0,0,0,0,0,0,0,0,0,0,0,0,0,0,0,0,0,0,0,0,0,0,0,0
banana republic,Social | Conversion | CVR ASC Volume,2026-06-14,9899.69,105810.34,55168.0,0,0,0,0,0,0,0,0,0,0,0,0,0,0,0,0,0,0,0,0,0,0,0,0,0,0,0,0,0,0,0,0,0,0,0,0,0,0,0,0,0,0,0
banana republic,Social | Conversion | CVR ASC Volume,2026-06-21,14045.69,117808.92000000001,66471.0,0,0,0,0,0,0,0,0,0,0,0,0,0,0,0,0,0,0,0,0,0,0,0,0,0,1,0,0,0,0,0,0,0,0,0,0,0,0,0,0,1,0,0
banana republic,Social | Conversion | CVR ASC Volume,2026-06-28,12886.7,148973.01,74430.0,0,0,0,0,0,0,0,0,0,0,0,0,0,0,0,0,0,0,0,0,0,0,0,0,0,1,2,0,0,0,0,0,0,0,0,0,0,0,0,0,2,0,0
banana republic,Social | Conversion | CVR ASC Volume,2026-07-05,6317.389999999999,79085.91,43847.0,0,0,0,0,0,0,0,0,0,0,0,0,0,0,0,0,0,0,0,0,0,0,0,0,0,0,2,1,0,0,0,0,0,0,0,0,0,0,0,0,2,0,0
banana republic,Social | Conversion | CVR ASC Volume,2026-07-12,11525.4,109163.01000000001,62319.0,0,0,0,0,0,0,0,0,0,0,0,0,0,0,0,0,0,0,0,0,0,0,0,0,0,0,0,2,0,0,0,0,0,0,0,0,0,0,0,0,2,0,0
banana republic,Social | Conversion | CVR ASC Volume,2026-07-19,13588.53,168914.91,83766.0,0,0,0,0,0,0,0,0,0,0,0,0,0,0,0,0,0,0,0,0,0,0,0,0,0,0,0,1,2,0,0,0,0,0,0,0,0,0,0,0,2,0,0
banana republic,Social | Conversion | CVR ASC Volume,2026-07-26,17094.739999999998,186977.58,96282.0,0,0,0,0,0,0,0,0,0,0,0,0,0,0,0,0,0,0,0,0,0,1,0,0,0,0,0,0,1,0,0,0,0,0,0,0,0,0,0,0,1,0,1
banana republic,Social | Conversion | CVR ASC Volume,2026-08-02,4861.54,65143.07,34618.0,0,0,0,0,0,0,0,0,0,0,0,0,0,0,0,0,0,0,0,0,0,0,0,0,0,0,0,0,0,0,0,0,0,0,0,0,0,0,0,0,0,0,0
banana republic,Social | Conversion | CVR ASC Volume,2026-08-09,7926.63,72731.20999999999,42488.0,0,0,0,0,0,0,0,0,0,0,0,0,0,0,0,0,0,0,0,0,0,0,0,0,0,0,0,0,0,0,0,0,0,0,0,0,0,0,0,0,0,0,0
banana republic,Social | Conversion | CVR ASC Volume,2026-08-16,8764.0,98993.01,51674.0,0,0,0,0,0,0,0,0,0,0,0,0,0,0,0,0,0,0,0,0,0,0,0,0,0,0,0,0,0,0,0,0,0,0,0,0,0,0,0,0,0,0,0
banana republic,Social | Conversion | CVR DAB,2024-07-28,1285.81,10574.619999999999,7964.0,0,0,0,0,0,0,0,0,0,0,0,0,0,0,0,0,0,0,0,0,0,0,0,0,0,0,0,0,2,0,0,0,0,0,0,0,0,0,0,0,2,0,0
banana republic,Social | Conversion | CVR DAB,2024-08-04,3725.5,19664.04,20154.0,0,0,0,0,0,0,0,0,0,0,0,0,0,0,0,0,0,0,0,0,0,0,0,0,0,0,0,0,1,0,0,0,0,0,0,0,0,0,0,0,1,0,0
banana republic,Social | Conversion | CVR DAB,2024-08-11,3090.92,13253.53,15820.0,0,0,0,0,0,0,0,0,0,0,0,0,0,0,0,0,0,0,0,0,0,0,0,0,0,0,0,0,0,0,0,0,0,0,0,0,0,0,0,0,0,0,0
banana republic,Social | Conversion | CVR DAB,2024-08-18,3234.74,16147.11,20361.0,0,0,0,0,0,0,0,0,0,0,0,0,0,0,0,0,0,0,0,0,0,0,0,0,0,0,0,0,0,0,0,0,0,0,0,0,0,0,0,0,0,0,0
banana republic,Social | Conversion | CVR DAB,2024-08-25,3587.13,13773.550000000001,12318.0,0,0,0,0,0,0,0,0,0,0,0,0,0,0,0,0,0,0,0,0,0,0,0,0,0,0,0,0,0,0,0,0,0,0,0,0,0,0,0,0,0,0,0
banana republic,Social | Conversion | CVR DAB,2024-09-01,3592.13,9249.11,4694.0,0,0,0,0,0,0,0,0,0,0,0,0,0,0,0,0,0,0,0,0,0,0,0,0,0,0,0,0,0,0,0,0,0,0,0,0,0,0,0,0,0,0,0
banana republic,Social | Conversion | CVR DAB,2024-09-08,3265.9300000000003,9497.84,3513.0,0,0,0,0,0,0,0,0,0,0,0,0,0,0,0,0,0,0,0,0,0,0,0,0,0,0,0,0,0,0,0,0,0,0,0,0,0,0,0,0,0,0,0
banana republic,Social | Conversion | CVR DAB,2024-09-15,14327.970000000001,65807.94,30262.0,0,2,0,0,0,0,0,0,0,0,0,0,0,0,0,0,0,0,0,0,0,0,0,0,0,0,0,0,0,0,0,0,0,0,0,0,0,0,2,0,0,0,0
banana republic,Social | Conversion | CVR DAB,2024-09-22,14475.4,63689.56,38602.0,0,2,0,0,0,0,0,0,0,0,0,0,0,0,0,0,0,0,0,0,0,0,0,0,0,0,0,0,0,0,0,0,0,0,0,0,0,0,2,0,0,0,0
banana republic,Social | Conversion | CVR DAB,2024-09-29,4898.76,12033.52,13989.0,0,1,0,0,0,0,0,0,0,0,0,0,0,0,0,0,0,0,0,0,0,0,0,0,0,0,0,0,0,0,0,0,0,0,0,0,0,0,1,0,0,0,0
banana republic,Social | Conversion | CVR DAB,2024-10-06,2802.21,4993.66,9750.0,0,0,0,0,0,0,0,0,0,0,0,0,0,0,0,0,0,0,0,0,0,0,0,0,0,0,0,0,0,0,0,0,0,0,0,0,0,0,0,0,0,0,0
banana republic,Social | Conversion | CVR DAB,2024-10-13,2871.09,13283.95,14023.0,0,0,0,0,0,0,0,0,0,0,0,0,0,0,0,0,0,0,0,0,0,0,0,0,0,0,0,0,0,0,0,0,0,0,0,0,0,0,0,0,0,0,0
banana republic,Social | Conversion | CVR DAB,2024-10-20,2473.24,11055.14,11505.0,0,0,0,0,0,0,0,0,0,0,0,0,0,0,0,0,0,0,0,0,0,0,0,0,0,0,0,0,0,0,0,0,0,0,0,0,0,0,0,0,0,0,0
banana republic,Social | Conversion | CVR DAB,2024-10-27,6131.64,21558.83,18105.0,0,0,0,0,0,0,0,0,0,0,0,0,0,0,1,0,0,0,0,0,0,0,0,0,0,0,0,0,0,0,0,0,0,0,0,0,0,0,1,0,0,0,0
banana republic,Social | Conversion | CVR DAB,2024-11-03,15793.01,76708.6,58204.0,0,0,0,0,0,0,0,0,0,0,0,0,0,0,2,0,0,0,0,0,0,0,0,0,0,0,0,0,0,0,0,0,0,0,0,0,0,0,2,0,0,0,0
banana republic,Social | Conversion | CVR DAB,2024-11-10,7111.58,16309.529999999999,29451.0,0,0,0,0,0,0,0,0,0,0,0,0,0,0,1,0,0,0,0,0,0,0,0,0,0,0,0,0,0,0,0,0,0,0,0,0,0,0,1,0,0,0,0
banana republic,Social | Conversion | CVR DAB,2024-11-17,7910.43,24213.739999999998,34356.0,0,0,0,0,0,0,0,0,0,0,0,0,0,0,0,0,0,0,0,0,0,0,0,0,0,0,0,0,0,0,0,0,0,0,0,0,0,0,0,0,0,0,0
banana republic,Social | Conversion | CVR DAB,2024-11-24,28383.14,129667.73,50759.0,0,0,0,0,0,0,0,0,0,0,0,0,0,0,0,0,0,0,0,0,0,0,0,0,0,0,0,0,0,2,0,0,0,0,0,0,0,0,2,0,0,0,0
banana republic,Social | Conversion | CVR DAB,2024-12-01,19768.63,73789.87,33937.0,0,0,0,0,0,0,0,0,0,0,0,0,0,0,0,0,0,2,0,0,0,0,0,0,0,0,0,0,0,0,0,0,0,0,0,0,0,0,2,0,0,0,0
banana republic,Social | Conversion | CVR DAB,2024-12-08,5340.21,38946.63,20009.0,0,0,0,0,0,0,0,0,0,0,0,0,0,0,0,0,0,0,0,0,0,0,0,0,0,0,0,0,0,0,1,0,0,0,0,0,0,0,1,0,0,0,0
banana republic,Social | Conversion | CVR DAB,2024-12-15,4278.96,31651.29,17805.0,0,0,0,0,0,0,0,0,0,0,0,0,0,0,0,0,0,0,0,0,0,0,0,0,0,0,0,0,0,0,1,0,0,0,0,0,0,0,1,0,0,0,0
banana republic,Social | Conversion | CVR DAB,2024-12-22,3419.17,19401.25,14794.0,0,0,0,0,0,0,0,0,0,0,0,0,0,0,0,0,0,0,0,0,0,0,0,0,0,0,0,0,0,0,0,1,0,0,0,0,0,0,0,0,1,0,0
banana republic,Social | Conversion | CVR DAB,2024-12-29,3331.01,28468.08,17375.0,0,0,0,0,0,0,0,0,0,0,0,0,0,0,0,0,0,0,0,0,0,0,0,0,0,0,0,0,0,0,0,2,1,0,0,0,0,0,0,0,2,0,0
banana republic,Social | Conversion | CVR DAB,2025-01-05,1892.6100000000001,13830.789999999999,10549.0,0,0,0,0,0,0,0,0,0,0,0,0,0,0,0,0,0,0,0,0,0,0,0,0,0,0,0,0,0,0,0,0,2,0,0,0,0,0,0,0,2,0,0
banana republic,Social | Conversion | CVR DAB,2025-01-12,1350.18,16027.96,9571.0,0,0,0,0,0,0,0,0,0,0,0,0,0,0,0,0,0,0,0,0,0,0,0,0,0,0,0,0,0,0,0,0,1,2,0,0,0,0,0,0,2,0,0
banana republic,Social | Conversion | CVR DAB,2025-01-19,1239.5900000000001,16198.7,9679.0,0,0,0,0,0,0,0,0,0,0,0,0,0,0,0,0,0,0,0,0,0,0,0,0,0,0,0,0,0,0,0,0,0,2,0,0,0,0,0,0,2,0,0
banana republic,Social | Conversion | CVR DAB,2025-01-26,1339.49,13481.619999999999,10265.0,0,0,0,0,0,0,0,0,0,0,0,0,0,0,0,0,0,0,0,0,0,0,0,0,0,0,0,0,0,0,0,0,0,0,0,0,0,0,0,0,0,0,0
banana republic,Social | Conversion | CVR DAB,2025-02-02,907.88,8042.46,5593.0,0,0,0,0,0,0,0,0,0,0,0,0,0,0,0,0,0,0,0,0,0,0,0,0,0,0,0,0,0,0,0,0,0,0,0,0,0,0,0,0,0,0,0
banana republic,Social | Conversion | CVR DAB,2025-02-09,970.36,12050.4,5398.0,0,0,0,0,0,0,0,0,0,0,0,0,0,0,0,0,0,0,0,0,0,0,0,0,0,0,0,0,0,0,0,0,0,0,0,0,0,0,0,0,0,0,0
banana republic,Social | Conversion | CVR DAB,2025-02-16,1118.45,11072.630000000001,5553.0,0,0,0,0,0,0,0,0,0,0,0,0,0,0,0,0,0,0,0,0,0,0,0,0,0,0,0,0,0,0,0,0,0,0,0,0,0,0,0,0,0,0,0
banana republic,Social | Conversion | CVR DAB,2025-02-23,1962.26,18432.34,11421.0,0,0,0,0,0,0,0,0,0,0,0,0,0,0,0,0,0,0,0,0,0,0,0,0,0,0,0,0,0,0,0,0,0,0,0,0,0,0,0,0,0,0,0
banana republic,Social | Conversion | CVR DAB,2025-03-02,1001.64,9140.65,5952.0,0,0,0,0,0,0,0,0,0,0,0,0,0,0,0,0,0,0,0,0,0,0,0,0,0,0,0,0,0,0,0,0,0,0,0,0,0,0,0,0,0,0,0
banana republic,Social | Conversion | CVR DAB,2025-03-09,942.9300000000001,4221.89,4974.0,0,0,0,0,0,0,0,0,0,0,0,0,0,0,0,0,0,0,0,0,0,0,0,0,0,0,0,0,0,0,0,0,0,0,0,0,0,0,0,0,0,0,0
banana republic,Social | Conversion | CVR DAB,2025-03-16,427.32,2185.19,2297.0,0,0,0,0,0,0,0,0,0,0,0,0,0,0,0,0,0,0,0,0,0,0,0,0,0,0,0,0,0,0,0,0,0,0,0,0,0,0,0,0,0,0,0
banana republic,Social | Conversion | CVR DAB,2025-04-06,303.5,1199.65,1705.0,0,0,0,0,0,0,0,0,0,0,0,0,0,0,0,0,0,0,0,0,0,0,0,0,0,0,0,0,0,0,0,0,0,0,0,0,0,0,0,0,0,0,0
banana republic,Social | Conversion | CVR DAB,2025-04-13,355.27,1336.6599999999999,2187.0,0,0,0,0,0,0,0,0,0,0,0,0,0,0,0,0,0,0,0,0,0,0,0,0,0,0,0,0,0,0,0,0,0,0,1,0,0,0,0,0,0,0,1
banana republic,Social | Conversion | CVR DAB,2025-04-20,265.13,1043.48,1652.0,0,0,0,0,0,0,0,0,0,0,0,0,0,0,0,0,0,0,0,0,0,0,0,0,0,0,0,0,0,0,0,0,0,0,1,0,0,0,0,0,0,0,1
banana republic,Social | Conversion | CVR DAB,2025-04-27,239.87,1012.94,1620.0,0,0,0,0,0,0,0,0,0,0,0,0,0,0,0,0,0,0,0,0,0,0,0,0,0,0,0,0,0,0,0,0,0,0,0,0,0,0,0,0,0,0,0
banana republic,Social | Conversion | CVR DAB,2025-05-04,219.85,1209.82,1527.0,0,0,0,0,0,0,0,0,0,0,0,0,0,0,0,0,0,0,0,0,0,0,0,0,0,0,0,0,0,0,0,0,0,0,0,0,0,0,0,0,0,0,0
banana republic,Social | Conversion | CVR DAB,2025-05-11,209.05,163.96,1169.0,0,0,0,0,0,0,0,0,0,0,0,0,0,0,0,0,0,0,0,0,0,0,0,0,0,0,0,0,0,0,0,0,0,0,0,0,0,0,0,0,0,0,0
banana republic,Social | Conversion | CVR DAB,2025-05-18,364.81,1024.32,1714.0,0,0,0,0,0,0,0,0,0,0,0,0,0,0,0,0,0,0,0,0,0,0,0,0,1,0,0,0,0,0,0,0,0,0,0,0,0,0,0,0,0,0,1
banana republic,Social | Conversion | CVR DAB,2025-05-25,428.13,2556.94,2223.0,0,0,0,0,0,0,0,0,0,0,0,0,0,0,0,0,0,0,0,0,0,0,0,0,1,0,0,0,0,0,0,0,0,0,0,0,0,0,0,0,0,0,1
banana republic,Social | Conversion | CVR DPA,2024-07-28,1029.43,9394.67,3685.0,0,0,0,0,0,0,0,0,0,0,0,0,0,0,0,0,0,0,0,0,0,0,0,0,0,0,0,0,2,0,0,0,0,0,0,0,0,0,0,0,2,0,0
banana republic,Social | Conversion | CVR DPA,2024-08-04,2455.67,15555.119999999999,6840.0,0,0,0,0,0,0,0,0,0,0,0,0,0,0,0,0,0,0,0,0,0,0,0,0,0,0,0,0,1,0,0,0,0,0,0,0,0,0,0,0,1,0,0
banana republic,Social | Conversion | CVR DPA,2024-08-11,2507.57,18702.82,7174.0,0,0,0,0,0,0,0,0,0,0,0,0,0,0,0,0,0,0,0,0,0,0,0,0,0,0,0,0,0,0,0,0,0,0,0,0,0,0,0,0,0,0,0
banana republic,Social | Conversion | CVR DPA,2024-08-18,2580.29,15979.400000000001,8168.0,0,0,0,0,0,0,0,0,0,0,0,0,0,0,0,0,0,0,0,0,0,0,0,0,0,0,0,0,0,0,0,0,0,0,0,0,0,0,0,0,0,0,0
banana republic,Social | Conversion | CVR DPA,2024-08-25,2897.06,21788.879999999997,6225.0,0,0,0,0,0,0,0,0,0,0,0,0,0,0,0,0,0,0,0,0,0,0,0,0,0,0,0,0,0,0,0,0,0,0,0,0,0,0,0,0,0,0,0
banana republic,Social | Conversion | CVR DPA,2024-09-01,3174.29,11143.79,3249.0,0,0,0,0,0,0,0,0,0,0,0,0,0,0,0,0,0,0,0,0,0,0,0,0,0,0,0,0,0,0,0,0,0,0,0,0,0,0,0,0,0,0,0
banana republic,Social | Conversion | CVR DPA,2024-09-08,2916.98,5285.89,2102.0,0,0,0,0,0,0,0,0,0,0,0,0,0,0,0,0,0,0,0,0,0,0,0,0,0,0,0,0,0,0,0,0,0,0,0,0,0,0,0,0,0,0,0
banana republic,Social | Conversion | CVR DPA,2024-09-15,5693.32,29187.1,7410.0,0,2,0,0,0,0,0,0,0,0,0,0,0,0,0,0,0,0,0,0,0,0,0,0,0,0,0,0,0,0,0,0,0,0,0,0,0,0,2,0,0,0,0
banana republic,Social | Conversion | CVR DPA,2024-09-22,8481.05,44914.22,11877.0,0,2,0,0,0,0,0,0,0,0,0,0,0,0,0,0,0,0,0,0,0,0,0,0,0,0,0,0,0,0,0,0,0,0,0,0,0,0,2,0,0,0,0
banana republic,Social | Conversion | CVR DPA,2024-09-29,3520.18,14326.3,5302.0,0,1,0,0,0,0,0,0,0,0,0,0,0,0,0,0,0,0,0,0,0,0,0,0,0,0,0,0,0,0,0,0,0,0,0,0,0,0,1,0,0,0,0
banana republic,Social | Conversion | CVR DPA,2024-10-06,2747.1,7073.68,6907.0,0,0,0,0,0,0,0,0,0,0,0,0,0,0,0,0,0,0,0,0,0,0,0,0,0,0,0,0,0,0,0,0,0,0,0,0,0,0,0,0,0,0,0
banana republic,Social | Conversion | CVR DPA,2024-10-13,2869.6,9964.23,9787.0,0,0,0,0,0,0,0,0,0,0,0,0,0,0,0,0,0,0,0,0,0,0,0,0,0,0,0,0,0,0,0,0,0,0,0,0,0,0,0,0,0,0,0
banana republic,Social | Conversion | CVR DPA,2024-10-20,2478.31,13628.880000000001,10363.0,0,0,0,0,0,0,0,0,0,0,0,0,0,0,0,0,0,0,0,0,0,0,0,0,0,0,0,0,0,0,0,0,0,0,0,0,0,0,0,0,0,0,0
banana republic,Social | Conversion | CVR DPA,2024-10-27,5950.01,20164.93,16726.0,0,0,0,0,0,0,0,0,0,0,0,0,0,0,1,0,0,0,0,0,0,0,0,0,0,0,0,0,0,0,0,0,0,0,0,0,0,0,1,0,0,0,0
banana republic,Social | Conversion | CVR DPA,2024-11-03,15450.11,86405.32,48763.0,0,0,0,0,0,0,0,0,0,0,0,0,0,0,2,0,0,0,0,0,0,0,0,0,0,0,0,0,0,0,0,0,0,0,0,0,0,0,2,0,0,0,0
banana republic,Social | Conversion | CVR DPA,2024-11-10,4106.26,56363.97,31301.0,0,0,0,0,0,0,0,0,0,0,0,0,0,0,1,0,0,0,0,0,0,0,0,0,0,0,0,0,0,0,0,0,0,0,0,0,0,0,1,0,0,0,0
banana republic,Social | Conversion | CVR DPA,2024-11-17,5900.219999999999,56434.44,31255.0,0,0,0,0,0,0,0,0,0,0,0,0,0,0,0,0,0,0,0,0,0,0,0,0,0,0,0,0,0,0,0,0,0,0,0,0,0,0,0,0,0,0,0
banana republic,Social | Conversion | CVR DPA,2024-11-24,16907.76,99282.47,28617.0,0,0,0,0,0,0,0,0,0,0,0,0,0,0,0,0,0,0,0,0,0,0,0,0,0,0,0,0,0,2,0,0,0,0,0,0,0,0,2,0,0,0,0
banana republic,Social | Conversion | CVR DPA,2024-12-01,16809.26,59181.82,21838.0,0,0,0,0,0,0,0,0,0,0,0,0,0,0,0,0,0,2,0,0,0,0,0,0,0,0,0,0,0,0,0,0,0,0,0,0,0,0,2,0,0,0,0
banana republic,Social | Conversion | CVR DPA,2024-12-08,2948.98,21789.51,9815.0,0,0,0,0,0,0,0,0,0,0,0,0,0,0,0,0,0,0,0,0,0,0,0,0,0,0,0,0,0,0,1,0,0,0,0,0,0,0,1,0,0,0,0
banana republic,Social | Conversion | CVR DPA,2024-12-15,2044.6299999999999,6049.94,4460.0,0,0,0,0,0,0,0,0,0,0,0,0,0,0,0,0,0,0,0,0,0,0,0,0,0,0,0,0,0,0,1,0,0,0,0,0,0,0,1,0,0,0,0
banana republic,Social | Conversion | CVR DPA,2024-12-22,1515.95,6771.65,3664.0,0,0,0,0,0,0,0,0,0,0,0,0,0,0,0,0,0,0,0,0,0,0,0,0,0,0,0,0,0,0,0,1,0,0,0,0,0,0,0,0,1,0,0
banana republic,Social | Conversion | CVR DPA,2024-12-29,1483.99,21236.27,10133.0,0,0,0,0,0,0,0,0,0,0,0,0,0,0,0,0,0,0,0,0,0,0,0,0,0,0,0,0,0,0,0,2,1,0,0,0,0,0,0,0,2,0,0
banana republic,Social | Conversion | CVR DPA,2025-01-05,161.45,4242.969999999999,1476.0,0,0,0,0,0,0,0,0,0,0,0,0,0,0,0,0,0,0,0,0,0,0,0,0,0,0,0,0,0,0,0,0,2,0,0,0,0,0,0,0,2,0,0
banana republic,Social | Conversion | CVR DPA,2025-01-26,950.6899999999999,14278.04,7770.0,0,0,0,0,0,0,0,0,0,0,0,0,0,0,0,0,0,0,0,0,0,0,0,0,0,0,0,0,0,0,0,0,0,0,0,0,0,0,0,0,0,0,0
banana republic,Social | Conversion | CVR DPA,2025-02-02,734.3499999999999,13969.67,5648.0,0,0,0,0,0,0,0,0,0,0,0,0,0,0,0,0,0,0,0,0,0,0,0,0,0,0,0,0,0,0,0,0,0,0,0,0,0,0,0,0,0,0,0
banana republic,Social | Conversion | CVR DPA,2025-02-09,849.7,20681.58,6059.0,0,0,0,0,0,0,0,0,0,0,0,0,0,0,0,0,0,0,0,0,0,0,0,0,0,0,0,0,0,0,0,0,0,0,0,0,0,0,0,0,0,0,0
banana republic,Social | Conversion | CVR DPA,2025-02-16,1563.37,29898.8,9723.0,0,0,0,0,0,0,0,0,0,0,0,0,0,0,0,0,0,0,0,0,0,0,0,0,0,0,0,0,0,0,0,0,0,0,0,0,0,0,0,0,0,0,0
banana republic,Social | Conversion | CVR DPA,2025-02-23,1366.87,35371.55,10974.0,0,0,0,0,0,0,0,0,0,0,0,0,0,0,0,0,0,0,0,0,0,0,0,0,0,0,0,0,0,0,0,0,0,0,0,0,0,0,0,0,0,0,0
banana republic,Social | Conversion | CVR DPA,2025-03-02,1833.45,30774.16,11630.0,0,0,0,0,0,0,0,0,0,0,0,0,0,0,0,0,0,0,0,0,0,0,0,0,0,0,0,0,0,0,0,0,0,0,0,0,0,0,0,0,0,0,0
banana republic,Social | Conversion | CVR DPA,2025-03-09,1672.28,17860.85,9554.0,0,0,0,0,0,0,0,0,0,0,0,0,0,0,0,0,0,0,0,0,0,0,0,0,0,0,0,0,0,0,0,0,0,0,0,0,0,0,0,0,0,0,0
banana republic,Social | Conversion | CVR DPA,2025-03-16,2560.66,26603.1,13441.0,0,0,0,0,0,0,0,0,0,0,0,0,0,0,0,0,0,0,0,0,0,0,0,0,0,0,0,0,0,0,0,0,0,0,0,0,0,0,0,0,0,0,0
banana republic,Social | Conversion | CVR DPA,2025-03-23,7892.98,72485.28,27295.0,0,2,0,0,0,0,0,0,0,0,0,0,0,0,0,0,0,0,0,0,0,0,0,0,0,0,0,0,0,0,0,0,0,0,0,0,0,0,2,0,0,0,0
banana republic,Social | Conversion | CVR DPA,2025-03-30,1695.6399999999999,19282.87,8321.0,0,1,0,0,0,0,0,0,0,0,0,0,0,0,0,0,0,0,0,0,0,0,0,0,0,0,0,0,0,0,0,0,0,0,0,0,0,0,1,0,0,0,0
banana republic,Social | Conversion | CVR DPA,2025-04-06,476.59999999999997,7822.97,3758.0,0,0,0,0,0,0,0,0,0,0,0,0,0,0,0,0,0,0,0,0,0,0,0,0,0,0,0,0,0,0,0,0,0,0,0,0,0,0,0,0,0,0,0
banana republic,Social | Conversion | CVR DPA,2025-04-13,472.27,9931.94,4058.0,0,0,0,0,0,0,0,0,0,0,0,0,0,0,0,0,0,0,0,0,0,0,0,0,0,0,0,0,0,0,0,0,0,0,1,0,0,0,0,0,0,0,1
banana republic,Social | Conversion | CVR DPA,2025-04-20,894.23,15296.11,7388.0,0,0,0,0,0,0,0,0,0,0,0,0,0,0,0,0,0,0,0,0,0,0,0,0,0,0,0,0,0,0,0,0,0,0,1,0,0,0,0,0,0,0,1
banana republic,Social | Conversion | CVR DPA,2025-04-27,842.88,13008.369999999999,7300.0,0,0,0,0,0,0,0,0,0,0,0,0,0,0,0,0,0,0,0,0,0,0,0,0,0,0,0,0,0,0,0,0,0,0,0,0,0,0,0,0,0,0,0
banana republic,Social | Conversion | CVR DPA,2025-05-04,888.1800000000001,14143.84,7908.0,0,0,0,0,0,0,0,0,0,0,0,0,0,0,0,0,0,0,0,0,0,0,0,0,0,0,0,0,0,0,0,0,0,0,0,0,0,0,0,0,0,0,0
banana republic,Social | Conversion | CVR DPA,2025-05-11,630.6800000000001,8928.71,5046.0,0,0,0,0,0,0,0,0,0,0,0,0,0,0,0,0,0,0,0,0,0,0,0,0,0,0,0,0,0,0,0,0,0,0,0,0,0,0,0,0,0,0,0
banana republic,Social | Conversion | CVR DPA,2025-05-18,872.58,11374.68,6239.0,0,0,0,0,0,0,0,0,0,0,0,0,0,0,0,0,0,0,0,0,0,0,0,0,1,0,0,0,0,0,0,0,0,0,0,0,0,0,0,0,0,0,1
banana republic,Social | Conversion | CVR DPA,2025-05-25,749.83,5171.6900000000005,3391.0,0,0,0,0,0,0,0,0,0,0,0,0,0,0,0,0,0,0,0,0,0,0,0,0,1,0,0,0,0,0,0,0,0,0,0,0,0,0,0,0,0,0,1
banana republic,Social | Conversion | TikTok CVR,2026-05-03,8540.01,10031.669999999998,7240.0,0,0,0,0,0,0,0,0,0,0,0,0,0,0,0,0,0,0,0,0,0,0,0,0,0,0,0,0,0,0,0,0,0,0,0,0,0,0,0,0,0,0,0
banana republic,Social | Conversion | TikTok CVR,2026-05-10,19950.0,26215.129999999997,18343.0,0,0,0,0,0,0,0,0,0,0,0,0,0,0,0,0,0,0,0,0,0,0,0,0,0,0,0,0,0,0,0,0,0,0,0,0,0,0,0,0,0,0,0
banana republic,Social | Conversion | TikTok CVR,2026-05-17,14025.0,26197.16,15448.0,0,0,0,0,0,0,0,0,0,0,0,0,0,0,0,0,0,0,0,0,0,0,0,0,1,0,0,0,0,0,0,0,0,0,0,0,0,0,0,0,0,0,1
banana republic,Social | Conversion | TikTok CVR,2026-05-24,6418.43,16476.37,9267.0,0,0,0,0,0,0,0,0,0,0,0,0,0,0,0,0,0,0,0,0,0,0,0,0,1,0,0,0,0,0,0,0,0,0,0,0,0,0,0,0,0,0,1
banana republic,Social | Conversion | TikTok CVR,2026-05-31,5317.34,13259.94,7426.0,0,0,0,0,0,0,0,0,0,0,0,0,0,0,0,0,0,0,0,0,0,0,0,0,0,0,0,0,0,0,0,0,0,0,0,0,0,0,0,0,0,0,0
banana republic,Social | Conversion | TikTok CVR,2026-06-07,3923.2999999999997,6483.0599999999995,5350.0,0,0,0,0,0,0,0,0,0,0,0,0,0,0,0,0,0,0,0,0,0,0,0,0,0,0,0,0,0,0,0,0,0,0,0,0,0,0,0,0,0,0,0
banana republic,Social | Conversion | TikTok CVR,2026-06-14,4200.98,5405.87,5837.0,0,0,0,0,0,0,0,0,0,0,0,0,0,0,0,0,0,0,0,0,0,0,0,0,0,0,0,0,0,0,0,0,0,0,0,0,0,0,0,0,0,0,0
banana republic,Social | Conversion | TikTok CVR,2026-06-21,3387.42,9926.27,5466.0,0,0,0,0,0,0,0,0,0,0,0,0,0,0,0,0,0,0,0,0,0,0,0,0,0,1,0,0,0,0,0,0,0,0,0,0,0,0,0,0,1,0,0
banana republic,Social | Conversion | TikTok CVR,2026-07-05,2380.77,6552.849999999999,4861.0,0,0,0,0,0,0,0,0,0,0,0,0,0,0,0,0,0,0,0,0,0,0,0,0,0,0,2,1,0,0,0,0,0,0,0,0,0,0,0,0,2,0,0
banana republic,Social | Conversion | TikTok CVR,2026-07-12,2286.96,5554.43,5045.0,0,0,0,0,0,0,0,0,0,0,0,0,0,0,0,0,0,0,0,0,0,0,0,0,0,0,0,2,0,0,0,0,0,0,0,0,0,0,0,0,2,0,0
banana republic,Social | Conversion | TikTok CVR,2026-07-19,2519.2,8791.02,6667.0,0,0,0,0,0,0,0,0,0,0,0,0,0,0,0,0,0,0,0,0,0,0,0,0,0,0,0,1,2,0,0,0,0,0,0,0,0,0,0,0,2,0,0
banana republic,Social | Conversion | TikTok CVR,2026-07-26,2900.3199999999997,13539.08,8150.0,0,0,0,0,0,0,0,0,0,0,0,0,0,0,0,0,0,0,0,0,0,1,0,0,0,0,0,0,1,0,0,0,0,0,0,0,0,0,0,0,1,0,1
banana republic,Social | Conversion | TikTok CVR,2026-08-02,2314.93,6205.84,5995.0,0,0,0,0,0,0,0,0,0,0,0,0,0,0,0,0,0,0,0,0,0,0,0,0,0,0,0,0,0,0,0,0,0,0,0,0,0,0,0,0,0,0,0
banana republic,Social | Conversion | TikTok CVR,2026-08-09,2389.09,4253.08,5370.0,0,0,0,0,0,0,0,0,0,0,0,0,0,0,0,0,0,0,0,0,0,0,0,0,0,0,0,0,0,0,0,0,0,0,0,0,0,0,0,0,0,0,0
banana republic,Social | Conversion | TikTok CVR,2026-08-16,2943.04,4655.98,5989.0,0,0,0,0,0,0,0,0,0,0,0,0,0,0,0,0,0,0,0,0,0,0,0,0,0,0,0,0,0,0,0,0,0,0,0,0,0,0,0,0,0,0,0
banana republic canada,Affiliates | Consideration | Aff Content,2025-05-04,402.61,4122.61,5092.0,0,0,0,0,0,0,0,0,0,0,0,0,0,0,0,0,0,0,0,0,0,0,0,0,0,0,0,0,0,0,0,0,0,0,0,0,0,0,0,0,0,0,0
banana republic canada,Affiliates | Consideration | Aff Content,2025-05-11,741.61,9046.07,5289.0,0,0,0,0,0,0,0,0,0,0,0,0,0,0,0,0,0,0,0,0,0,0,0,1,0,0,0,0,0,0,0,0,0,0,0,0,0,0,0,0,0,0,1
banana republic canada,Affiliates | Consideration | Aff Content,2025-05-18,635.95,6377.4,5605.0,0,0,0,0,0,0,0,0,0,0,0,0,0,0,0,0,0,0,0,0,0,0,0,1,0,0,0,0,0,0,0,0,0,0,0,0,0,0,0,0,0,0,1
banana republic canada,Affiliates | Consideration | Aff Content,2025-05-25,359.24,6630.48,3114.0,0,0,0,0,0,0,0,0,0,0,0,0,0,0,0,0,0,0,0,0,0,0,0,0,0,0,0,0,0,0,0,0,0,0,0,0,0,0,0,0,0,0,0
banana republic canada,Affiliates | Consideration | Aff Content,2025-06-01,433.35,5931.76,3459.0,0,0,0,0,0,0,0,0,0,0,0,0,0,0,0,0,0,0,0,0,0,0,0,0,0,0,0,0,0,0,0,0,0,0,0,0,0,0,0,0,0,0,0
banana republic canada,Affiliates | Consideration | Aff Content,2025-06-08,444.04,4871.9,3214.0,0,0,0,0,0,0,0,0,0,0,0,0,0,0,0,0,0,0,0,0,0,0,0,0,0,0,0,0,0,0,0,0,0,0,0,0,0,0,0,0,0,0,0
banana republic canada,Affiliates | Consideration | Aff Content,2025-06-15,329.25,4481.7300000000005,5132.0,0,0,0,0,0,0,0,0,0,0,0,0,0,0,0,0,0,0,0,0,0,0,0,0,0,0,0,0,0,0,0,0,0,0,0,0,0,0,0,0,0,0,0
banana republic canada,Affiliates | Consideration | Aff Content,2025-06-22,466.75,6289.16,3777.0,0,0,0,0,0,0,0,0,0,0,0,0,0,0,0,0,0,0,0,0,0,0,0,0,0,1,0,0,0,0,0,0,0,0,0,0,0,0,0,0,1,0,0
banana republic canada,Affiliates | Consideration | Aff Content,2025-06-29,292.23,3855.96,2226.0,0,0,0,0,0,0,0,0,0,0,0,0,0,0,0,0,0,0,0,0,0,0,0,0,0,1,2,0,0,0,0,0,0,0,0,0,0,0,0,0,2,0,0
banana republic canada,Affiliates | Consideration | Aff Content,2025-07-06,157.45,2607.45,2106.0,0,0,0,0,0,0,0,0,0,0,0,0,0,0,0,0,0,0,0,0,0,0,0,0,0,0,2,1,0,0,0,0,0,0,0,0,0,0,0,0,2,0,0
banana republic canada,Affiliates | Consideration | Aff Content,2025-07-13,394.15,5072.59,2355.0,0,0,0,0,0,0,0,0,0,0,0,0,0,0,0,0,0,0,0,0,0,0,0,0,0,0,0,2,0,0,0,0,0,0,0,0,0,0,0,0,2,0,0
banana republic canada,Affiliates | Consideration | Aff Content,2025-07-20,276.72,3583.92,2234.0,0,0,0,0,0,0,0,0,0,0,0,0,0,0,0,0,0,0,0,0,0,0,0,0,0,0,0,1,2,0,0,0,0,0,0,0,0,0,0,0,2,0,0
banana republic canada,Affiliates | Consideration | Aff Content,2025-07-27,252.98,2597.67,1857.0,0,0,0,0,0,0,0,0,0,0,0,0,0,0,0,0,0,0,0,0,0,0,0,0,0,0,0,0,2,0,0,0,0,0,0,0,0,0,0,0,2,0,0
banana republic canada,Affiliates | Consideration | Aff Content,2025-08-03,48.97,1567.9099999999999,1089.0,0,0,0,0,0,0,0,0,0,0,0,0,0,0,0,0,0,0,0,0,0,0,0,0,0,0,0,0,1,0,0,0,0,0,0,0,0,0,0,0,1,0,0
banana republic canada,Affiliates | Consideration | Aff Content,2025-08-10,259.12,1670.03,2031.0,0,0,0,0,0,0,0,0,0,0,0,0,0,0,0,0,0,0,0,0,0,0,0,0,0,0,0,0,0,0,0,0,0,0,0,0,0,0,0,0,0,0,0
banana republic canada,Affiliates | Consideration | Aff Content,2025-08-17,634.53,5288.45,3594.0,0,0,0,0,0,0,0,0,0,0,0,0,0,0,0,0,0,0,0,0,0,0,0,0,0,0,0,0,0,0,0,0,0,0,0,0,0,0,0,0,0,0,0
banana republic canada,Affiliates | Consideration | Aff Content,2025-08-24,382.88,3628.45,3069.0,0,0,0,0,0,0,0,0,0,0,0,0,0,0,0,0,0,0,0,0,0,0,0,0,0,0,0,0,0,0,0,0,0,0,0,1,0,1,0,0,0,0,0
banana republic canada,Affiliates | Consideration | Aff Content,2025-08-31,216.31,2893.32,2077.0,0,0,0,0,0,0,0,0,0,0,0,0,0,0,0,0,0,0,0,0,0,0,0,0,0,0,0,0,0,0,0,0,0,0,0,1,0,1,0,0,0,0,0
banana republic canada,Affiliates | Consideration | Aff Content,2025-09-07,2804.4500000000003,18086.760000000002,5248.0,0,1,0,0,0,0,0,0,0,0,0,0,0,0,0,0,0,0,0,0,0,0,0,0,0,0,0,0,0,0,0,0,0,0,0,0,0,0,1,0,0,0,0
banana republic canada,Affiliates | Consideration | Aff Content,2025-09-14,1059.05,8334.130000000001,2646.0,0,2,0,0,0,0,0,0,0,0,0,0,0,0,0,0,0,0,0,0,0,0,0,0,0,0,0,0,0,0,0,0,0,0,0,0,0,0,2,0,0,0,0
banana republic canada,Affiliates | Consideration | Aff Content,2025-09-21,285.36,6125.71,2559.0,0,1,0,0,0,0,0,0,0,0,0,0,0,0,0,0,0,0,0,0,0,0,0,0,0,0,0,0,0,0,0,0,0,0,0,0,0,0,1,0,0,0,0
banana republic canada,Affiliates | Consideration | Aff Content,2025-09-28,869.67,6302.87,1212.0,0,0,0,0,0,0,0,0,0,0,0,0,0,0,0,0,0,0,0,0,0,0,0,0,0,0,0,0,0,0,0,0,0,0,0,0,0,0,0,0,0,0,0
banana republic canada,Affiliates | Consideration | Aff Content,2025-10-05,271.06,3117.17,1047.0,0,0,0,0,0,0,0,0,0,0,0,0,0,0,0,0,0,0,0,0,0,0,0,0,0,0,0,0,0,0,0,0,0,0,0,0,0,0,0,0,0,0,0
banana republic canada,Affiliates | Consideration | Aff Content,2025-10-12,224.44,1541.95,1286.0,0,0,0,0,0,0,0,0,0,0,0,0,0,0,0,0,0,0,0,0,0,0,0,0,0,0,0,0,0,0,0,0,0,0,0,0,0,0,0,0,0,0,0
banana republic canada,Affiliates | Consideration | Aff Content,2025-10-19,197.21,1912.07,1525.0,0,0,0,0,0,0,0,0,0,0,0,0,0,0,0,0,0,0,0,0,0,0,0,0,0,0,0,0,0,0,0,0,0,0,0,0,0,0,0,0,0,0,0
banana republic canada,Affiliates | Consideration | Aff Content,2025-10-26,303.37,1473.75,1826.0,0,0,0,0,0,0,0,0,0,0,0,0,0,0,0,0,0,0,0,0,0,0,0,0,0,0,0,0,0,0,0,0,0,0,0,0,0,0,0,0,0,0,0
banana republic canada,Affiliates | Consideration | Aff Content,2025-11-02,1913.9299999999998,19431.33,6808.0,0,0,0,0,0,0,0,0,0,0,0,0,0,0,2,0,0,0,0,0,0,0,0,0,0,0,0,0,0,0,0,0,0,0,0,0,0,0,2,0,0,0,0
banana republic canada,Affiliates | Consideration | Aff Content,2025-11-09,432.14,6360.45,2937.0,0,0,0,0,0,0,0,0,0,0,0,0,0,0,1,0,0,0,0,0,0,0,0,0,0,0,0,0,0,0,0,0,0,0,0,0,0,0,1,0,0,0,0
banana republic canada,Affiliates | Consideration | Aff Content,2025-11-16,303.19,4400.93,2208.0,0,0,0,0,0,0,0,0,0,0,0,0,0,0,0,0,0,0,0,0,0,0,0,0,0,0,0,0,0,0,0,0,0,0,0,0,0,0,0,0,0,0,0
banana republic canada,Affiliates | Consideration | Aff Content,2025-11-23,2575.71,29120.62,12531.0,0,0,0,0,0,0,0,0,0,0,0,0,0,0,0,0,0,0,0,0,0,0,0,0,0,0,0,0,0,2,0,0,0,0,0,0,0,0,2,0,0,0,0
banana republic canada,Affiliates | Consideration | Aff Content,2025-11-30,828.52,11217.43,3290.0,0,0,0,0,0,0,0,0,0,0,0,0,0,0,0,0,0,2,0,0,0,0,0,0,0,0,0,0,0,0,0,0,0,0,0,0,0,0,2,0,0,0,0
banana republic canada,Affiliates | Consideration | Aff Content,2025-12-07,531.55,5308.36,3724.0,0,0,0,0,0,0,0,0,0,0,0,0,0,0,0,0,0,0,0,0,0,0,0,0,0,0,0,0,0,0,2,0,0,0,0,0,0,0,2,0,0,0,0
banana republic canada,Affiliates | Consideration | Aff Content,2025-12-14,189.37,2253.06,1230.0,0,0,0,0,0,0,0,0,0,0,0,0,0,0,0,0,0,0,0,0,0,0,0,0,0,0,0,0,0,0,1,0,0,0,0,0,2,2,1,0,0,0,0
banana republic canada,Affiliates | Consideration | Aff Content,2025-12-21,257.56,2224.82,1411.0,0,0,0,0,0,0,0,0,0,0,0,0,0,0,0,0,0,0,0,0,0,0,0,0,0,0,0,0,0,0,0,1,0,0,0,0,2,2,0,0,1,0,0
banana republic canada,Affiliates | Consideration | Aff Content,2025-12-28,136.05,1488.55,1509.0,0,0,0,0,0,0,0,0,0,0,0,0,0,0,0,0,0,0,0,0,0,0,0,0,0,0,0,0,0,0,0,2,0,0,0,0,0,0,0,0,2,0,0
banana republic canada,Affiliates | Consideration | Aff Content,2026-01-04,664.74,1112.5900000000001,1926.0,0,0,0,0,0,0,0,0,0,0,0,0,0,0,0,0,0,0,0,0,0,0,0,0,0,0,0,0,0,0,0,1,2,0,0,0,0,0,0,0,2,0,0
banana republic canada,Affiliates | Consideration | Aff Content,2026-01-11,297.28,3914.4400000000005,2741.0,0,0,0,0,0,0,0,0,0,0,0,0,0,0,0,0,0,0,0,0,0,0,0,0,0,0,0,0,0,0,0,0,1,2,0,0,0,0,0,0,2,0,0
banana republic canada,Affiliates | Consideration | Aff Content,2026-01-18,507.09000000000003,6322.6900000000005,3919.0,0,0,0,0,0,0,0,0,0,0,0,0,0,0,0,0,0,0,0,0,0,0,0,0,0,0,0,0,0,0,0,0,0,2,0,0,0,0,0,0,2,0,0
banana republic canada,Affiliates | Consideration | Aff Content,2026-01-25,217.32999999999998,3334.61,1123.0,0,0,0,0,0,0,0,0,0,0,0,0,0,0,0,0,0,0,0,0,0,0,0,0,0,0,0,0,0,0,0,0,0,0,0,0,0,0,0,0,0,0,0
banana republic canada,Affiliates | Consideration | Aff Content,2026-02-01,912.24,1249.39,2094.0,0,0,0,0,0,0,0,0,0,0,0,0,0,0,0,0,0,0,0,0,0,0,0,0,0,0,0,0,0,0,0,0,0,0,0,0,0,0,0,0,0,0,0
banana republic canada,Affiliates | Consideration | Aff Content,2026-02-08,1007.98,2375.29,4059.0,0,0,0,0,0,0,0,0,0,0,0,0,0,0,0,0,0,0,0,0,0,0,0,0,0,0,0,0,0,0,0,0,0,0,0,0,0,0,0,0,0,0,0
banana republic canada,Affiliates | Consideration | Aff Content,2026-02-15,1116.65,2202.83,3727.0,0,0,0,0,0,0,0,0,0,0,0,0,0,0,0,0,0,0,0,0,0,0,0,0,0,0,0,0,0,0,0,0,0,0,0,0,0,0,0,0,0,0,0
banana republic canada,Affiliates | Consideration | Aff Content,2026-02-22,1276.42,3806.14,4362.0,0,0,0,0,0,0,0,0,0,0,0,0,0,0,0,0,0,0,0,0,0,0,0,0,0,0,0,0,0,0,0,0,0,0,0,0,0,0,0,0,0,0,0
banana republic canada,Affiliates | Consideration | Aff Content,2026-03-01,552.52,2131.58,2230.0,0,0,0,0,0,0,0,0,0,0,0,0,0,0,0,0,0,0,0,0,0,0,0,0,0,0,0,0,0,0,0,0,0,0,0,0,0,0,0,0,0,0,0
banana republic canada,Affiliates | Consideration | Aff Content,2026-03-08,2035.9,13342.78,4729.0,0,1,0,0,0,0,0,0,0,0,0,0,0,0,0,0,0,0,0,0,0,0,0,0,0,0,0,0,0,0,0,0,0,0,0,0,0,0,1,0,0,0,0
banana republic canada,Affiliates | Consideration | Aff Content,2026-03-15,1288.6100000000001,13130.14,6989.0,0,2,0,0,0,0,0,0,0,0,0,0,0,0,0,0,0,0,0,0,0,0,0,0,0,0,0,0,0,0,0,0,0,0,0,0,0,0,2,0,0,0,0
banana republic canada,Affiliates | Consideration | Aff Content,2026-03-22,1031.33,8002.41,6789.0,0,1,0,0,0,0,0,0,0,0,0,0,0,0,0,0,0,0,0,0,0,0,0,0,0,0,0,0,0,0,0,0,0,0,0,0,0,0,1,0,0,0,0
banana republic canada,Affiliates | Consideration | Aff Content,2026-03-29,623.71,3515.52,2161.0,0,0,0,0,0,0,0,0,0,0,0,0,0,0,0,0,0,0,0,0,0,0,0,0,0,0,0,0,0,0,0,0,0,0,1,0,0,0,0,0,0,0,1
banana republic canada,Affiliates | Consideration | Aff Content,2026-04-05,117.57,1635.54,870.0,0,0,0,0,0,0,0,0,0,0,0,0,0,0,0,0,0,0,0,0,0,0,0,0,0,0,0,0,0,0,0,0,0,0,1,0,0,0,0,0,0,0,1
banana republic canada,Affiliates | Consideration | Aff Content,2026-04-12,373.62000000000006,2892.68,1891.0,0,0,0,0,0,0,0,0,0,0,0,0,0,0,0,0,0,0,0,0,0,0,0,0,0,0,0,0,0,0,0,0,0,0,0,0,0,0,0,0,0,0,0
banana republic canada,Affiliates | Consideration | Aff Content,2026-04-19,974.91,8786.13,7611.0,0,0,0,0,0,0,0,0,0,0,0,0,0,0,0,0,0,0,0,0,0,0,0,0,0,0,0,0,0,0,0,0,0,0,0,0,0,0,0,0,0,0,0
banana republic canada,Affiliates | Consideration | Aff Content,2026-04-26,383.68,3405.7599999999998,2651.0,0,0,0,0,0,0,0,0,0,0,0,0,0,0,0,0,0,0,0,0,0,0,0,0,0,0,0,0,0,0,0,0,0,0,0,0,0,0,0,0,0,0,0
banana republic canada,Affiliates | Consideration | Aff Content,2026-05-03,549.09,5538.12,1302.0,0,0,0,0,0,0,0,0,0,0,0,0,0,0,0,0,0,0,0,0,0,0,0,0,0,0,0,0,0,0,0,0,0,0,0,0,0,0,0,0,0,0,0
banana republic canada,Affiliates | Consideration | Aff Content,2026-05-10,1019.5600000000001,7374.620000000001,1997.0,0,0,0,0,0,0,0,0,0,0,0,0,0,0,0,0,0,0,0,0,0,0,0,1,0,0,0,0,0,0,0,0,0,0,0,0,0,0,0,0,0,0,1
banana republic canada,Affiliates | Consideration | Aff Content,2026-05-17,360.25,3398.88,1525.0,0,0,0,0,0,0,0,0,0,0,0,0,0,0,0,0,0,0,0,0,0,0,0,1,0,0,0,0,0,0,0,0,0,0,0,0,0,0,0,0,0,0,1
banana republic canada,Affiliates | Consideration | Aff Content,2026-05-24,380.59999999999997,3068.6099999999997,2025.0,0,0,0,0,0,0,0,0,0,0,0,0,0,0,0,0,0,0,0,0,0,0,0,0,0,0,0,0,0,0,0,0,0,0,0,0,0,0,0,0,0,0,0
banana republic canada,Affiliates | Consideration | Aff Content,2026-05-31,671.2,5598.99,2493.0,0,0,0,0,0,0,0,0,0,0,0,0,0,0,0,0,0,0,0,0,0,0,0,0,0,0,0,0,0,0,0,0,0,0,0,0,0,0,0,0,0,0,0
banana republic canada,Affiliates | Consideration | Aff Content,2026-06-07,658.65,3890.51,2099.0,0,0,0,0,0,0,0,0,0,0,0,0,0,0,0,0,0,0,0,0,0,0,0,0,0,0,0,0,0,0,0,0,0,0,0,0,0,0,0,0,0,0,0
banana republic canada,Affiliates | Consideration | Aff Content,2026-06-14,572.01,2968.41,2525.0,0,0,0,0,0,0,0,0,0,0,0,0,0,0,0,0,0,0,0,0,0,0,0,0,0,0,0,0,0,0,0,0,0,0,0,0,0,0,0,0,0,0,0
banana republic canada,Affiliates | Consideration | Aff Content,2026-06-21,798.06,5587.11,2022.0,0,0,0,0,0,0,0,0,0,0,0,0,0,0,0,0,0,0,0,0,0,0,0,0,0,1,0,0,0,0,0,0,0,0,0,0,0,0,0,0,1,0,0
banana republic canada,Affiliates | Consideration | Aff Content,2026-06-28,626.83,3415.73,2749.0,0,0,0,0,0,0,0,0,0,0,0,0,0,0,0,0,0,0,0,0,0,0,0,0,0,1,2,0,0,0,0,0,0,0,0,0,0,0,0,0,2,0,0
banana republic canada,Affiliates | Consideration | Aff Content,2026-07-05,944.14,3059.84,2172.0,0,0,0,0,0,0,0,0,0,0,0,0,0,0,0,0,0,0,0,0,0,0,0,0,0,0,2,1,0,0,0,0,0,0,0,0,0,0,0,0,2,0,0
banana republic canada,Affiliates | Consideration | Aff Content,2026-07-12,929.58,2747.2200000000003,1503.0,0,0,0,0,0,0,0,0,0,0,0,0,0,0,0,0,0,0,0,0,0,0,0,0,0,0,0,2,0,0,0,0,0,0,0,0,0,0,0,0,2,0,0
banana republic canada,Affiliates | Consideration | Aff Content,2026-07-19,1025.15,4594.860000000001,2011.0,0,0,0,0,0,0,0,0,0,0,0,0,0,0,0,0,0,0,0,0,0,0,0,0,0,0,0,1,2,0,0,0,0,0,0,0,0,0,0,0,2,0,0
banana republic canada,Affiliates | Consideration | Aff Content,2026-07-26,1147.99,5742.76,3589.0,0,0,0,0,0,0,0,0,0,0,0,0,0,0,0,0,0,0,0,0,0,1,0,0,0,0,0,0,1,0,0,0,0,0,0,0,0,0,0,0,1,0,1
banana republic canada,Affiliates | Consideration | Aff Content,2026-08-02,1129.38,1765.96,2509.0,0,0,0,0,0,0,0,0,0,0,0,0,0,0,0,0,0,0,0,0,0,0,0,0,0,0,0,0,0,0,0,0,0,0,0,0,0,0,0,0,0,0,0
banana republic canada,Affiliates | Consideration | Aff Content,2026-08-09,1225.64,2996.8,3795.0,0,0,0,0,0,0,0,0,0,0,0,0,0,0,0,0,0,0,0,0,0,0,0,0,0,0,0,0,0,0,0,0,0,0,0,0,0,0,0,0,0,0,0
banana republic canada,Affiliates | Consideration | Aff Content,2026-08-16,1225.47,2521.92,1791.0,0,0,0,0,0,0,0,0,0,0,0,0,0,0,0,0,0,0,0,0,0,0,0,0,0,0,0,0,0,0,0,0,0,0,0,0,0,0,0,0,0,0,0
banana republic canada,Affiliates | Conversion | Aff Coupon,2025-05-04,1205.07,65914.65,3682.0,0,0,0,0,0,0,0,0,0,0,0,0,0,0,0,0,0,0,0,0,0,0,0,0,0,0,0,0,0,0,0,0,0,0,0,0,0,0,0,0,0,0,0
banana republic canada,Affiliates | Conversion | Aff Coupon,2025-05-11,2120.67,81667.93,2899.0,0,0,0,0,0,0,0,0,0,0,0,0,0,0,0,0,0,0,0,0,0,0,0,1,0,0,0,0,0,0,0,0,0,0,0,0,0,0,0,0,0,0,1
banana republic canada,Affiliates | Conversion | Aff Coupon,2025-05-18,1980.34,65288.130000000005,2523.0,0,0,0,0,0,0,0,0,0,0,0,0,0,0,0,0,0,0,0,0,0,0,0,1,0,0,0,0,0,0,0,0,0,0,0,0,0,0,0,0,0,0,1
banana republic canada,Affiliates | Conversion | Aff Coupon,2025-05-25,2181.03,60347.32,4636.0,0,0,0,0,0,0,0,0,0,0,0,0,0,0,0,0,0,0,0,0,0,0,0,0,0,0,0,0,0,0,0,0,0,0,0,0,0,0,0,0,0,0,0
banana republic canada,Affiliates | Conversion | Aff Coupon,2025-06-01,1756.45,55036.5,5003.0,0,0,0,0,0,0,0,0,0,0,0,0,0,0,0,0,0,0,0,0,0,0,0,0,0,0,0,0,0,0,0,0,0,0,0,0,0,0,0,0,0,0,0
banana republic canada,Affiliates | Conversion | Aff Coupon,2025-06-08,1306.74,44166.97,2171.0,0,0,0,0,0,0,0,0,0,0,0,0,0,0,0,0,0,0,0,0,0,0,0,0,0,0,0,0,0,0,0,0,0,0,0,0,0,0,0,0,0,0,0
banana republic canada,Affiliates | Conversion | Aff Coupon,2025-06-15,1282.85,44805.229999999996,2093.0,0,0,0,0,0,0,0,0,0,0,0,0,0,0,0,0,0,0,0,0,0,0,0,0,0,0,0,0,0,0,0,0,0,0,0,0,0,0,0,0,0,0,0
banana republic canada,Affiliates | Conversion | Aff Coupon,2025-06-22,1443.74,48730.31,2034.0,0,0,0,0,0,0,0,0,0,0,0,0,0,0,0,0,0,0,0,0,0,0,0,0,0,1,0,0,0,0,0,0,0,0,0,0,0,0,0,0,1,0,0
banana republic canada,Affiliates | Conversion | Aff Coupon,2025-06-29,1045.64,39729.26,1931.0,0,0,0,0,0,0,0,0,0,0,0,0,0,0,0,0,0,0,0,0,0,0,0,0,0,1,2,0,0,0,0,0,0,0,0,0,0,0,0,0,2,0,0
banana republic canada,Affiliates | Conversion | Aff Coupon,2025-07-06,1174.31,40572.770000000004,3726.0,0,0,0,0,0,0,0,0,0,0,0,0,0,0,0,0,0,0,0,0,0,0,0,0,0,0,2,1,0,0,0,0,0,0,0,0,0,0,0,0,2,0,0
banana republic canada,Affiliates | Conversion | Aff Coupon,2025-07-13,1305.28,48065.44,2631.0,0,0,0,0,0,0,0,0,0,0,0,0,0,0,0,0,0,0,0,0,0,0,0,0,0,0,0,2,0,0,0,0,0,0,0,0,0,0,0,0,2,0,0
banana republic canada,Affiliates | Conversion | Aff Coupon,2025-07-20,1262.33,46916.44,1881.0,0,0,0,0,0,0,0,0,0,0,0,0,0,0,0,0,0,0,0,0,0,0,0,0,0,0,0,1,2,0,0,0,0,0,0,0,0,0,0,0,2,0,0
banana republic canada,Affiliates | Conversion | Aff Coupon,2025-07-27,918.5,32295.34,3267.0,0,0,0,0,0,0,0,0,0,0,0,0,0,0,0,0,0,0,0,0,0,0,0,0,0,0,0,0,2,0,0,0,0,0,0,0,0,0,0,0,2,0,0
banana republic canada,Affiliates | Conversion | Aff Coupon,2025-08-03,907.54,32144.879999999997,1850.0,0,0,0,0,0,0,0,0,0,0,0,0,0,0,0,0,0,0,0,0,0,0,0,0,0,0,0,0,1,0,0,0,0,0,0,0,0,0,0,0,1,0,0
banana republic canada,Affiliates | Conversion | Aff Coupon,2025-08-10,972.08,31144.33,1924.0,0,0,0,0,0,0,0,0,0,0,0,0,0,0,0,0,0,0,0,0,0,0,0,0,0,0,0,0,0,0,0,0,0,0,0,0,0,0,0,0,0,0,0
banana republic canada,Affiliates | Conversion | Aff Coupon,2025-08-17,1376.59,43874.76,2205.0,0,0,0,0,0,0,0,0,0,0,0,0,0,0,0,0,0,0,0,0,0,0,0,0,0,0,0,0,0,0,0,0,0,0,0,0,0,0,0,0,0,0,0
banana republic canada,Affiliates | Conversion | Aff Coupon,2025-08-24,1638.26,45354.5,3914.0,0,0,0,0,0,0,0,0,0,0,0,0,0,0,0,0,0,0,0,0,0,0,0,0,0,0,0,0,0,0,0,0,0,0,0,1,0,1,0,0,0,0,0
banana republic canada,Affiliates | Conversion | Aff Coupon,2025-08-31,1486.24,49406.7,7013.0,0,0,0,0,0,0,0,0,0,0,0,0,0,0,0,0,0,0,0,0,0,0,0,0,0,0,0,0,0,0,0,0,0,0,0,1,0,1,0,0,0,0,0
banana republic canada,Affiliates | Conversion | Aff Coupon,2025-09-07,2804.67,106013.70999999999,8765.0,0,1,0,0,0,0,0,0,0,0,0,0,0,0,0,0,0,0,0,0,0,0,0,0,0,0,0,0,0,0,0,0,0,0,0,0,0,0,1,0,0,0,0
banana republic canada,Affiliates | Conversion | Aff Coupon,2025-09-14,3232.9500000000003,119194.19,8225.0,0,2,0,0,0,0,0,0,0,0,0,0,0,0,0,0,0,0,0,0,0,0,0,0,0,0,0,0,0,0,0,0,0,0,0,0,0,0,2,0,0,0,0
banana republic canada,Affiliates | Conversion | Aff Coupon,2025-09-21,1616.24,66770.18,8635.0,0,1,0,0,0,0,0,0,0,0,0,0,0,0,0,0,0,0,0,0,0,0,0,0,0,0,0,0,0,0,0,0,0,0,0,0,0,0,1,0,0,0,0
banana republic canada,Affiliates | Conversion | Aff Coupon,2025-09-28,1176.46,53687.91,8811.0,0,0,0,0,0,0,0,0,0,0,0,0,0,0,0,0,0,0,0,0,0,0,0,0,0,0,0,0,0,0,0,0,0,0,0,0,0,0,0,0,0,0,0
banana republic canada,Affiliates | Conversion | Aff Coupon,2025-10-05,1333.8700000000001,53724.73,8819.0,0,0,0,0,0,0,0,0,0,0,0,0,0,0,0,0,0,0,0,0,0,0,0,0,0,0,0,0,0,0,0,0,0,0,0,0,0,0,0,0,0,0,0
banana republic canada,Affiliates | Conversion | Aff Coupon,2025-10-12,1323.84,52288.54,7199.0,0,0,0,0,0,0,0,0,0,0,0,0,0,0,0,0,0,0,0,0,0,0,0,0,0,0,0,0,0,0,0,0,0,0,0,0,0,0,0,0,0,0,0
banana republic canada,Affiliates | Conversion | Aff Coupon,2025-10-19,1565.8899999999999,59195.08,2387.0,0,0,0,0,0,0,0,0,0,0,0,0,0,0,0,0,0,0,0,0,0,0,0,0,0,0,0,0,0,0,0,0,0,0,0,0,0,0,0,0,0,0,0
banana republic canada,Affiliates | Conversion | Aff Coupon,2025-10-26,1184.65,36806.62,2850.0,0,0,0,0,0,0,0,0,0,0,0,0,0,0,0,0,0,0,0,0,0,0,0,0,0,0,0,0,0,0,0,0,0,0,0,0,0,0,0,0,0,0,0
banana republic canada,Affiliates | Conversion | Aff Coupon,2025-11-02,2824.05,91877.79,3372.0,0,0,0,0,0,0,0,0,0,0,0,0,0,0,2,0,0,0,0,0,0,0,0,0,0,0,0,0,0,0,0,0,0,0,0,0,0,0,2,0,0,0,0
banana republic canada,Affiliates | Conversion | Aff Coupon,2025-11-09,1808.2,60950.47,2698.0,0,0,0,0,0,0,0,0,0,0,0,0,0,0,1,0,0,0,0,0,0,0,0,0,0,0,0,0,0,0,0,0,0,0,0,0,0,0,1,0,0,0,0
banana republic canada,Affiliates | Conversion | Aff Coupon,2025-11-16,1761.8600000000001,55005.130000000005,2347.0,0,0,0,0,0,0,0,0,0,0,0,0,0,0,0,0,0,0,0,0,0,0,0,0,0,0,0,0,0,0,0,0,0,0,0,0,0,0,0,0,0,0,0
banana republic canada,Affiliates | Conversion | Aff Coupon,2025-11-23,4997.02,150306.55,6353.0,0,0,0,0,0,0,0,0,0,0,0,0,0,0,0,0,0,0,0,0,0,0,0,0,0,0,0,0,0,2,0,0,0,0,0,0,0,0,2,0,0,0,0
banana republic canada,Affiliates | Conversion | Aff Coupon,2025-11-30,2831.75,85117.27,4244.0,0,0,0,0,0,0,0,0,0,0,0,0,0,0,0,0,0,2,0,0,0,0,0,0,0,0,0,0,0,0,0,0,0,0,0,0,0,0,2,0,0,0,0
banana republic canada,Affiliates | Conversion | Aff Coupon,2025-12-07,1397.31,44830.15,1989.0,0,0,0,0,0,0,0,0,0,0,0,0,0,0,0,0,0,0,0,0,0,0,0,0,0,0,0,0,0,0,2,0,0,0,0,0,0,0,2,0,0,0,0
banana republic canada,Affiliates | Conversion | Aff Coupon,2025-12-14,1019.57,30197.71,1879.0,0,0,0,0,0,0,0,0,0,0,0,0,0,0,0,0,0,0,0,0,0,0,0,0,0,0,0,0,0,0,1,0,0,0,0,0,2,2,1,0,0,0,0
banana republic canada,Affiliates | Conversion | Aff Coupon,2025-12-21,1649.8799999999999,45862.44,2795.0,0,0,0,0,0,0,0,0,0,0,0,0,0,0,0,0,0,0,0,0,0,0,0,0,0,0,0,0,0,0,0,1,0,0,0,0,2,2,0,0,1,0,0
banana republic canada,Affiliates | Conversion | Aff Coupon,2025-12-28,1151.48,31963.739999999998,2228.0,0,0,0,0,0,0,0,0,0,0,0,0,0,0,0,0,0,0,0,0,0,0,0,0,0,0,0,0,0,0,0,2,0,0,0,0,0,0,0,0,2,0,0
banana republic canada,Affiliates | Conversion | Aff Coupon,2026-01-04,2266.97,25376.46,1344.0,0,0,0,0,0,0,0,0,0,0,0,0,0,0,0,0,0,0,0,0,0,0,0,0,0,0,0,0,0,0,0,1,2,0,0,0,0,0,0,0,2,0,0
banana republic canada,Affiliates | Conversion | Aff Coupon,2026-01-11,865.61,33966.490000000005,2755.0,0,0,0,0,0,0,0,0,0,0,0,0,0,0,0,0,0,0,0,0,0,0,0,0,0,0,0,0,0,0,0,0,1,2,0,0,0,0,0,0,2,0,0
banana republic canada,Affiliates | Conversion | Aff Coupon,2026-01-18,874.5,39234.54,1821.0,0,0,0,0,0,0,0,0,0,0,0,0,0,0,0,0,0,0,0,0,0,0,0,0,0,0,0,0,0,0,0,0,0,2,0,0,0,0,0,0,2,0,0
banana republic canada,Affiliates | Conversion | Aff Coupon,2026-01-25,736.4,26200.99,2273.0,0,0,0,0,0,0,0,0,0,0,0,0,0,0,0,0,0,0,0,0,0,0,0,0,0,0,0,0,0,0,0,0,0,0,0,0,0,0,0,0,0,0,0
banana republic canada,Affiliates | Conversion | Aff Coupon,2026-02-01,658.89,41936.5,1475.0,0,0,0,0,0,0,0,0,0,0,0,0,0,0,0,0,0,0,0,0,0,0,0,0,0,0,0,0,0,0,0,0,0,0,0,0,0,0,0,0,0,0,0
banana republic canada,Affiliates | Conversion | Aff Coupon,2026-02-08,523.27,41185.61,2494.0,0,0,0,0,0,0,0,0,0,0,0,0,0,0,0,0,0,0,0,0,0,0,0,0,0,0,0,0,0,0,0,0,0,0,0,0,0,0,0,0,0,0,0
banana republic canada,Affiliates | Conversion | Aff Coupon,2026-02-15,518.95,36267.9,1710.0,0,0,0,0,0,0,0,0,0,0,0,0,0,0,0,0,0,0,0,0,0,0,0,0,0,0,0,0,0,0,0,0,0,0,0,0,0,0,0,0,0,0,0
banana republic canada,Affiliates | Conversion | Aff Coupon,2026-02-22,478.61,39174.3,2094.0,0,0,0,0,0,0,0,0,0,0,0,0,0,0,0,0,0,0,0,0,0,0,0,0,0,0,0,0,0,0,0,0,0,0,0,0,0,0,0,0,0,0,0
banana republic canada,Affiliates | Conversion | Aff Coupon,2026-03-01,624.29,44081.71,2049.0,0,0,0,0,0,0,0,0,0,0,0,0,0,0,0,0,0,0,0,0,0,0,0,0,0,0,0,0,0,0,0,0,0,0,0,0,0,0,0,0,0,0,0
banana republic canada,Affiliates | Conversion | Aff Coupon,2026-03-08,781.5799999999999,80838.53,2881.0,0,1,0,0,0,0,0,0,0,0,0,0,0,0,0,0,0,0,0,0,0,0,0,0,0,0,0,0,0,0,0,0,0,0,0,0,0,0,1,0,0,0,0
banana republic canada,Affiliates | Conversion | Aff Coupon,2026-03-15,849.67,100898.61,3059.0,0,2,0,0,0,0,0,0,0,0,0,0,0,0,0,0,0,0,0,0,0,0,0,0,0,0,0,0,0,0,0,0,0,0,0,0,0,0,2,0,0,0,0
banana republic canada,Affiliates | Conversion | Aff Coupon,2026-03-22,499.43,49585.83,2244.0,0,1,0,0,0,0,0,0,0,0,0,0,0,0,0,0,0,0,0,0,0,0,0,0,0,0,0,0,0,0,0,0,0,0,0,0,0,0,1,0,0,0,0
banana republic canada,Affiliates | Conversion | Aff Coupon,2026-03-29,388.89,31673.11,1800.0,0,0,0,0,0,0,0,0,0,0,0,0,0,0,0,0,0,0,0,0,0,0,0,0,0,0,0,0,0,0,0,0,0,0,1,0,0,0,0,0,0,0,1
banana republic canada,Affiliates | Conversion | Aff Coupon,2026-04-05,467.6,31004.059999999998,1396.0,0,0,0,0,0,0,0,0,0,0,0,0,0,0,0,0,0,0,0,0,0,0,0,0,0,0,0,0,0,0,0,0,0,0,1,0,0,0,0,0,0,0,1
banana republic canada,Affiliates | Conversion | Aff Coupon,2026-04-12,635.07,41061.41,2674.0,0,0,0,0,0,0,0,0,0,0,0,0,0,0,0,0,0,0,0,0,0,0,0,0,0,0,0,0,0,0,0,0,0,0,0,0,0,0,0,0,0,0,0
banana republic canada,Affiliates | Conversion | Aff Coupon,2026-04-19,636.52,51461.72,2139.0,0,0,0,0,0,0,0,0,0,0,0,0,0,0,0,0,0,0,0,0,0,0,0,0,0,0,0,0,0,0,0,0,0,0,0,0,0,0,0,0,0,0,0
banana republic canada,Affiliates | Conversion | Aff Coupon,2026-04-26,557.88,38147.68,1703.0,0,0,0,0,0,0,0,0,0,0,0,0,0,0,0,0,0,0,0,0,0,0,0,0,0,0,0,0,0,0,0,0,0,0,0,0,0,0,0,0,0,0,0
banana republic canada,Affiliates | Conversion | Aff Coupon,2026-05-03,533.04,33719.61,1574.0,0,0,0,0,0,0,0,0,0,0,0,0,0,0,0,0,0,0,0,0,0,0,0,0,0,0,0,0,0,0,0,0,0,0,0,0,0,0,0,0,0,0,0
banana republic canada,Affiliates | Conversion | Aff Coupon,2026-05-10,621.65,46651.84,1524.0,0,0,0,0,0,0,0,0,0,0,0,0,0,0,0,0,0,0,0,0,0,0,0,1,0,0,0,0,0,0,0,0,0,0,0,0,0,0,0,0,0,0,1
banana republic canada,Affiliates | Conversion | Aff Coupon,2026-05-17,668.52,43400.28,2956.0,0,0,0,0,0,0,0,0,0,0,0,0,0,0,0,0,0,0,0,0,0,0,0,1,0,0,0,0,0,0,0,0,0,0,0,0,0,0,0,0,0,0,1
banana republic canada,Affiliates | Conversion | Aff Coupon,2026-05-24,578.78,38129.68,2211.0,0,0,0,0,0,0,0,0,0,0,0,0,0,0,0,0,0,0,0,0,0,0,0,0,0,0,0,0,0,0,0,0,0,0,0,0,0,0,0,0,0,0,0
banana republic canada,Affiliates | Conversion | Aff Coupon,2026-05-31,656.93,44295.85,3985.0,0,0,0,0,0,0,0,0,0,0,0,0,0,0,0,0,0,0,0,0,0,0,0,0,0,0,0,0,0,0,0,0,0,0,0,0,0,0,0,0,0,0,0
banana republic canada,Affiliates | Conversion | Aff Coupon,2026-06-07,542.1800000000001,41158.21,1917.0,0,0,0,0,0,0,0,0,0,0,0,0,0,0,0,0,0,0,0,0,0,0,0,0,0,0,0,0,0,0,0,0,0,0,0,0,0,0,0,0,0,0,0
banana republic canada,Affiliates | Conversion | Aff Coupon,2026-06-14,554.9,36444.47,3077.0,0,0,0,0,0,0,0,0,0,0,0,0,0,0,0,0,0,0,0,0,0,0,0,0,0,0,0,0,0,0,0,0,0,0,0,0,0,0,0,0,0,0,0
banana republic canada,Affiliates | Conversion | Aff Coupon,2026-06-21,454.70000000000005,37453.44,3391.0,0,0,0,0,0,0,0,0,0,0,0,0,0,0,0,0,0,0,0,0,0,0,0,0,0,1,0,0,0,0,0,0,0,0,0,0,0,0,0,0,1,0,0
banana republic canada,Affiliates | Conversion | Aff Coupon,2026-06-28,434.87,27181.39,2557.0,0,0,0,0,0,0,0,0,0,0,0,0,0,0,0,0,0,0,0,0,0,0,0,0,0,1,2,0,0,0,0,0,0,0,0,0,0,0,0,0,2,0,0
banana republic canada,Affiliates | Conversion | Aff Coupon,2026-07-05,351.3,22203.57,1892.0,0,0,0,0,0,0,0,0,0,0,0,0,0,0,0,0,0,0,0,0,0,0,0,0,0,0,2,1,0,0,0,0,0,0,0,0,0,0,0,0,2,0,0
banana republic canada,Affiliates | Conversion | Aff Coupon,2026-07-12,303.29,26824.32,1375.0,0,0,0,0,0,0,0,0,0,0,0,0,0,0,0,0,0,0,0,0,0,0,0,0,0,0,0,2,0,0,0,0,0,0,0,0,0,0,0,0,2,0,0
banana republic canada,Affiliates | Conversion | Aff Coupon,2026-07-19,460.74,33305.74,2879.0,0,0,0,0,0,0,0,0,0,0,0,0,0,0,0,0,0,0,0,0,0,0,0,0,0,0,0,1,2,0,0,0,0,0,0,0,0,0,0,0,2,0,0
banana republic canada,Affiliates | Conversion | Aff Coupon,2026-07-26,461.15,39569.69,1534.0,0,0,0,0,0,0,0,0,0,0,0,0,0,0,0,0,0,0,0,0,0,1,0,0,0,0,0,0,1,0,0,0,0,0,0,0,0,0,0,0,1,0,1
banana republic canada,Affiliates | Conversion | Aff Coupon,2026-08-02,340.64,23533.09,1181.0,0,0,0,0,0,0,0,0,0,0,0,0,0,0,0,0,0,0,0,0,0,0,0,0,0,0,0,0,0,0,0,0,0,0,0,0,0,0,0,0,0,0,0
banana republic canada,Affiliates | Conversion | Aff Coupon,2026-08-09,321.94,21688.05,1182.0,0,0,0,0,0,0,0,0,0,0,0,0,0,0,0,0,0,0,0,0,0,0,0,0,0,0,0,0,0,0,0,0,0,0,0,0,0,0,0,0,0,0,0
banana republic canada,Affiliates | Conversion | Aff Coupon,2026-08-16,359.12,28762.04,1724.0,0,0,0,0,0,0,0,0,0,0,0,0,0,0,0,0,0,0,0,0,0,0,0,0,0,0,0,0,0,0,0,0,0,0,0,0,0,0,0,0,0,0,0
banana republic canada,Affiliates | Conversion | Aff Loyalty,2025-05-04,2578.53,51341.229999999996,1899.0,0,0,0,0,0,0,0,0,0,0,0,0,0,0,0,0,0,0,0,0,0,0,0,0,0,0,0,0,0,0,0,0,0,0,0,0,0,0,0,0,0,0,0
banana republic canada,Affiliates | Conversion | Aff Loyalty,2025-05-11,5144.4400000000005,115917.14,2794.0,0,0,0,0,0,0,0,0,0,0,0,0,0,0,0,0,0,0,0,0,0,0,0,1,0,0,0,0,0,0,0,0,0,0,0,0,0,0,0,0,0,0,1
banana republic canada,Affiliates | Conversion | Aff Loyalty,2025-05-18,3613.37,76753.58,2385.0,0,0,0,0,0,0,0,0,0,0,0,0,0,0,0,0,0,0,0,0,0,0,0,1,0,0,0,0,0,0,0,0,0,0,0,0,0,0,0,0,0,0,1
banana republic canada,Affiliates | Conversion | Aff Loyalty,2025-05-25,3759.48,75707.08,2273.0,0,0,0,0,0,0,0,0,0,0,0,0,0,0,0,0,0,0,0,0,0,0,0,0,0,0,0,0,0,0,0,0,0,0,0,0,0,0,0,0,0,0,0
banana republic canada,Affiliates | Conversion | Aff Loyalty,2025-06-01,3176.32,65327.479999999996,2506.0,0,0,0,0,0,0,0,0,0,0,0,0,0,0,0,0,0,0,0,0,0,0,0,0,0,0,0,0,0,0,0,0,0,0,0,0,0,0,0,0,0,0,0
banana republic canada,Affiliates | Conversion | Aff Loyalty,2025-06-08,2635.8999999999996,58383.94,1896.0,0,0,0,0,0,0,0,0,0,0,0,0,0,0,0,0,0,0,0,0,0,0,0,0,0,0,0,0,0,0,0,0,0,0,0,0,0,0,0,0,0,0,0
banana republic canada,Affiliates | Conversion | Aff Loyalty,2025-06-15,3474.74,74889.82,2161.0,0,0,0,0,0,0,0,0,0,0,0,0,0,0,0,0,0,0,0,0,0,0,0,0,0,0,0,0,0,0,0,0,0,0,0,0,0,0,0,0,0,0,0
banana republic canada,Affiliates | Conversion | Aff Loyalty,2025-06-22,3486.13,82610.7,2422.0,0,0,0,0,0,0,0,0,0,0,0,0,0,0,0,0,0,0,0,0,0,0,0,0,0,1,0,0,0,0,0,0,0,0,0,0,0,0,0,0,1,0,0
banana republic canada,Affiliates | Conversion | Aff Loyalty,2025-06-29,3536.18,75128.45999999999,2637.0,0,0,0,0,0,0,0,0,0,0,0,0,0,0,0,0,0,0,0,0,0,0,0,0,0,1,2,0,0,0,0,0,0,0,0,0,0,0,0,0,2,0,0
banana republic canada,Affiliates | Conversion | Aff Loyalty,2025-07-06,2870.94,60029.85,2416.0,0,0,0,0,0,0,0,0,0,0,0,0,0,0,0,0,0,0,0,0,0,0,0,0,0,0,2,1,0,0,0,0,0,0,0,0,0,0,0,0,2,0,0
banana republic canada,Affiliates | Conversion | Aff Loyalty,2025-07-13,3399.9,74323.81,2489.0,0,0,0,0,0,0,0,0,0,0,0,0,0,0,0,0,0,0,0,0,0,0,0,0,0,0,0,2,0,0,0,0,0,0,0,0,0,0,0,0,2,0,0
banana republic canada,Affiliates | Conversion | Aff Loyalty,2025-07-20,4110.86,84962.09,2771.0,0,0,0,0,0,0,0,0,0,0,0,0,0,0,0,0,0,0,0,0,0,0,0,0,0,0,0,1,2,0,0,0,0,0,0,0,0,0,0,0,2,0,0
banana republic canada,Affiliates | Conversion | Aff Loyalty,2025-07-27,3376.5899999999997,63649.87,2637.0,0,0,0,0,0,0,0,0,0,0,0,0,0,0,0,0,0,0,0,0,0,0,0,0,0,0,0,0,2,0,0,0,0,0,0,0,0,0,0,0,2,0,0
banana republic canada,Affiliates | Conversion | Aff Loyalty,2025-08-03,1533.55,33810.5,1732.0,0,0,0,0,0,0,0,0,0,0,0,0,0,0,0,0,0,0,0,0,0,0,0,0,0,0,0,0,1,0,0,0,0,0,0,0,0,0,0,0,1,0,0
banana republic canada,Affiliates | Conversion | Aff Loyalty,2025-08-10,1855.12,33959.53,1643.0,0,0,0,0,0,0,0,0,0,0,0,0,0,0,0,0,0,0,0,0,0,0,0,0,0,0,0,0,0,0,0,0,0,0,0,0,0,0,0,0,0,0,0
banana republic canada,Affiliates | Conversion | Aff Loyalty,2025-08-17,2742.22,54781.29,1762.0,0,0,0,0,0,0,0,0,0,0,0,0,0,0,0,0,0,0,0,0,0,0,0,0,0,0,0,0,0,0,0,0,0,0,0,0,0,0,0,0,0,0,0
banana republic canada,Affiliates | Conversion | Aff Loyalty,2025-08-24,2907.32,57123.76,2075.0,0,0,0,0,0,0,0,0,0,0,0,0,0,0,0,0,0,0,0,0,0,0,0,0,0,0,0,0,0,0,0,0,0,0,0,1,0,1,0,0,0,0,0
banana republic canada,Affiliates | Conversion | Aff Loyalty,2025-08-31,2308.41,49526.56,1913.0,0,0,0,0,0,0,0,0,0,0,0,0,0,0,0,0,0,0,0,0,0,0,0,0,0,0,0,0,0,0,0,0,0,0,0,1,0,1,0,0,0,0,0
banana republic canada,Affiliates | Conversion | Aff Loyalty,2025-09-07,10617.720000000001,225273.68,3535.0,0,1,0,0,0,0,0,0,0,0,0,0,0,0,0,0,0,0,0,0,0,0,0,0,0,0,0,0,0,0,0,0,0,0,0,0,0,0,1,0,0,0,0
banana republic canada,Affiliates | Conversion | Aff Loyalty,2025-09-14,8985.78,194350.98,3825.0,0,2,0,0,0,0,0,0,0,0,0,0,0,0,0,0,0,0,0,0,0,0,0,0,0,0,0,0,0,0,0,0,0,0,0,0,0,0,2,0,0,0,0
banana republic canada,Affiliates | Conversion | Aff Loyalty,2025-09-21,4857.5,94952.66,2391.0,0,1,0,0,0,0,0,0,0,0,0,0,0,0,0,0,0,0,0,0,0,0,0,0,0,0,0,0,0,0,0,0,0,0,0,0,0,0,1,0,0,0,0
banana republic canada,Affiliates | Conversion | Aff Loyalty,2025-09-28,1683.81,33868.83,1467.0,0,0,0,0,0,0,0,0,0,0,0,0,0,0,0,0,0,0,0,0,0,0,0,0,0,0,0,0,0,0,0,0,0,0,0,0,0,0,0,0,0,0,0
banana republic canada,Affiliates | Conversion | Aff Loyalty,2025-10-05,5003.36,46163.1,1728.0,0,0,0,0,0,0,0,0,0,0,0,0,0,0,0,0,0,0,0,0,0,0,0,0,0,0,0,0,0,0,0,0,0,0,0,0,0,0,0,0,0,0,0
banana republic canada,Affiliates | Conversion | Aff Loyalty,2025-10-12,6167.52,75035.98999999999,2096.0,0,0,0,0,0,0,0,0,0,0,0,0,0,0,0,0,0,0,0,0,0,0,0,0,0,0,0,0,0,0,0,0,0,0,0,0,0,0,0,0,0,0,0
banana republic canada,Affiliates | Conversion | Aff Loyalty,2025-10-19,5607.36,58305.24,2663.0,0,0,0,0,0,0,0,0,0,0,0,0,0,0,0,0,0,0,0,0,0,0,0,0,0,0,0,0,0,0,0,0,0,0,0,0,0,0,0,0,0,0,0
banana republic canada,Affiliates | Conversion | Aff Loyalty,2025-10-26,5554.34,59457.229999999996,2103.0,0,0,0,0,0,0,0,0,0,0,0,0,0,0,0,0,0,0,0,0,0,0,0,0,0,0,0,0,0,0,0,0,0,0,0,0,0,0,0,0,0,0,0
banana republic canada,Affiliates | Conversion | Aff Loyalty,2025-11-02,16782.739999999998,268886.12,4175.0,0,0,0,0,0,0,0,0,0,0,0,0,0,0,2,0,0,0,0,0,0,0,0,0,0,0,0,0,0,0,0,0,0,0,0,0,0,0,2,0,0,0,0
banana republic canada,Affiliates | Conversion | Aff Loyalty,2025-11-09,8753.79,112384.53,3195.0,0,0,0,0,0,0,0,0,0,0,0,0,0,0,1,0,0,0,0,0,0,0,0,0,0,0,0,0,0,0,0,0,0,0,0,0,0,0,1,0,0,0,0
banana republic canada,Affiliates | Conversion | Aff Loyalty,2025-11-16,8593.11,139417.83000000002,2946.0,0,0,0,0,0,0,0,0,0,0,0,0,0,0,0,0,0,0,0,0,0,0,0,0,0,0,0,0,0,0,0,0,0,0,0,0,0,0,0,0,0,0,0
banana republic canada,Affiliates | Conversion | Aff Loyalty,2025-11-23,21956.01,320322.70999999996,7214.0,0,0,0,0,0,0,0,0,0,0,0,0,0,0,0,0,0,0,0,0,0,0,0,0,0,0,0,0,0,2,0,0,0,0,0,0,0,0,2,0,0,0,0
banana republic canada,Affiliates | Conversion | Aff Loyalty,2025-11-30,13037.529999999999,199947.43,5477.0,0,0,0,0,0,0,0,0,0,0,0,0,0,0,0,0,0,2,0,0,0,0,0,0,0,0,0,0,0,0,0,0,0,0,0,0,0,0,2,0,0,0,0
banana republic canada,Affiliates | Conversion | Aff Loyalty,2025-12-07,5524.78,74846.26,2505.0,0,0,0,0,0,0,0,0,0,0,0,0,0,0,0,0,0,0,0,0,0,0,0,0,0,0,0,0,0,0,2,0,0,0,0,0,0,0,2,0,0,0,0
banana republic canada,Affiliates | Conversion | Aff Loyalty,2025-12-14,3767.04,37946.149999999994,2264.0,0,0,0,0,0,0,0,0,0,0,0,0,0,0,0,0,0,0,0,0,0,0,0,0,0,0,0,0,0,0,1,0,0,0,0,0,2,2,1,0,0,0,0
banana republic canada,Affiliates | Conversion | Aff Loyalty,2025-12-21,6883.04,83964.81,3248.0,0,0,0,0,0,0,0,0,0,0,0,0,0,0,0,0,0,0,0,0,0,0,0,0,0,0,0,0,0,0,0,1,0,0,0,0,2,2,0,0,1,0,0
banana republic canada,Affiliates | Conversion | Aff Loyalty,2025-12-28,5695.05,59304.36,3867.0,0,0,0,0,0,0,0,0,0,0,0,0,0,0,0,0,0,0,0,0,0,0,0,0,0,0,0,0,0,0,0,2,0,0,0,0,0,0,0,0,2,0,0
banana republic canada,Affiliates | Conversion | Aff Loyalty,2026-01-04,88.38,37813.35,1954.0,0,0,0,0,0,0,0,0,0,0,0,0,0,0,0,0,0,0,0,0,0,0,0,0,0,0,0,0,0,0,0,1,2,0,0,0,0,0,0,0,2,0,0
banana republic canada,Affiliates | Conversion | Aff Loyalty,2026-01-11,3216.44,64555.66,2304.0,0,0,0,0,0,0,0,0,0,0,0,0,0,0,0,0,0,0,0,0,0,0,0,0,0,0,0,0,0,0,0,0,1,2,0,0,0,0,0,0,2,0,0
banana republic canada,Affiliates | Conversion | Aff Loyalty,2026-01-18,3526.5299999999997,67616.52,2257.0,0,0,0,0,0,0,0,0,0,0,0,0,0,0,0,0,0,0,0,0,0,0,0,0,0,0,0,0,0,0,0,0,0,2,0,0,0,0,0,0,2,0,0
banana republic canada,Affiliates | Conversion | Aff Loyalty,2026-01-25,2359.87,48153.79,1741.0,0,0,0,0,0,0,0,0,0,0,0,0,0,0,0,0,0,0,0,0,0,0,0,0,0,0,0,0,0,0,0,0,0,0,0,0,0,0,0,0,0,0,0
banana republic canada,Affiliates | Conversion | Aff Loyalty,2026-02-01,1788.42,35247.7,1468.0,0,0,0,0,0,0,0,0,0,0,0,0,0,0,0,0,0,0,0,0,0,0,0,0,0,0,0,0,0,0,0,0,0,0,0,0,0,0,0,0,0,0,0
banana republic canada,Affiliates | Conversion | Aff Loyalty,2026-02-08,2113.17,45293.11,1541.0,0,0,0,0,0,0,0,0,0,0,0,0,0,0,0,0,0,0,0,0,0,0,0,0,0,0,0,0,0,0,0,0,0,0,0,0,0,0,0,0,0,0,0
banana republic canada,Affiliates | Conversion | Aff Loyalty,2026-02-15,2213.32,46039.88,1648.0,0,0,0,0,0,0,0,0,0,0,0,0,0,0,0,0,0,0,0,0,0,0,0,0,0,0,0,0,0,0,0,0,0,0,0,0,0,0,0,0,0,0,0
banana republic canada,Affiliates | Conversion | Aff Loyalty,2026-02-22,3221.25,65786.96,1948.0,0,0,0,0,0,0,0,0,0,0,0,0,0,0,0,0,0,0,0,0,0,0,0,0,0,0,0,0,0,0,0,0,0,0,0,0,0,0,0,0,0,0,0
banana republic canada,Affiliates | Conversion | Aff Loyalty,2026-03-01,2894.49,47781.59,1897.0,0,0,0,0,0,0,0,0,0,0,0,0,0,0,0,0,0,0,0,0,0,0,0,0,0,0,0,0,0,0,0,0,0,0,0,0,0,0,0,0,0,0,0
banana republic canada,Affiliates | Conversion | Aff Loyalty,2026-03-08,11155.16,210251.29,3274.0,0,1,0,0,0,0,0,0,0,0,0,0,0,0,0,0,0,0,0,0,0,0,0,0,0,0,0,0,0,0,0,0,0,0,0,0,0,0,1,0,0,0,0
banana republic canada,Affiliates | Conversion | Aff Loyalty,2026-03-15,13029.19,265579.54000000004,4829.0,0,2,0,0,0,0,0,0,0,0,0,0,0,0,0,0,0,0,0,0,0,0,0,0,0,0,0,0,0,0,0,0,0,0,0,0,0,0,2,0,0,0,0
banana republic canada,Affiliates | Conversion | Aff Loyalty,2026-03-22,6755.82,138772.06,3163.0,0,1,0,0,0,0,0,0,0,0,0,0,0,0,0,0,0,0,0,0,0,0,0,0,0,0,0,0,0,0,0,0,0,0,0,0,0,0,1,0,0,0,0
banana republic canada,Affiliates | Conversion | Aff Loyalty,2026-03-29,2313.2,38747.52,1877.0,0,0,0,0,0,0,0,0,0,0,0,0,0,0,0,0,0,0,0,0,0,0,0,0,0,0,0,0,0,0,0,0,0,0,1,0,0,0,0,0,0,0,1
banana republic canada,Affiliates | Conversion | Aff Loyalty,2026-04-05,2796.46,34945.55,1536.0,0,0,0,0,0,0,0,0,0,0,0,0,0,0,0,0,0,0,0,0,0,0,0,0,0,0,0,0,0,0,0,0,0,0,1,0,0,0,0,0,0,0,1
banana republic canada,Affiliates | Conversion | Aff Loyalty,2026-04-12,3124.54,45348.67,1584.0,0,0,0,0,0,0,0,0,0,0,0,0,0,0,0,0,0,0,0,0,0,0,0,0,0,0,0,0,0,0,0,0,0,0,0,0,0,0,0,0,0,0,0
banana republic canada,Affiliates | Conversion | Aff Loyalty,2026-04-19,7692.76,136470.51,2426.0,0,0,0,0,0,0,0,0,0,0,0,0,0,0,0,0,0,0,0,0,0,0,0,0,0,0,0,0,0,0,0,0,0,0,0,0,0,0,0,0,0,0,0
banana republic canada,Affiliates | Conversion | Aff Loyalty,2026-04-26,5354.26,90711.52,2210.0,0,0,0,0,0,0,0,0,0,0,0,0,0,0,0,0,0,0,0,0,0,0,0,0,0,0,0,0,0,0,0,0,0,0,0,0,0,0,0,0,0,0,0
banana republic canada,Affiliates | Conversion | Aff Loyalty,2026-05-03,2459.69,46506.92,1626.0,0,0,0,0,0,0,0,0,0,0,0,0,0,0,0,0,0,0,0,0,0,0,0,0,0,0,0,0,0,0,0,0,0,0,0,0,0,0,0,0,0,0,0
banana republic canada,Affiliates | Conversion | Aff Loyalty,2026-05-10,5720.52,112918.70999999999,2329.0,0,0,0,0,0,0,0,0,0,0,0,0,0,0,0,0,0,0,0,0,0,0,0,1,0,0,0,0,0,0,0,0,0,0,0,0,0,0,0,0,0,0,1
banana republic canada,Affiliates | Conversion | Aff Loyalty,2026-05-17,4058.85,87815.88,2431.0,0,0,0,0,0,0,0,0,0,0,0,0,0,0,0,0,0,0,0,0,0,0,0,1,0,0,0,0,0,0,0,0,0,0,0,0,0,0,0,0,0,0,1
banana republic canada,Affiliates | Conversion | Aff Loyalty,2026-05-24,3675.75,78567.04,2198.0,0,0,0,0,0,0,0,0,0,0,0,0,0,0,0,0,0,0,0,0,0,0,0,0,0,0,0,0,0,0,0,0,0,0,0,0,0,0,0,0,0,0,0
banana republic canada,Affiliates | Conversion | Aff Loyalty,2026-05-31,3495.11,69761.81,2350.0,0,0,0,0,0,0,0,0,0,0,0,0,0,0,0,0,0,0,0,0,0,0,0,0,0,0,0,0,0,0,0,0,0,0,0,0,0,0,0,0,0,0,0
banana republic canada,Affiliates | Conversion | Aff Loyalty,2026-06-07,2279.57,42946.21,1736.0,0,0,0,0,0,0,0,0,0,0,0,0,0,0,0,0,0,0,0,0,0,0,0,0,0,0,0,0,0,0,0,0,0,0,0,0,0,0,0,0,0,0,0
banana republic canada,Affiliates | Conversion | Aff Loyalty,2026-06-14,2714.3199999999997,74864.04,2118.0,0,0,0,0,0,0,0,0,0,0,0,0,0,0,0,0,0,0,0,0,0,0,0,0,0,0,0,0,0,0,0,0,0,0,0,0,0,0,0,0,0,0,0
banana republic canada,Affiliates | Conversion | Aff Loyalty,2026-06-21,3626.42,85990.74,2972.0,0,0,0,0,0,0,0,0,0,0,0,0,0,0,0,0,0,0,0,0,0,0,0,0,0,1,0,0,0,0,0,0,0,0,0,0,0,0,0,0,1,0,0
banana republic canada,Affiliates | Conversion | Aff Loyalty,2026-06-28,3895.66,79620.26,3211.0,0,0,0,0,0,0,0,0,0,0,0,0,0,0,0,0,0,0,0,0,0,0,0,0,0,1,2,0,0,0,0,0,0,0,0,0,0,0,0,0,2,0,0
banana republic canada,Affiliates | Conversion | Aff Loyalty,2026-07-05,2675.6,54552.4,2525.0,0,0,0,0,0,0,0,0,0,0,0,0,0,0,0,0,0,0,0,0,0,0,0,0,0,0,2,1,0,0,0,0,0,0,0,0,0,0,0,0,2,0,0
banana republic canada,Affiliates | Conversion | Aff Loyalty,2026-07-12,3171.87,64870.34,2358.0,0,0,0,0,0,0,0,0,0,0,0,0,0,0,0,0,0,0,0,0,0,0,0,0,0,0,0,2,0,0,0,0,0,0,0,0,0,0,0,0,2,0,0
banana republic canada,Affiliates | Conversion | Aff Loyalty,2026-07-19,4111.92,87010.62,3121.0,0,0,0,0,0,0,0,0,0,0,0,0,0,0,0,0,0,0,0,0,0,0,0,0,0,0,0,1,2,0,0,0,0,0,0,0,0,0,0,0,2,0,0
banana republic canada,Affiliates | Conversion | Aff Loyalty,2026-07-26,5633.26,113848.14,2869.0,0,0,0,0,0,0,0,0,0,0,0,0,0,0,0,0,0,0,0,0,0,1,0,0,0,0,0,0,1,0,0,0,0,0,0,0,0,0,0,0,1,0,1
banana republic canada,Affiliates | Conversion | Aff Loyalty,2026-08-02,1453.41,27764.54,1581.0,0,0,0,0,0,0,0,0,0,0,0,0,0,0,0,0,0,0,0,0,0,0,0,0,0,0,0,0,0,0,0,0,0,0,0,0,0,0,0,0,0,0,0
banana republic canada,Affiliates | Conversion | Aff Loyalty,2026-08-09,1224.54,23069.02,1294.0,0,0,0,0,0,0,0,0,0,0,0,0,0,0,0,0,0,0,0,0,0,0,0,0,0,0,0,0,0,0,0,0,0,0,0,0,0,0,0,0,0,0,0
banana republic canada,Affiliates | Conversion | Aff Loyalty,2026-08-16,2337.94,42519.0,1548.0,0,0,0,0,0,0,0,0,0,0,0,0,0,0,0,0,0,0,0,0,0,0,0,0,0,0,0,0,0,0,0,0,0,0,0,0,0,0,0,0,0,0,0
banana republic canada,Affiliates | Conversion | Not Applicable,2024-07-28,1920.0,42778.81,2569.0,0,0,0,0,0,0,0,0,0,0,0,0,0,0,0,0,0,0,0,0,0,0,0,0,0,0,0,0,2,0,0,0,0,0,0,0,0,0,0,0,2,0,0
banana republic canada,Affiliates | Conversion | Not Applicable,2024-08-04,3129.0,70058.87,5929.0,0,0,0,0,0,0,0,0,0,0,0,0,0,0,0,0,0,0,0,0,0,0,0,0,0,0,0,0,1,0,0,0,0,0,0,0,0,0,0,0,1,0,0
banana republic canada,Affiliates | Conversion | Not Applicable,2024-08-11,3064.0,62989.07,10489.0,0,0,0,0,0,0,0,0,0,0,0,0,0,0,0,0,0,0,0,0,0,0,0,0,0,0,0,0,0,0,0,0,0,0,0,0,0,0,0,0,0,0,0
banana republic canada,Affiliates | Conversion | Not Applicable,2024-08-18,2823.0,67242.36,7096.0,0,0,0,0,0,0,0,0,0,0,0,0,0,0,0,0,0,0,0,0,0,0,0,0,0,0,0,0,0,0,0,0,0,0,0,0,0,0,0,0,0,0,0
banana republic canada,Affiliates | Conversion | Not Applicable,2024-08-25,3819.0,88031.55,6932.0,0,0,0,0,0,0,0,0,0,0,0,0,0,0,0,0,0,0,0,0,0,0,0,0,0,0,0,0,0,0,0,0,0,0,0,0,0,0,0,0,0,0,0
banana republic canada,Affiliates | Conversion | Not Applicable,2024-09-01,3726.0,61292.03,6326.0,0,0,0,0,0,0,0,0,0,0,0,0,0,0,0,0,0,0,0,0,0,0,0,0,0,0,0,0,0,0,0,0,0,0,0,0,0,0,0,0,0,0,0
banana republic canada,Affiliates | Conversion | Not Applicable,2024-09-08,6156.0,106827.35,6298.0,0,0,0,0,0,0,0,0,0,0,0,0,0,0,0,0,0,0,0,0,0,0,0,0,0,0,0,0,0,0,0,0,0,0,0,0,0,0,0,0,0,0,0
banana republic canada,Affiliates | Conversion | Not Applicable,2024-09-15,23030.0,385407.72000000003,19669.0,0,2,0,0,0,0,0,0,0,0,0,0,0,0,0,0,0,0,0,0,0,0,0,0,0,0,0,0,0,0,0,0,0,0,0,0,0,0,2,0,0,0,0
banana republic canada,Affiliates | Conversion | Not Applicable,2024-09-22,14746.0,301738.2,12364.0,0,2,0,0,0,0,0,0,0,0,0,0,0,0,0,0,0,0,0,0,0,0,0,0,0,0,0,0,0,0,0,0,0,0,0,0,0,0,2,0,0,0,0
banana republic canada,Affiliates | Conversion | Not Applicable,2024-09-29,1039.33,120884.69,7395.0,0,1,0,0,0,0,0,0,0,0,0,0,0,0,0,0,0,0,0,0,0,0,0,0,0,0,0,0,0,0,0,0,0,0,0,0,0,0,1,0,0,0,0
banana republic canada,Affiliates | Conversion | Not Applicable,2024-10-06,681.29,74912.93,6736.0,0,0,0,0,0,0,0,0,0,0,0,0,0,0,0,0,0,0,0,0,0,0,0,0,0,0,0,0,0,0,0,0,0,0,0,0,0,0,0,0,0,0,0
banana republic canada,Affiliates | Conversion | Not Applicable,2024-10-13,5028.95,92461.85,7764.0,0,0,0,0,0,0,0,0,0,0,0,0,0,0,0,0,0,0,0,0,0,0,0,0,0,0,0,0,0,0,0,0,0,0,0,0,0,0,0,0,0,0,0
banana republic canada,Affiliates | Conversion | Not Applicable,2024-10-20,7521.77,117131.36,13344.0,0,0,0,0,0,0,0,0,0,0,0,0,0,0,0,0,0,0,0,0,0,0,0,0,0,0,0,0,0,0,0,0,0,0,0,0,0,0,0,0,0,0,0
banana republic canada,Affiliates | Conversion | Not Applicable,2024-10-27,10846.7,210521.72,9804.0,0,0,0,0,0,0,0,0,0,0,0,0,0,0,1,0,0,0,0,0,0,0,0,0,0,0,0,0,0,0,0,0,0,0,0,0,0,0,1,0,0,0,0
banana republic canada,Affiliates | Conversion | Not Applicable,2024-11-03,15282.689999999999,333538.68,16725.0,0,0,0,0,0,0,0,0,0,0,0,0,0,0,2,0,0,0,0,0,0,0,0,0,0,0,0,0,0,0,0,0,0,0,0,0,0,0,2,0,0,0,0
banana republic canada,Affiliates | Conversion | Not Applicable,2024-11-10,5669.74,157805.03,12043.0,0,0,0,0,0,0,0,0,0,0,0,0,0,0,1,0,0,0,0,0,0,0,0,0,0,0,0,0,0,0,0,0,0,0,0,0,0,0,1,0,0,0,0
banana republic canada,Affiliates | Conversion | Not Applicable,2024-11-17,3198.16,132963.83000000002,9062.0,0,0,0,0,0,0,0,0,0,0,0,0,0,0,0,0,0,0,0,0,0,0,0,0,0,0,0,0,0,0,0,0,0,0,0,0,0,0,0,0,0,0,0
banana republic canada,Affiliates | Conversion | Not Applicable,2024-11-24,25779.65,500443.53,22111.0,0,0,0,0,0,0,0,0,0,0,0,0,0,0,0,0,0,0,0,0,0,0,0,0,0,0,0,0,0,2,0,0,0,0,0,0,0,0,2,0,0,0,0
banana republic canada,Affiliates | Conversion | Not Applicable,2024-12-01,12504.07,279062.3,12239.0,0,0,0,0,0,0,0,0,0,0,0,0,0,0,0,0,0,2,0,0,0,0,0,0,0,0,0,0,0,0,0,0,0,0,0,0,0,0,2,0,0,0,0
banana republic canada,Affiliates | Conversion | Not Applicable,2024-12-08,1679.1399999999999,83371.45,7108.0,0,0,0,0,0,0,0,0,0,0,0,0,0,0,0,0,0,0,0,0,0,0,0,0,0,0,0,0,0,0,1,0,0,0,0,0,0,0,1,0,0,0,0
banana republic canada,Affiliates | Conversion | Not Applicable,2024-12-15,1712.22,64974.11,7168.0,0,0,0,0,0,0,0,0,0,0,0,0,0,0,0,0,0,0,0,0,0,0,0,0,0,0,0,0,0,0,1,0,0,0,0,0,0,0,1,0,0,0,0
banana republic canada,Affiliates | Conversion | Not Applicable,2024-12-22,7139.0,131316.51,8796.0,0,0,0,0,0,0,0,0,0,0,0,0,0,0,0,0,0,0,0,0,0,0,0,0,0,0,0,0,0,0,0,1,0,0,0,0,0,0,0,0,1,0,0
banana republic canada,Affiliates | Conversion | Not Applicable,2024-12-29,3922.53,92930.7,8515.0,0,0,0,0,0,0,0,0,0,0,0,0,0,0,0,0,0,0,0,0,0,0,0,0,0,0,0,0,0,0,0,2,1,0,0,0,0,0,0,0,2,0,0
banana republic canada,Affiliates | Conversion | Not Applicable,2025-01-05,3621.04,76741.14,6207.0,0,0,0,0,0,0,0,0,0,0,0,0,0,0,0,0,0,0,0,0,0,0,0,0,0,0,0,0,0,0,0,0,2,0,0,0,0,0,0,0,2,0,0
banana republic canada,Affiliates | Conversion | Not Applicable,2025-01-12,6175.02,133051.82,10239.0,0,0,0,0,0,0,0,0,0,0,0,0,0,0,0,0,0,0,0,0,0,0,0,0,0,0,0,0,0,0,0,0,1,2,0,0,0,0,0,0,2,0,0
banana republic canada,Affiliates | Conversion | Not Applicable,2025-01-19,3981.05,105071.94,8351.0,0,0,0,0,0,0,0,0,0,0,0,0,0,0,0,0,0,0,0,0,0,0,0,0,0,0,0,0,0,0,0,0,0,2,0,0,0,0,0,0,2,0,0
banana republic canada,Affiliates | Conversion | Not Applicable,2025-01-26,4139.18,70636.02,5734.0,0,0,0,0,0,0,0,0,0,0,0,0,0,0,0,0,0,0,0,0,0,0,0,0,0,0,0,0,0,0,0,0,0,0,0,0,0,0,0,0,0,0,0
banana republic canada,Affiliates | Conversion | Not Applicable,2025-02-02,3126.44,65055.98,5952.0,0,0,0,0,0,0,0,0,0,0,0,0,0,0,0,0,0,0,0,0,0,0,0,0,0,0,0,0,0,0,0,0,0,0,0,0,0,0,0,0,0,0,0
banana republic canada,Affiliates | Conversion | Not Applicable,2025-02-09,3136.07,69503.14,7852.0,0,0,0,0,0,0,0,0,0,0,0,0,0,0,0,0,0,0,0,0,0,0,0,0,0,0,0,0,0,0,0,0,0,0,0,0,0,0,0,0,0,0,0
banana republic canada,Affiliates | Conversion | Not Applicable,2025-02-16,3155.54,74841.20999999999,5346.0,0,0,0,0,0,0,0,0,0,0,0,0,0,0,0,0,0,0,0,0,0,0,0,0,0,0,0,0,0,0,0,0,0,0,0,0,0,0,0,0,0,0,0
banana republic canada,Affiliates | Conversion | Not Applicable,2025-02-23,4020.34,96835.19,6556.0,0,0,0,0,0,0,0,0,0,0,0,0,0,0,0,0,0,0,0,0,0,0,0,0,0,0,0,0,0,0,0,0,0,0,0,0,0,0,0,0,0,0,0
banana republic canada,Affiliates | Conversion | Not Applicable,2025-03-02,5385.92,116724.37,6983.0,0,0,0,0,0,0,0,0,0,0,0,0,0,0,0,0,0,0,0,0,0,0,0,0,0,0,0,0,0,0,0,0,0,0,0,0,0,0,0,0,0,0,0
banana republic canada,Affiliates | Conversion | Not Applicable,2025-03-09,4119.83,91508.93,6797.0,0,0,0,0,0,0,0,0,0,0,0,0,0,0,0,0,0,0,0,0,0,0,0,0,0,0,0,0,0,0,0,0,0,0,0,0,0,0,0,0,0,0,0
banana republic canada,Affiliates | Conversion | Not Applicable,2025-03-16,10698.869999999999,246721.03,10751.0,0,0,0,0,0,0,0,0,0,0,0,0,0,0,0,0,0,0,0,0,0,0,0,0,0,0,0,0,0,0,0,0,0,0,0,0,0,0,0,0,0,0,0
banana republic canada,Affiliates | Conversion | Not Applicable,2025-03-23,18844.19,475001.87,24031.0,0,2,0,0,0,0,0,0,0,0,0,0,0,0,0,0,0,0,0,0,0,0,0,0,0,0,0,0,0,0,0,0,0,0,0,0,0,0,2,0,0,0,0
banana republic canada,Affiliates | Conversion | Not Applicable,2025-03-30,8488.08,204443.84,9316.0,0,1,0,0,0,0,0,0,0,0,0,0,0,0,0,0,0,0,0,0,0,0,0,0,0,0,0,0,0,0,0,0,0,0,0,0,0,0,1,0,0,0,0
banana republic canada,Affiliates | Conversion | Not Applicable,2025-04-06,4067.59,120580.12,7750.0,0,0,0,0,0,0,0,0,0,0,0,0,0,0,0,0,0,0,0,0,0,0,0,0,0,0,0,0,0,0,0,0,0,0,0,0,0,0,0,0,0,0,0
banana republic canada,Affiliates | Conversion | Not Applicable,2025-04-13,4883.62,113975.53,8691.0,0,0,0,0,0,0,0,0,0,0,0,0,0,0,0,0,0,0,0,0,0,0,0,0,0,0,0,0,0,0,0,0,0,0,1,0,0,0,0,0,0,0,1
banana republic canada,Affiliates | Conversion | Not Applicable,2025-04-20,5907.93,159813.22,9425.0,0,0,0,0,0,0,0,0,0,0,0,0,0,0,0,0,0,0,0,0,0,0,0,0,0,0,0,0,0,0,0,0,0,0,1,0,0,0,0,0,0,0,1
banana republic canada,Affiliates | Conversion | Not Applicable,2025-04-27,5071.61,144248.32,8582.0,0,0,0,0,0,0,0,0,0,0,0,0,0,0,0,0,0,0,0,0,0,0,0,0,0,0,0,0,0,0,0,0,0,0,0,0,0,0,0,0,0,0,0
banana republic canada,Search | Conversion | Brand,2024-07-28,770.31,32597.83,6667.0,0,0,0,0,0,0,0,0,0,0,0,0,0,0,0,0,0,0,0,0,0,0,0,0,0,0,0,0,2,0,0,0,0,0,0,0,0,0,0,0,2,0,0
banana republic canada,Search | Conversion | Brand,2024-08-04,1884.75,57828.09,15008.0,0,0,0,0,0,0,0,0,0,0,0,0,0,0,0,0,0,0,0,0,0,0,0,0,0,0,0,0,1,0,0,0,0,0,0,0,0,0,0,0,1,0,0
banana republic canada,Search | Conversion | Brand,2024-08-11,1820.44,60795.14,14622.0,0,0,0,0,0,0,0,0,0,0,0,0,0,0,0,0,0,0,0,0,0,0,0,0,0,0,0,0,0,0,0,0,0,0,0,0,0,0,0,0,0,0,0
banana republic canada,Search | Conversion | Brand,2024-08-18,1334.16,69226.4,16056.0,0,0,0,0,0,0,0,0,0,0,0,0,0,0,0,0,0,0,0,0,0,0,0,0,0,0,0,0,0,0,0,0,0,0,0,0,0,0,0,0,0,0,0
banana republic canada,Search | Conversion | Brand,2024-08-25,1415.13,94415.9,17131.0,0,0,0,0,0,0,0,0,0,0,0,0,0,0,0,0,0,0,0,0,0,0,0,0,0,0,0,0,0,0,0,0,0,0,0,0,0,0,0,0,0,0,0
banana republic canada,Search | Conversion | Brand,2024-09-01,1775.75,101231.95999999999,18843.0,0,0,0,0,0,0,0,0,0,0,0,0,0,0,0,0,0,0,0,0,0,0,0,0,0,0,0,0,0,0,0,0,0,0,0,0,0,0,0,0,0,0,0
banana republic canada,Search | Conversion | Brand,2024-09-08,2024.5700000000002,105570.84,19077.0,0,0,0,0,0,0,0,0,0,0,0,0,0,0,0,0,0,0,0,0,0,0,0,0,0,0,0,0,0,0,0,0,0,0,0,0,0,0,0,0,0,0,0
banana republic canada,Search | Conversion | Brand,2024-09-15,2562.08,402617.06,36583.0,0,2,0,0,0,0,0,0,0,0,0,0,0,0,0,0,0,0,0,0,0,0,0,0,0,0,0,0,0,0,0,0,0,0,0,0,0,0,2,0,0,0,0
banana republic canada,Search | Conversion | Brand,2024-09-22,2750.65,439714.27,47483.0,0,2,0,0,0,0,0,0,0,0,0,0,0,0,0,0,0,0,0,0,0,0,0,0,0,0,0,0,0,0,0,0,0,0,0,0,0,0,2,0,0,0,0
banana republic canada,Search | Conversion | Brand,2024-09-29,2317.31,222583.21000000002,39777.0,0,1,0,0,0,0,0,0,0,0,0,0,0,0,0,0,0,0,0,0,0,0,0,0,0,0,0,0,0,0,0,0,0,0,0,0,0,0,1,0,0,0,0
banana republic canada,Search | Conversion | Brand,2024-10-06,2159.1,147797.48,37411.0,0,0,0,0,0,0,0,0,0,0,0,0,0,0,0,0,0,0,0,0,0,0,0,0,0,0,0,0,0,0,0,0,0,0,0,0,0,0,0,0,0,0,0
banana republic canada,Search | Conversion | Brand,2024-10-13,2310.51,170132.91,39742.0,0,0,0,0,0,0,0,0,0,0,0,0,0,0,0,0,0,0,0,0,0,0,0,0,0,0,0,0,0,0,0,0,0,0,0,0,0,0,0,0,0,0,0
banana republic canada,Search | Conversion | Brand,2024-10-20,2541.72,173368.32,39510.0,0,0,0,0,0,0,0,0,0,0,0,0,0,0,0,0,0,0,0,0,0,0,0,0,0,0,0,0,0,0,0,0,0,0,0,0,0,0,0,0,0,0,0
banana republic canada,Search | Conversion | Brand,2024-10-27,2414.0099999999998,297511.04000000004,42224.0,0,0,0,0,0,0,0,0,0,0,0,0,0,0,1,0,0,0,0,0,0,0,0,0,0,0,0,0,0,0,0,0,0,0,0,0,0,0,1,0,0,0,0
banana republic canada,Search | Conversion | Brand,2024-11-03,3473.11,526894.13,55446.0,0,0,0,0,0,0,0,0,0,0,0,0,0,0,2,0,0,0,0,0,0,0,0,0,0,0,0,0,0,0,0,0,0,0,0,0,0,0,2,0,0,0,0
banana republic canada,Search | Conversion | Brand,2024-11-10,3421.76,273983.08999999997,47813.0,0,0,0,0,0,0,0,0,0,0,0,0,0,0,1,0,0,0,0,0,0,0,0,0,0,0,0,0,0,0,0,0,0,0,0,0,0,0,1,0,0,0,0
banana republic canada,Search | Conversion | Brand,2024-11-17,2806.95,187710.78,54571.0,0,0,0,0,0,0,0,0,0,0,0,0,0,0,0,0,0,0,0,0,0,0,0,0,0,0,0,0,0,0,0,0,0,0,0,0,0,0,0,0,0,0,0
banana republic canada,Search | Conversion | Brand,2024-11-24,8021.67,801653.24,91606.0,0,0,0,0,0,0,0,0,0,0,0,0,0,0,0,0,0,0,0,0,0,0,0,0,0,0,0,0,0,2,0,0,0,0,0,0,0,0,2,0,0,0,0
banana republic canada,Search | Conversion | Brand,2024-12-01,7173.639999999999,477766.93,60606.0,0,0,0,0,0,0,0,0,0,0,0,0,0,0,0,0,0,2,0,0,0,0,0,0,0,0,0,0,0,0,0,0,0,0,0,0,0,0,2,0,0,0,0
banana republic canada,Search | Conversion | Brand,2024-12-08,2456.98,170337.2,39367.0,0,0,0,0,0,0,0,0,0,0,0,0,0,0,0,0,0,0,0,0,0,0,0,0,0,0,0,0,0,0,1,0,0,0,0,0,0,0,1,0,0,0,0
banana republic canada,Search | Conversion | Brand,2024-12-15,2887.27,132839.33,37198.0,0,0,0,0,0,0,0,0,0,0,0,0,0,0,0,0,0,0,0,0,0,0,0,0,0,0,0,0,0,0,1,0,0,0,0,0,0,0,1,0,0,0,0
banana republic canada,Search | Conversion | Brand,2024-12-22,3296.88,244059.77,57382.0,0,0,0,0,0,0,0,0,0,0,0,0,0,0,0,0,0,0,0,0,0,0,0,0,0,0,0,0,0,0,0,1,0,0,0,0,0,0,0,0,1,0,0
banana republic canada,Search | Conversion | Brand,2024-12-29,1540.8500000000001,150643.64,38072.0,0,0,0,0,0,0,0,0,0,0,0,0,0,0,0,0,0,0,0,0,0,0,0,0,0,0,0,0,0,0,0,2,1,0,0,0,0,0,0,0,2,0,0
banana republic canada,Search | Conversion | Brand,2025-01-05,1138.92,134996.4,29905.0,0,0,0,0,0,0,0,0,0,0,0,0,0,0,0,0,0,0,0,0,0,0,0,0,0,0,0,0,0,0,0,0,2,0,0,0,0,0,0,0,2,0,0
banana republic canada,Search | Conversion | Brand,2025-01-12,1427.6599999999999,176112.49,33081.0,0,0,0,0,0,0,0,0,0,0,0,0,0,0,0,0,0,0,0,0,0,0,0,0,0,0,0,0,0,0,0,0,1,2,0,0,0,0,0,0,2,0,0
banana republic canada,Search | Conversion | Brand,2025-01-19,1473.03,182064.04,31812.0,0,0,0,0,0,0,0,0,0,0,0,0,0,0,0,0,0,0,0,0,0,0,0,0,0,0,0,0,0,0,0,0,0,2,0,0,0,0,0,0,2,0,0
banana republic canada,Search | Conversion | Brand,2025-01-26,1152.14,122624.91,30590.0,0,0,0,0,0,0,0,0,0,0,0,0,0,0,0,0,0,0,0,0,0,0,0,0,0,0,0,0,0,0,0,0,0,0,0,0,0,0,0,0,0,0,0
banana republic canada,Search | Conversion | Brand,2025-02-02,951.67,117771.58,26733.0,0,0,0,0,0,0,0,0,0,0,0,0,0,0,0,0,0,0,0,0,0,0,0,0,0,0,0,0,0,0,0,0,0,0,0,0,0,0,0,0,0,0,0
banana republic canada,Search | Conversion | Brand,2025-02-09,1017.38,112405.76000000001,27707.0,0,0,0,0,0,0,0,0,0,0,0,0,0,0,0,0,0,0,0,0,0,0,0,0,0,0,0,0,0,0,0,0,0,0,0,0,0,0,0,0,0,0,0
banana republic canada,Search | Conversion | Brand,2025-02-16,1099.68,148899.88,28721.0,0,0,0,0,0,0,0,0,0,0,0,0,0,0,0,0,0,0,0,0,0,0,0,0,0,0,0,0,0,0,0,0,0,0,0,0,0,0,0,0,0,0,0
banana republic canada,Search | Conversion | Brand,2025-02-23,1157.1200000000001,172082.22,31967.0,0,0,0,0,0,0,0,0,0,0,0,0,0,0,0,0,0,0,0,0,0,0,0,0,0,0,0,0,0,0,0,0,0,0,0,0,0,0,0,0,0,0,0
banana republic canada,Search | Conversion | Brand,2025-03-02,1265.32,176823.76,33093.0,0,0,0,0,0,0,0,0,0,0,0,0,0,0,0,0,0,0,0,0,0,0,0,0,0,0,0,0,0,0,0,0,0,0,0,0,0,0,0,0,0,0,0
banana republic canada,Search | Conversion | Brand,2025-03-09,1367.69,144457.51,32496.0,0,0,0,0,0,0,0,0,0,0,0,0,0,0,0,0,0,0,0,0,0,0,0,0,0,0,0,0,0,0,0,0,0,0,0,0,0,0,0,0,0,0,0
banana republic canada,Search | Conversion | Brand,2025-03-16,1503.43,274715.37,38039.0,0,0,0,0,0,0,0,0,0,0,0,0,0,0,0,0,0,0,0,0,0,0,0,0,0,0,0,0,0,0,0,0,0,0,0,0,0,0,0,0,0,0,0
banana republic canada,Search | Conversion | Brand,2025-03-23,2081.37,595783.2,55790.0,0,2,0,0,0,0,0,0,0,0,0,0,0,0,0,0,0,0,0,0,0,0,0,0,0,0,0,0,0,0,0,0,0,0,0,0,0,0,2,0,0,0,0
banana republic canada,Search | Conversion | Brand,2025-03-30,1746.8200000000002,271730.88,41522.0,0,1,0,0,0,0,0,0,0,0,0,0,0,0,0,0,0,0,0,0,0,0,0,0,0,0,0,0,0,0,0,0,0,0,0,0,0,0,1,0,0,0,0
banana republic canada,Search | Conversion | Brand,2025-04-06,1470.08,147443.1,36346.0,0,0,0,0,0,0,0,0,0,0,0,0,0,0,0,0,0,0,0,0,0,0,0,0,0,0,0,0,0,0,0,0,0,0,0,0,0,0,0,0,0,0,0
banana republic canada,Search | Conversion | Brand,2025-04-13,1305.91,171374.74,35825.0,0,0,0,0,0,0,0,0,0,0,0,0,0,0,0,0,0,0,0,0,0,0,0,0,0,0,0,0,0,0,0,0,0,0,1,0,0,0,0,0,0,0,1
banana republic canada,Search | Conversion | Brand,2025-04-20,1422.79,204380.55,37632.0,0,0,0,0,0,0,0,0,0,0,0,0,0,0,0,0,0,0,0,0,0,0,0,0,0,0,0,0,0,0,0,0,0,0,1,0,0,0,0,0,0,0,1
banana republic canada,Search | Conversion | Brand,2025-04-27,1603.21,195504.01,39268.0,0,0,0,0,0,0,0,0,0,0,0,0,0,0,0,0,0,0,0,0,0,0,0,0,0,0,0,0,0,0,0,0,0,0,0,0,0,0,0,0,0,0,0
banana republic canada,Search | Conversion | Brand,2025-05-04,1791.0,148784.9,33125.0,0,0,0,0,0,0,0,0,0,0,0,0,0,0,0,0,0,0,0,0,0,0,0,0,0,0,0,0,0,0,0,0,0,0,0,0,0,0,0,0,0,0,0
banana republic canada,Search | Conversion | Brand,2025-05-11,1760.32,260691.98,40378.0,0,0,0,0,0,0,0,0,0,0,0,0,0,0,0,0,0,0,0,0,0,0,0,1,0,0,0,0,0,0,0,0,0,0,0,0,0,0,0,0,0,0,1
banana republic canada,Search | Conversion | Brand,2025-05-18,1608.84,218292.3,40056.0,0,0,0,0,0,0,0,0,0,0,0,0,0,0,0,0,0,0,0,0,0,0,0,1,0,0,0,0,0,0,0,0,0,0,0,0,0,0,0,0,0,0,1
banana republic canada,Search | Conversion | Brand,2025-05-25,1301.9,199218.99,37954.0,0,0,0,0,0,0,0,0,0,0,0,0,0,0,0,0,0,0,0,0,0,0,0,0,0,0,0,0,0,0,0,0,0,0,0,0,0,0,0,0,0,0,0
banana republic canada,Search | Conversion | Brand,2025-06-01,1403.26,215945.61,39362.0,0,0,0,0,0,0,0,0,0,0,0,0,0,0,0,0,0,0,0,0,0,0,0,0,0,0,0,0,0,0,0,0,0,0,0,0,0,0,0,0,0,0,0
banana republic canada,Search | Conversion | Brand,2025-06-08,1898.33,168879.26,38985.0,0,0,0,0,0,0,0,0,0,0,0,0,0,0,0,0,0,0,0,0,0,0,0,0,0,0,0,0,0,0,0,0,0,0,0,0,0,0,0,0,0,0,0
banana republic canada,Search | Conversion | Brand,2025-06-15,1835.09,171813.16,38419.0,0,0,0,0,0,0,0,0,0,0,0,0,0,0,0,0,0,0,0,0,0,0,0,0,0,0,0,0,0,0,0,0,0,0,0,0,0,0,0,0,0,0,0
banana republic canada,Search | Conversion | Brand,2025-06-22,1675.37,147160.33000000002,37709.0,0,0,0,0,0,0,0,0,0,0,0,0,0,0,0,0,0,0,0,0,0,0,0,0,0,1,0,0,0,0,0,0,0,0,0,0,0,0,0,0,1,0,0
banana republic canada,Search | Conversion | Brand,2025-06-29,1587.02,185740.91,38032.0,0,0,0,0,0,0,0,0,0,0,0,0,0,0,0,0,0,0,0,0,0,0,0,0,0,1,2,0,0,0,0,0,0,0,0,0,0,0,0,0,2,0,0
banana republic canada,Search | Conversion | Brand,2025-07-06,1425.25,151603.58000000002,35712.0,0,0,0,0,0,0,0,0,0,0,0,0,0,0,0,0,0,0,0,0,0,0,0,0,0,0,2,1,0,0,0,0,0,0,0,0,0,0,0,0,2,0,0
banana republic canada,Search | Conversion | Brand,2025-07-13,1310.8899999999999,155834.47,34824.0,0,0,0,0,0,0,0,0,0,0,0,0,0,0,0,0,0,0,0,0,0,0,0,0,0,0,0,2,0,0,0,0,0,0,0,0,0,0,0,0,2,0,0
banana republic canada,Search | Conversion | Brand,2025-07-20,1147.3600000000001,135774.55,33110.0,0,0,0,0,0,0,0,0,0,0,0,0,0,0,0,0,0,0,0,0,0,0,0,0,0,0,0,1,2,0,0,0,0,0,0,0,0,0,0,0,2,0,0
banana republic canada,Search | Conversion | Brand,2025-07-27,1105.15,127568.96,31488.0,0,0,0,0,0,0,0,0,0,0,0,0,0,0,0,0,0,0,0,0,0,0,0,0,0,0,0,0,2,0,0,0,0,0,0,0,0,0,0,0,2,0,0
banana republic canada,Search | Conversion | Brand,2025-08-03,1039.18,105732.48,31582.0,0,0,0,0,0,0,0,0,0,0,0,0,0,0,0,0,0,0,0,0,0,0,0,0,0,0,0,0,1,0,0,0,0,0,0,0,0,0,0,0,1,0,0
banana republic canada,Search | Conversion | Brand,2025-08-10,1139.02,111406.31,32574.0,0,0,0,0,0,0,0,0,0,0,0,0,0,0,0,0,0,0,0,0,0,0,0,0,0,0,0,0,0,0,0,0,0,0,0,0,0,0,0,0,0,0,0
banana republic canada,Search | Conversion | Brand,2025-08-17,1341.0,150558.8,35350.0,0,0,0,0,0,0,0,0,0,0,0,0,0,0,0,0,0,0,0,0,0,0,0,0,0,0,0,0,0,0,0,0,0,0,0,0,0,0,0,0,0,0,0
banana republic canada,Search | Conversion | Brand,2025-08-24,1625.25,157588.63,37378.0,0,0,0,0,0,0,0,0,0,0,0,0,0,0,0,0,0,0,0,0,0,0,0,0,0,0,0,0,0,0,0,0,0,0,0,1,0,1,0,0,0,0,0
banana republic canada,Search | Conversion | Brand,2025-08-31,1516.1399999999999,141275.93,36035.0,0,0,0,0,0,0,0,0,0,0,0,0,0,0,0,0,0,0,0,0,0,0,0,0,0,0,0,0,0,0,0,0,0,0,0,1,0,1,0,0,0,0,0
banana republic canada,Search | Conversion | Brand,2025-09-07,1746.46,322976.67,41522.0,0,1,0,0,0,0,0,0,0,0,0,0,0,0,0,0,0,0,0,0,0,0,0,0,0,0,0,0,0,0,0,0,0,0,0,0,0,0,1,0,0,0,0
banana republic canada,Search | Conversion | Brand,2025-09-14,2666.69,382565.66,44193.0,0,2,0,0,0,0,0,0,0,0,0,0,0,0,0,0,0,0,0,0,0,0,0,0,0,0,0,0,0,0,0,0,0,0,0,0,0,0,2,0,0,0,0
banana republic canada,Search | Conversion | Brand,2025-09-21,2107.27,199163.32,35026.0,0,1,0,0,0,0,0,0,0,0,0,0,0,0,0,0,0,0,0,0,0,0,0,0,0,0,0,0,0,0,0,0,0,0,0,0,0,0,1,0,0,0,0
banana republic canada,Search | Conversion | Brand,2025-09-28,1505.48,116723.47,30220.0,0,0,0,0,0,0,0,0,0,0,0,0,0,0,0,0,0,0,0,0,0,0,0,0,0,0,0,0,0,0,0,0,0,0,0,0,0,0,0,0,0,0,0
banana republic canada,Search | Conversion | Brand,2025-10-05,1248.68,142082.08,30844.0,0,0,0,0,0,0,0,0,0,0,0,0,0,0,0,0,0,0,0,0,0,0,0,0,0,0,0,0,0,0,0,0,0,0,0,0,0,0,0,0,0,0,0
banana republic canada,Search | Conversion | Brand,2025-10-12,1406.28,137814.35,32948.0,0,0,0,0,0,0,0,0,0,0,0,0,0,0,0,0,0,0,0,0,0,0,0,0,0,0,0,0,0,0,0,0,0,0,0,0,0,0,0,0,0,0,0
banana republic canada,Search | Conversion | Brand,2025-10-19,1800.8799999999999,151018.53,36585.0,0,0,0,0,0,0,0,0,0,0,0,0,0,0,0,0,0,0,0,0,0,0,0,0,0,0,0,0,0,0,0,0,0,0,0,0,0,0,0,0,0,0,0
banana republic canada,Search | Conversion | Brand,2025-10-26,2013.3400000000001,193735.61,39538.0,0,0,0,0,0,0,0,0,0,0,0,0,0,0,0,0,0,0,0,0,0,0,0,0,0,0,0,0,0,0,0,0,0,0,0,0,0,0,0,0,0,0,0
banana republic canada,Search | Conversion | Brand,2025-11-02,3378.14,530121.17,55886.0,0,0,0,0,0,0,0,0,0,0,0,0,0,0,2,0,0,0,0,0,0,0,0,0,0,0,0,0,0,0,0,0,0,0,0,0,0,0,2,0,0,0,0
banana republic canada,Search | Conversion | Brand,2025-11-09,3694.97,297007.21,53570.0,0,0,0,0,0,0,0,0,0,0,0,0,0,0,1,0,0,0,0,0,0,0,0,0,0,0,0,0,0,0,0,0,0,0,0,0,0,0,1,0,0,0,0
banana republic canada,Search | Conversion | Brand,2025-11-16,2960.98,270160.83,55109.0,0,0,0,0,0,0,0,0,0,0,0,0,0,0,0,0,0,0,0,0,0,0,0,0,0,0,0,0,0,0,0,0,0,0,0,0,0,0,0,0,0,0,0
banana republic canada,Search | Conversion | Brand,2025-11-23,7868.33,685473.99,89008.0,0,0,0,0,0,0,0,0,0,0,0,0,0,0,0,0,0,0,0,0,0,0,0,0,0,0,0,0,0,2,0,0,0,0,0,0,0,0,2,0,0,0,0
banana republic canada,Search | Conversion | Brand,2025-11-30,5222.22,408626.15,62975.0,0,0,0,0,0,0,0,0,0,0,0,0,0,0,0,0,0,2,0,0,0,0,0,0,0,0,0,0,0,0,0,0,0,0,0,0,0,0,2,0,0,0,0
banana republic canada,Search | Conversion | Brand,2025-12-07,2339.14,209306.72,43930.0,0,0,0,0,0,0,0,0,0,0,0,0,0,0,0,0,0,0,0,0,0,0,0,0,0,0,0,0,0,0,2,0,0,0,0,0,0,0,2,0,0,0,0
banana republic canada,Search | Conversion | Brand,2025-12-14,1959.56,161596.03,41642.0,0,0,0,0,0,0,0,0,0,0,0,0,0,0,0,0,0,0,0,0,0,0,0,0,0,0,0,0,0,0,1,0,0,0,0,0,2,2,1,0,0,0,0
banana republic canada,Search | Conversion | Brand,2025-12-21,2234.25,227562.17,62620.0,0,0,0,0,0,0,0,0,0,0,0,0,0,0,0,0,0,0,0,0,0,0,0,0,0,0,0,0,0,0,0,1,0,0,0,0,2,2,0,0,1,0,0
banana republic canada,Search | Conversion | Brand,2025-12-28,1631.86,167564.26,48300.0,0,0,0,0,0,0,0,0,0,0,0,0,0,0,0,0,0,0,0,0,0,0,0,0,0,0,0,0,0,0,0,2,0,0,0,0,0,0,0,0,2,0,0
banana republic canada,Search | Conversion | Brand,2026-01-04,1147.28,131981.11,35469.0,0,0,0,0,0,0,0,0,0,0,0,0,0,0,0,0,0,0,0,0,0,0,0,0,0,0,0,0,0,0,0,1,2,0,0,0,0,0,0,0,2,0,0
banana republic canada,Search | Conversion | Brand,2026-01-11,1175.74,169026.8,35225.0,0,0,0,0,0,0,0,0,0,0,0,0,0,0,0,0,0,0,0,0,0,0,0,0,0,0,0,0,0,0,0,0,1,2,0,0,0,0,0,0,2,0,0
banana republic canada,Search | Conversion | Brand,2026-01-18,1560.08,173492.72,36587.0,0,0,0,0,0,0,0,0,0,0,0,0,0,0,0,0,0,0,0,0,0,0,0,0,0,0,0,0,0,0,0,0,0,2,0,0,0,0,0,0,2,0,0
banana republic canada,Search | Conversion | Brand,2026-01-25,1510.26,153444.46,34063.0,0,0,0,0,0,0,0,0,0,0,0,0,0,0,0,0,0,0,0,0,0,0,0,0,0,0,0,0,0,0,0,0,0,0,0,0,0,0,0,0,0,0,0
banana republic canada,Search | Conversion | Brand,2026-02-01,1416.98,136613.69,32774.0,0,0,0,0,0,0,0,0,0,0,0,0,0,0,0,0,0,0,0,0,0,0,0,0,0,0,0,0,0,0,0,0,0,0,0,0,0,0,0,0,0,0,0
banana republic canada,Search | Conversion | Brand,2026-02-08,1142.28,133356.48,30432.0,0,0,0,0,0,0,0,0,0,0,0,0,0,0,0,0,0,0,0,0,0,0,0,0,0,0,0,0,0,0,0,0,0,0,0,0,0,0,0,0,0,0,0
banana republic canada,Search | Conversion | Brand,2026-02-15,1278.72,135797.88999999998,32417.0,0,0,0,0,0,0,0,0,0,0,0,0,0,0,0,0,0,0,0,0,0,0,0,0,0,0,0,0,0,0,0,0,0,0,0,0,0,0,0,0,0,0,0
banana republic canada,Search | Conversion | Brand,2026-02-22,1457.63,115893.64,32203.0,0,0,0,0,0,0,0,0,0,0,0,0,0,0,0,0,0,0,0,0,0,0,0,0,0,0,0,0,0,0,0,0,0,0,0,0,0,0,0,0,0,0,0
banana republic canada,Search | Conversion | Brand,2026-03-01,1491.13,169191.79,37561.0,0,0,0,0,0,0,0,0,0,0,0,0,0,0,0,0,0,0,0,0,0,0,0,0,0,0,0,0,0,0,0,0,0,0,0,0,0,0,0,0,0,0,0
banana republic canada,Search | Conversion | Brand,2026-03-08,1742.71,397518.03,45536.0,0,1,0,0,0,0,0,0,0,0,0,0,0,0,0,0,0,0,0,0,0,0,0,0,0,0,0,0,0,0,0,0,0,0,0,0,0,0,1,0,0,0,0
banana republic canada,Search | Conversion | Brand,2026-03-15,3224.08,570401.6799999999,58637.0,0,2,0,0,0,0,0,0,0,0,0,0,0,0,0,0,0,0,0,0,0,0,0,0,0,0,0,0,0,0,0,0,0,0,0,0,0,0,2,0,0,0,0
banana republic canada,Search | Conversion | Brand,2026-03-22,2971.7799999999997,319943.56,46836.0,0,1,0,0,0,0,0,0,0,0,0,0,0,0,0,0,0,0,0,0,0,0,0,0,0,0,0,0,0,0,0,0,0,0,0,0,0,0,1,0,0,0,0
banana republic canada,Search | Conversion | Brand,2026-03-29,2119.22,153073.11,40196.0,0,0,0,0,0,0,0,0,0,0,0,0,0,0,0,0,0,0,0,0,0,0,0,0,0,0,0,0,0,0,0,0,0,0,1,0,0,0,0,0,0,0,1
banana republic canada,Search | Conversion | Brand,2026-04-05,1486.3899999999999,134557.43,38696.0,0,0,0,0,0,0,0,0,0,0,0,0,0,0,0,0,0,0,0,0,0,0,0,0,0,0,0,0,0,0,0,0,0,0,1,0,0,0,0,0,0,0,1
banana republic canada,Search | Conversion | Brand,2026-04-12,1532.29,156919.68,38510.0,0,0,0,0,0,0,0,0,0,0,0,0,0,0,0,0,0,0,0,0,0,0,0,0,0,0,0,0,0,0,0,0,0,0,0,0,0,0,0,0,0,0,0
banana republic canada,Search | Conversion | Brand,2026-04-19,1552.41,285695.31,41389.0,0,0,0,0,0,0,0,0,0,0,0,0,0,0,0,0,0,0,0,0,0,0,0,0,0,0,0,0,0,0,0,0,0,0,0,0,0,0,0,0,0,0,0
banana republic canada,Search | Conversion | Brand,2026-04-26,1943.46,217056.73,42732.0,0,0,0,0,0,0,0,0,0,0,0,0,0,0,0,0,0,0,0,0,0,0,0,0,0,0,0,0,0,0,0,0,0,0,0,0,0,0,0,0,0,0,0
banana republic canada,Search | Conversion | Brand,2026-05-03,1685.42,135649.87,39725.0,0,0,0,0,0,0,0,0,0,0,0,0,0,0,0,0,0,0,0,0,0,0,0,0,0,0,0,0,0,0,0,0,0,0,0,0,0,0,0,0,0,0,0
banana republic canada,Search | Conversion | Brand,2026-05-10,1654.85,207712.66,40216.0,0,0,0,0,0,0,0,0,0,0,0,0,0,0,0,0,0,0,0,0,0,0,0,1,0,0,0,0,0,0,0,0,0,0,0,0,0,0,0,0,0,0,1
banana republic canada,Search | Conversion | Brand,2026-05-17,1722.47,177564.99,39583.0,0,0,0,0,0,0,0,0,0,0,0,0,0,0,0,0,0,0,0,0,0,0,0,1,0,0,0,0,0,0,0,0,0,0,0,0,0,0,0,0,0,0,1
banana republic canada,Search | Conversion | Brand,2026-05-24,1524.56,100857.33,37585.0,0,0,0,0,0,0,0,0,0,0,0,0,0,0,0,0,0,0,0,0,0,0,0,0,0,0,0,0,0,0,0,0,0,0,0,0,0,0,0,0,0,0,0
banana republic canada,Search | Conversion | Brand,2026-05-31,1424.55,127603.63999999998,38311.0,0,0,0,0,0,0,0,0,0,0,0,0,0,0,0,0,0,0,0,0,0,0,0,0,0,0,0,0,0,0,0,0,0,0,0,0,0,0,0,0,0,0,0
banana republic canada,Search | Conversion | Brand,2026-06-07,1392.18,135975.08,38476.0,0,0,0,0,0,0,0,0,0,0,0,0,0,0,0,0,0,0,0,0,0,0,0,0,0,0,0,0,0,0,0,0,0,0,0,0,0,0,0,0,0,0,0
banana republic canada,Search | Conversion | Brand,2026-06-14,1397.4,153699.01,38697.0,0,0,0,0,0,0,0,0,0,0,0,0,0,0,0,0,0,0,0,0,0,0,0,0,0,0,0,0,0,0,0,0,0,0,0,0,0,0,0,0,0,0,0
banana republic canada,Search | Conversion | Brand,2026-06-21,1584.6200000000001,137345.19,35696.0,0,0,0,0,0,0,0,0,0,0,0,0,0,0,0,0,0,0,0,0,0,0,0,0,0,1,0,0,0,0,0,0,0,0,0,0,0,0,0,0,1,0,0
banana republic canada,Search | Conversion | Brand,2026-06-28,1750.8899999999999,162418.84,40096.0,0,0,0,0,0,0,0,0,0,0,0,0,0,0,0,0,0,0,0,0,0,0,0,0,0,1,2,0,0,0,0,0,0,0,0,0,0,0,0,0,2,0,0
banana republic canada,Search | Conversion | Brand,2026-07-05,1830.05,157642.88,37974.0,0,0,0,0,0,0,0,0,0,0,0,0,0,0,0,0,0,0,0,0,0,0,0,0,0,0,2,1,0,0,0,0,0,0,0,0,0,0,0,0,2,0,0
banana republic canada,Search | Conversion | Brand,2026-07-12,1866.58,177931.25,37923.0,0,0,0,0,0,0,0,0,0,0,0,0,0,0,0,0,0,0,0,0,0,0,0,0,0,0,0,2,0,0,0,0,0,0,0,0,0,0,0,0,2,0,0
banana republic canada,Search | Conversion | Brand,2026-07-19,1809.06,182188.26,37814.0,0,0,0,0,0,0,0,0,0,0,0,0,0,0,0,0,0,0,0,0,0,0,0,0,0,0,0,1,2,0,0,0,0,0,0,0,0,0,0,0,2,0,0
banana republic canada,Search | Conversion | Brand,2026-07-26,2014.0100000000002,213360.56,38792.0,0,0,0,0,0,0,0,0,0,0,0,0,0,0,0,0,0,0,0,0,0,1,0,0,0,0,0,0,1,0,0,0,0,0,0,0,0,0,0,0,1,0,1
banana republic canada,Search | Conversion | Brand,2026-08-02,1675.9099999999999,119053.14,34588.0,0,0,0,0,0,0,0,0,0,0,0,0,0,0,0,0,0,0,0,0,0,0,0,0,0,0,0,0,0,0,0,0,0,0,0,0,0,0,0,0,0,0,0
banana republic canada,Search | Conversion | Brand,2026-08-09,1428.95,106076.12,31920.0,0,0,0,0,0,0,0,0,0,0,0,0,0,0,0,0,0,0,0,0,0,0,0,0,0,0,0,0,0,0,0,0,0,0,0,0,0,0,0,0,0,0,0
banana republic canada,Search | Conversion | Brand,2026-08-16,1524.66,143733.22,35734.0,0,0,0,0,0,0,0,0,0,0,0,0,0,0,0,0,0,0,0,0,0,0,0,0,0,0,0,0,0,0,0,0,0,0,0,0,0,0,0,0,0,0,0
banana republic canada,Search | Conversion | PLA,2024-07-28,3867.21,25006.41,10433.0,0,0,0,0,0,0,0,0,0,0,0,0,0,0,0,0,0,0,0,0,0,0,0,0,0,0,0,0,2,0,0,0,0,0,0,0,0,0,0,0,2,0,0
banana republic canada,Search | Conversion | PLA,2024-08-04,11004.03,55814.47,26932.0,0,0,0,0,0,0,0,0,0,0,0,0,0,0,0,0,0,0,0,0,0,0,0,0,0,0,0,0,1,0,0,0,0,0,0,0,0,0,0,0,1,0,0
banana republic canada,Search | Conversion | PLA,2024-08-11,14628.02,67614.06,34925.0,0,0,0,0,0,0,0,0,0,0,0,0,0,0,0,0,0,0,0,0,0,0,0,0,0,0,0,0,0,0,0,0,0,0,0,0,0,0,0,0,0,0,0
banana republic canada,Search | Conversion | PLA,2024-08-18,12015.74,67346.43,31417.0,0,0,0,0,0,0,0,0,0,0,0,0,0,0,0,0,0,0,0,0,0,0,0,0,0,0,0,0,0,0,0,0,0,0,0,0,0,0,0,0,0,0,0
banana republic canada,Search | Conversion | PLA,2024-08-25,12279.29,72091.52,31063.0,0,0,0,0,0,0,0,0,0,0,0,0,0,0,0,0,0,0,0,0,0,0,0,0,0,0,0,0,0,0,0,0,0,0,0,0,0,0,0,0,0,0,0
banana republic canada,Search | Conversion | PLA,2024-09-01,8925.4,63572.740000000005,26677.0,0,0,0,0,0,0,0,0,0,0,0,0,0,0,0,0,0,0,0,0,0,0,0,0,0,0,0,0,0,0,0,0,0,0,0,0,0,0,0,0,0,0,0
banana republic canada,Search | Conversion | PLA,2024-09-08,16239.580000000002,57448.16,32578.0,0,0,0,0,0,0,0,0,0,0,0,0,0,0,0,0,0,0,0,0,0,0,0,0,0,0,0,0,0,0,0,0,0,0,0,0,0,0,0,0,0,0,0
banana republic canada,Search | Conversion | PLA,2024-09-15,49209.85,227263.74,72946.0,0,2,0,0,0,0,0,0,0,0,0,0,0,0,0,0,0,0,0,0,0,0,0,0,0,0,0,0,0,0,0,0,0,0,0,0,0,0,2,0,0,0,0
banana republic canada,Search | Conversion | PLA,2024-09-22,39822.37,200563.91999999998,63828.0,0,2,0,0,0,0,0,0,0,0,0,0,0,0,0,0,0,0,0,0,0,0,0,0,0,0,0,0,0,0,0,0,0,0,0,0,0,0,2,0,0,0,0
banana republic canada,Search | Conversion | PLA,2024-09-29,11477.91,75164.62,26575.0,0,1,0,0,0,0,0,0,0,0,0,0,0,0,0,0,0,0,0,0,0,0,0,0,0,0,0,0,0,0,0,0,0,0,0,0,0,0,1,0,0,0,0
banana republic canada,Search | Conversion | PLA,2024-10-06,10017.11,51165.100000000006,25616.0,0,0,0,0,0,0,0,0,0,0,0,0,0,0,0,0,0,0,0,0,0,0,0,0,0,0,0,0,0,0,0,0,0,0,0,0,0,0,0,0,0,0,0
banana republic canada,Search | Conversion | PLA,2024-10-13,10634.09,66537.23999999999,28622.0,0,0,0,0,0,0,0,0,0,0,0,0,0,0,0,0,0,0,0,0,0,0,0,0,0,0,0,0,0,0,0,0,0,0,0,0,0,0,0,0,0,0,0
banana republic canada,Search | Conversion | PLA,2024-10-20,11395.41,72285.92,28232.0,0,0,0,0,0,0,0,0,0,0,0,0,0,0,0,0,0,0,0,0,0,0,0,0,0,0,0,0,0,0,0,0,0,0,0,0,0,0,0,0,0,0,0
banana republic canada,Search | Conversion | PLA,2024-10-27,13763.8,121915.19,29507.0,0,0,0,0,0,0,0,0,0,0,0,0,0,0,1,0,0,0,0,0,0,0,0,0,0,0,0,0,0,0,0,0,0,0,0,0,0,0,1,0,0,0,0
banana republic canada,Search | Conversion | PLA,2024-11-03,57273.82,268843.64,76570.0,0,0,0,0,0,0,0,0,0,0,0,0,0,0,2,0,0,0,0,0,0,0,0,0,0,0,0,0,0,0,0,0,0,0,0,0,0,0,2,0,0,0,0
banana republic canada,Search | Conversion | PLA,2024-11-10,27436.95,123448.76999999999,44671.0,0,0,0,0,0,0,0,0,0,0,0,0,0,0,1,0,0,0,0,0,0,0,0,0,0,0,0,0,0,0,0,0,0,0,0,0,0,0,1,0,0,0,0
banana republic canada,Search | Conversion | PLA,2024-11-17,14382.96,70777.36,31312.0,0,0,0,0,0,0,0,0,0,0,0,0,0,0,0,0,0,0,0,0,0,0,0,0,0,0,0,0,0,0,0,0,0,0,0,0,0,0,0,0,0,0,0
banana republic canada,Search | Conversion | PLA,2024-11-24,75607.31,276785.82,79392.0,0,0,0,0,0,0,0,0,0,0,0,0,0,0,0,0,0,0,0,0,0,0,0,0,0,0,0,0,0,2,0,0,0,0,0,0,0,0,2,0,0,0,0
banana republic canada,Search | Conversion | PLA,2024-12-01,44856.57,189088.82,53814.0,0,0,0,0,0,0,0,0,0,0,0,0,0,0,0,0,0,2,0,0,0,0,0,0,0,0,0,0,0,0,0,0,0,0,0,0,0,0,2,0,0,0,0
banana republic canada,Search | Conversion | PLA,2024-12-08,21433.13,91671.12,37452.0,0,0,0,0,0,0,0,0,0,0,0,0,0,0,0,0,0,0,0,0,0,0,0,0,0,0,0,0,0,0,1,0,0,0,0,0,0,0,1,0,0,0,0
banana republic canada,Search | Conversion | PLA,2024-12-15,16228.76,76879.96,30868.0,0,0,0,0,0,0,0,0,0,0,0,0,0,0,0,0,0,0,0,0,0,0,0,0,0,0,0,0,0,0,1,0,0,0,0,0,0,0,1,0,0,0,0
banana republic canada,Search | Conversion | PLA,2024-12-22,7327.68,69540.47,26971.0,0,0,0,0,0,0,0,0,0,0,0,0,0,0,0,0,0,0,0,0,0,0,0,0,0,0,0,0,0,0,0,1,0,0,0,0,0,0,0,0,1,0,0
banana republic canada,Search | Conversion | PLA,2024-12-29,11549.74,60217.979999999996,30421.0,0,0,0,0,0,0,0,0,0,0,0,0,0,0,0,0,0,0,0,0,0,0,0,0,0,0,0,0,0,0,0,2,1,0,0,0,0,0,0,0,2,0,0
banana republic canada,Search | Conversion | PMAX,2025-01-05,5306.42,36858.07,12925.0,0,0,0,0,0,0,0,0,0,0,0,0,0,0,0,0,0,0,0,0,0,0,0,0,0,0,0,0,0,0,0,0,2,0,0,0,0,0,0,0,2,0,0
banana republic canada,Search | Conversion | PMAX,2025-01-12,4911.16,44718.14,13346.0,0,0,0,0,0,0,0,0,0,0,0,0,0,0,0,0,0,0,0,0,0,0,0,0,0,0,0,0,0,0,0,0,1,2,0,0,0,0,0,0,2,0,0
banana republic canada,Search | Conversion | PMAX,2025-01-19,3870.34,43283.07,12546.0,0,0,0,0,0,0,0,0,0,0,0,0,0,0,0,0,0,0,0,0,0,0,0,0,0,0,0,0,0,0,0,0,0,2,0,0,0,0,0,0,2,0,0
banana republic canada,Search | Conversion | PMAX,2025-01-26,2620.0499999999997,23664.48,8317.0,0,0,0,0,0,0,0,0,0,0,0,0,0,0,0,0,0,0,0,0,0,0,0,0,0,0,0,0,0,0,0,0,0,0,0,0,0,0,0,0,0,0,0
banana republic canada,Search | Conversion | PMAX,2025-02-02,2845.05,14083.47,6270.0,0,0,0,0,0,0,0,0,0,0,0,0,0,0,0,0,0,0,0,0,0,0,0,0,0,0,0,0,0,0,0,0,0,0,0,0,0,0,0,0,0,0,0
banana republic canada,Search | Conversion | PMAX,2025-02-09,4784.48,17155.31,8374.0,0,0,0,0,0,0,0,0,0,0,0,0,0,0,0,0,0,0,0,0,0,0,0,0,0,0,0,0,0,0,0,0,0,0,0,0,0,0,0,0,0,0,0
banana republic canada,Search | Conversion | PMAX,2025-02-16,5055.9,23390.05,8907.0,0,0,0,0,0,0,0,0,0,0,0,0,0,0,0,0,0,0,0,0,0,0,0,0,0,0,0,0,0,0,0,0,0,0,0,0,0,0,0,0,0,0,0
banana republic canada,Search | Conversion | PMAX,2025-02-23,10090.22,43383.97,15341.0,0,0,0,0,0,0,0,0,0,0,0,0,0,0,0,0,0,0,0,0,0,0,0,0,0,0,0,0,0,0,0,0,0,0,0,0,0,0,0,0,0,0,0
banana republic canada,Search | Conversion | PMAX,2025-03-02,11056.44,44686.56,18825.0,0,0,0,0,0,0,0,0,0,0,0,0,0,0,0,0,0,0,0,0,0,0,0,0,0,0,0,0,0,0,0,0,0,0,0,0,0,0,0,0,0,0,0
banana republic canada,Search | Conversion | PMAX,2025-03-09,11205.86,55341.25,20683.0,0,0,0,0,0,0,0,0,0,0,0,0,0,0,0,0,0,0,0,0,0,0,0,0,0,0,0,0,0,0,0,0,0,0,0,0,0,0,0,0,0,0,0
banana republic canada,Search | Conversion | PMAX,2025-03-16,11429.35,86901.42,23499.0,0,0,0,0,0,0,0,0,0,0,0,0,0,0,0,0,0,0,0,0,0,0,0,0,0,0,0,0,0,0,0,0,0,0,0,0,0,0,0,0,0,0,0
banana republic canada,Search | Conversion | PMAX,2025-03-23,20289.13,162954.36,30840.0,0,2,0,0,0,0,0,0,0,0,0,0,0,0,0,0,0,0,0,0,0,0,0,0,0,0,0,0,0,0,0,0,0,0,0,0,0,0,2,0,0,0,0
banana republic canada,Search | Conversion | PMAX,2025-03-30,24404.6,82728.55,26614.0,0,1,0,0,0,0,0,0,0,0,0,0,0,0,0,0,0,0,0,0,0,0,0,0,0,0,0,0,0,0,0,0,0,0,0,0,0,0,1,0,0,0,0
banana republic canada,Search | Conversion | PMAX,2025-04-06,4624.8099999999995,37353.090000000004,10764.0,0,0,0,0,0,0,0,0,0,0,0,0,0,0,0,0,0,0,0,0,0,0,0,0,0,0,0,0,0,0,0,0,0,0,0,0,0,0,0,0,0,0,0
banana republic canada,Search | Conversion | PMAX,2025-04-13,6088.9400000000005,36677.35,14175.0,0,0,0,0,0,0,0,0,0,0,0,0,0,0,0,0,0,0,0,0,0,0,0,0,0,0,0,0,0,0,0,0,0,0,1,0,0,0,0,0,0,0,1
banana republic canada,Search | Conversion | PMAX,2025-04-20,5763.49,54800.35,15182.0,0,0,0,0,0,0,0,0,0,0,0,0,0,0,0,0,0,0,0,0,0,0,0,0,0,0,0,0,0,0,0,0,0,0,1,0,0,0,0,0,0,0,1
banana republic canada,Search | Conversion | PMAX,2025-04-27,6861.8099999999995,32808.91,12274.0,0,0,0,0,0,0,0,0,0,0,0,0,0,0,0,0,0,0,0,0,0,0,0,0,0,0,0,0,0,0,0,0,0,0,0,0,0,0,0,0,0,0,0
banana republic canada,Search | Conversion | PMAX,2025-05-04,4188.57,26640.84,7592.0,0,0,0,0,0,0,0,0,0,0,0,0,0,0,0,0,0,0,0,0,0,0,0,0,0,0,0,0,0,0,0,0,0,0,0,0,0,0,0,0,0,0,0
banana republic canada,Search | Conversion | PMAX,2025-05-11,7144.32,58243.240000000005,12046.0,0,0,0,0,0,0,0,0,0,0,0,0,0,0,0,0,0,0,0,0,0,0,0,1,0,0,0,0,0,0,0,0,0,0,0,0,0,0,0,0,0,0,1
banana republic canada,Search | Conversion | PMAX,2025-05-18,7499.41,47826.2,13144.0,0,0,0,0,0,0,0,0,0,0,0,0,0,0,0,0,0,0,0,0,0,0,0,1,0,0,0,0,0,0,0,0,0,0,0,0,0,0,0,0,0,0,1
banana republic canada,Search | Conversion | PMAX,2025-05-25,5619.71,51117.5,12555.0,0,0,0,0,0,0,0,0,0,0,0,0,0,0,0,0,0,0,0,0,0,0,0,0,0,0,0,0,0,0,0,0,0,0,0,0,0,0,0,0,0,0,0
banana republic canada,Search | Conversion | PMAX,2025-06-01,5796.33,50361.39,13809.0,0,0,0,0,0,0,0,0,0,0,0,0,0,0,0,0,0,0,0,0,0,0,0,0,0,0,0,0,0,0,0,0,0,0,0,0,0,0,0,0,0,0,0
banana republic canada,Search | Conversion | PMAX,2025-06-08,5776.3099999999995,41156.88,11322.0,0,0,0,0,0,0,0,0,0,0,0,0,0,0,0,0,0,0,0,0,0,0,0,0,0,0,0,0,0,0,0,0,0,0,0,0,0,0,0,0,0,0,0
banana republic canada,Search | Conversion | PMAX,2025-06-15,4895.23,38075.74,11261.0,0,0,0,0,0,0,0,0,0,0,0,0,0,0,0,0,0,0,0,0,0,0,0,0,0,0,0,0,0,0,0,0,0,0,0,0,0,0,0,0,0,0,0
banana republic canada,Search | Conversion | PMAX,2025-06-22,7438.17,40561.6,13791.0,0,0,0,0,0,0,0,0,0,0,0,0,0,0,0,0,0,0,0,0,0,0,0,0,0,1,0,0,0,0,0,0,0,0,0,0,0,0,0,0,1,0,0
banana republic canada,Search | Conversion | PMAX,2025-06-29,6288.39,44262.83,12684.0,0,0,0,0,0,0,0,0,0,0,0,0,0,0,0,0,0,0,0,0,0,0,0,0,0,1,2,0,0,0,0,0,0,0,0,0,0,0,0,0,2,0,0
banana republic canada,Search | Conversion | PMAX,2025-07-06,5639.53,37949.11,10986.0,0,0,0,0,0,0,0,0,0,0,0,0,0,0,0,0,0,0,0,0,0,0,0,0,0,0,2,1,0,0,0,0,0,0,0,0,0,0,0,0,2,0,0
banana republic canada,Search | Conversion | PMAX,2025-07-13,4740.9,40765.21,10975.0,0,0,0,0,0,0,0,0,0,0,0,0,0,0,0,0,0,0,0,0,0,0,0,0,0,0,0,2,0,0,0,0,0,0,0,0,0,0,0,0,2,0,0
banana republic canada,Search | Conversion | PMAX,2025-07-20,6328.38,40321.21,12435.0,0,0,0,0,0,0,0,0,0,0,0,0,0,0,0,0,0,0,0,0,0,0,0,0,0,0,0,1,2,0,0,0,0,0,0,0,0,0,0,0,2,0,0
banana republic canada,Search | Conversion | PMAX,2025-07-27,3344.36,28769.809999999998,9015.0,0,0,0,0,0,0,0,0,0,0,0,0,0,0,0,0,0,0,0,0,0,0,0,0,0,0,0,0,2,0,0,0,0,0,0,0,0,0,0,0,2,0,0
banana republic canada,Search | Conversion | PMAX,2025-08-03,2316.9700000000003,19859.66,5529.0,0,0,0,0,0,0,0,0,0,0,0,0,0,0,0,0,0,0,0,0,0,0,0,0,0,0,0,0,1,0,0,0,0,0,0,0,0,0,0,0,1,0,0
banana republic canada,Search | Conversion | PMAX,2025-08-10,4147.75,21560.690000000002,7941.0,0,0,0,0,0,0,0,0,0,0,0,0,0,0,0,0,0,0,0,0,0,0,0,0,0,0,0,0,0,0,0,0,0,0,0,0,0,0,0,0,0,0,0
banana republic canada,Search | Conversion | PMAX,2025-08-17,3945.91,30236.7,8262.0,0,0,0,0,0,0,0,0,0,0,0,0,0,0,0,0,0,0,0,0,0,0,0,0,0,0,0,0,0,0,0,0,0,0,0,0,0,0,0,0,0,0,0
banana republic canada,Search | Conversion | PMAX,2025-08-24,5276.639999999999,37132.7,10580.0,0,0,0,0,0,0,0,0,0,0,0,0,0,0,0,0,0,0,0,0,0,0,0,0,0,0,0,0,0,0,0,0,0,0,0,1,0,1,0,0,0,0,0
banana republic canada,Search | Conversion | PMAX,2025-08-31,5256.32,34353.78,10554.0,0,0,0,0,0,0,0,0,0,0,0,0,0,0,0,0,0,0,0,0,0,0,0,0,0,0,0,0,0,0,0,0,0,0,0,1,0,1,0,0,0,0,0
banana republic canada,Search | Conversion | PMAX,2025-09-07,16528.36,96459.67,18871.0,0,1,0,0,0,0,0,0,0,0,0,0,0,0,0,0,0,0,0,0,0,0,0,0,0,0,0,0,0,0,0,0,0,0,0,0,0,0,1,0,0,0,0
banana republic canada,Search | Conversion | PMAX,2025-09-14,18688.62,128598.82,21989.0,0,2,0,0,0,0,0,0,0,0,0,0,0,0,0,0,0,0,0,0,0,0,0,0,0,0,0,0,0,0,0,0,0,0,0,0,0,0,2,0,0,0,0
banana republic canada,Search | Conversion | PMAX,2025-09-21,8555.699999999999,62162.84,13206.0,0,1,0,0,0,0,0,0,0,0,0,0,0,0,0,0,0,0,0,0,0,0,0,0,0,0,0,0,0,0,0,0,0,0,0,0,0,0,1,0,0,0,0
banana republic canada,Search | Conversion | PMAX,2025-09-28,5201.05,32627.96,10641.0,0,0,0,0,0,0,0,0,0,0,0,0,0,0,0,0,0,0,0,0,0,0,0,0,0,0,0,0,0,0,0,0,0,0,0,0,0,0,0,0,0,0,0
banana republic canada,Search | Conversion | PMAX,2025-10-05,5720.92,45471.32,11614.0,0,0,0,0,0,0,0,0,0,0,0,0,0,0,0,0,0,0,0,0,0,0,0,0,0,0,0,0,0,0,0,0,0,0,0,0,0,0,0,0,0,0,0
banana republic canada,Search | Conversion | PMAX,2025-10-12,6321.41,39729.71,12242.0,0,0,0,0,0,0,0,0,0,0,0,0,0,0,0,0,0,0,0,0,0,0,0,0,0,0,0,0,0,0,0,0,0,0,0,0,0,0,0,0,0,0,0
banana republic canada,Search | Conversion | PMAX,2025-10-19,7852.6,48578.31,13876.0,0,0,0,0,0,0,0,0,0,0,0,0,0,0,0,0,0,0,0,0,0,0,0,0,0,0,0,0,0,0,0,0,0,0,0,0,0,0,0,0,0,0,0
banana republic canada,Search | Conversion | PMAX,2025-10-26,7848.48,55090.89,15610.0,0,0,0,0,0,0,0,0,0,0,0,0,0,0,0,0,0,0,0,0,0,0,0,0,0,0,0,0,0,0,0,0,0,0,0,0,0,0,0,0,0,0,0
banana republic canada,Search | Conversion | PMAX,2025-11-02,31067.61,138393.47999999998,32634.0,0,0,0,0,0,0,0,0,0,0,0,0,0,0,2,0,0,0,0,0,0,0,0,0,0,0,0,0,0,0,0,0,0,0,0,0,0,0,2,0,0,0,0
banana republic canada,Search | Conversion | PMAX,2025-11-09,15608.439999999999,76182.81999999999,20325.0,0,0,0,0,0,0,0,0,0,0,0,0,0,0,1,0,0,0,0,0,0,0,0,0,0,0,0,0,0,0,0,0,0,0,0,0,0,0,1,0,0,0,0
banana republic canada,Search | Conversion | PMAX,2025-11-16,8577.369999999999,55723.48,14980.0,0,0,0,0,0,0,0,0,0,0,0,0,0,0,0,0,0,0,0,0,0,0,0,0,0,0,0,0,0,0,0,0,0,0,0,0,0,0,0,0,0,0,0
banana republic canada,Search | Conversion | PMAX,2025-11-23,40445.509999999995,190290.85,37346.0,0,0,0,0,0,0,0,0,0,0,0,0,0,0,0,0,0,0,0,0,0,0,0,0,0,0,0,0,0,2,0,0,0,0,0,0,0,0,2,0,0,0,0
banana republic canada,Search | Conversion | PMAX,2025-11-30,38454.87,174873.03,40878.0,0,0,0,0,0,0,0,0,0,0,0,0,0,0,0,0,0,2,0,0,0,0,0,0,0,0,0,0,0,0,0,0,0,0,0,0,0,0,2,0,0,0,0
banana republic canada,Search | Conversion | PMAX,2025-12-07,9865.77,57971.73,16997.0,0,0,0,0,0,0,0,0,0,0,0,0,0,0,0,0,0,0,0,0,0,0,0,0,0,0,0,0,0,0,2,0,0,0,0,0,0,0,2,0,0,0,0
banana republic canada,Search | Conversion | PMAX,2025-12-14,5140.05,36382.42,11467.0,0,0,0,0,0,0,0,0,0,0,0,0,0,0,0,0,0,0,0,0,0,0,0,0,0,0,0,0,0,0,1,0,0,0,0,0,2,2,1,0,0,0,0
banana republic canada,Search | Conversion | PMAX,2025-12-21,7063.549999999999,42411.85,15429.0,0,0,0,0,0,0,0,0,0,0,0,0,0,0,0,0,0,0,0,0,0,0,0,0,0,0,0,0,0,0,0,1,0,0,0,0,2,2,0,0,1,0,0
banana republic canada,Search | Conversion | PMAX,2025-12-28,5616.49,41800.479999999996,13968.0,0,0,0,0,0,0,0,0,0,0,0,0,0,0,0,0,0,0,0,0,0,0,0,0,0,0,0,0,0,0,0,2,0,0,0,0,0,0,0,0,2,0,0
banana republic canada,Search | Conversion | PMAX,2026-01-04,4831.28,37411.09,13088.0,0,0,0,0,0,0,0,0,0,0,0,0,0,0,0,0,0,0,0,0,0,0,0,0,0,0,0,0,0,0,0,1,2,0,0,0,0,0,0,0,2,0,0
banana republic canada,Search | Conversion | PMAX,2026-01-11,3790.6099999999997,31958.629999999997,11110.0,0,0,0,0,0,0,0,0,0,0,0,0,0,0,0,0,0,0,0,0,0,0,0,0,0,0,0,0,0,0,0,0,1,2,0,0,0,0,0,0,2,0,0
banana republic canada,Search | Conversion | PMAX,2026-01-18,4867.5199999999995,59632.06,12998.0,0,0,0,0,0,0,0,0,0,0,0,0,0,0,0,0,0,0,0,0,0,0,0,0,0,0,0,0,0,0,0,0,0,2,0,0,0,0,0,0,2,0,0
banana republic canada,Search | Conversion | PMAX,2026-01-25,3407.02,36930.12,10521.0,0,0,0,0,0,0,0,0,0,0,0,0,0,0,0,0,0,0,0,0,0,0,0,0,0,0,0,0,0,0,0,0,0,0,0,0,0,0,0,0,0,0,0
banana republic canada,Search | Conversion | PMAX,2026-02-01,5430.86,39311.56,14263.0,0,0,0,0,0,0,0,0,0,0,0,0,0,0,0,0,0,0,0,0,0,0,0,0,0,0,0,0,0,0,0,0,0,0,0,0,0,0,0,0,0,0,0
banana republic canada,Search | Conversion | PMAX,2026-02-08,5600.19,42344.08,14687.0,0,0,0,0,0,0,0,0,0,0,0,0,0,0,0,0,0,0,0,0,0,0,0,0,0,0,0,0,0,0,0,0,0,0,0,0,0,0,0,0,0,0,0
banana republic canada,Search | Conversion | PMAX,2026-02-15,7319.620000000001,48004.95,18081.0,0,0,0,0,0,0,0,0,0,0,0,0,0,0,0,0,0,0,0,0,0,0,0,0,0,0,0,0,0,0,0,0,0,0,0,0,0,0,0,0,0,0,0
banana republic canada,Search | Conversion | PMAX,2026-02-22,6916.360000000001,49042.14,17606.0,0,0,0,0,0,0,0,0,0,0,0,0,0,0,0,0,0,0,0,0,0,0,0,0,0,0,0,0,0,0,0,0,0,0,0,0,0,0,0,0,0,0,0
banana republic canada,Search | Conversion | PMAX,2026-03-01,6429.53,52244.86,17643.0,0,0,0,0,0,0,0,0,0,0,0,0,0,0,0,0,0,0,0,0,0,0,0,0,0,0,0,0,0,0,0,0,0,0,0,0,0,0,0,0,0,0,0
banana republic canada,Search | Conversion | PMAX,2026-03-08,18484.6,122331.13,29844.0,0,1,0,0,0,0,0,0,0,0,0,0,0,0,0,0,0,0,0,0,0,0,0,0,0,0,0,0,0,0,0,0,0,0,0,0,0,0,1,0,0,0,0
banana republic canada,Search | Conversion | PMAX,2026-03-15,24707.2,176975.56,40154.0,0,2,0,0,0,0,0,0,0,0,0,0,0,0,0,0,0,0,0,0,0,0,0,0,0,0,0,0,0,0,0,0,0,0,0,0,0,0,2,0,0,0,0
banana republic canada,Search | Conversion | PMAX,2026-03-22,9993.630000000001,79192.41,22650.0,0,1,0,0,0,0,0,0,0,0,0,0,0,0,0,0,0,0,0,0,0,0,0,0,0,0,0,0,0,0,0,0,0,0,0,0,0,0,1,0,0,0,0
banana republic canada,Search | Conversion | PMAX,2026-03-29,4874.51,45065.13,14601.0,0,0,0,0,0,0,0,0,0,0,0,0,0,0,0,0,0,0,0,0,0,0,0,0,0,0,0,0,0,0,0,0,0,0,1,0,0,0,0,0,0,0,1
banana republic canada,Search | Conversion | PMAX,2026-04-05,2396.96,27028.36,9126.0,0,0,0,0,0,0,0,0,0,0,0,0,0,0,0,0,0,0,0,0,0,0,0,0,0,0,0,0,0,0,0,0,0,0,1,0,0,0,0,0,0,0,1
banana republic canada,Search | Conversion | PMAX,2026-04-12,5613.26,43507.85,15458.0,0,0,0,0,0,0,0,0,0,0,0,0,0,0,0,0,0,0,0,0,0,0,0,0,0,0,0,0,0,0,0,0,0,0,0,0,0,0,0,0,0,0,0
banana republic canada,Search | Conversion | PMAX,2026-04-19,7099.37,85167.04000000001,16583.0,0,0,0,0,0,0,0,0,0,0,0,0,0,0,0,0,0,0,0,0,0,0,0,0,0,0,0,0,0,0,0,0,0,0,0,0,0,0,0,0,0,0,0
banana republic canada,Search | Conversion | PMAX,2026-04-26,6763.23,77673.72,17183.0,0,0,0,0,0,0,0,0,0,0,0,0,0,0,0,0,0,0,0,0,0,0,0,0,0,0,0,0,0,0,0,0,0,0,0,0,0,0,0,0,0,0,0
banana republic canada,Search | Conversion | PMAX,2026-05-03,8200.55,40892.28,18647.0,0,0,0,0,0,0,0,0,0,0,0,0,0,0,0,0,0,0,0,0,0,0,0,0,0,0,0,0,0,0,0,0,0,0,0,0,0,0,0,0,0,0,0
banana republic canada,Search | Conversion | PMAX,2026-05-10,6821.26,64714.369999999995,18432.0,0,0,0,0,0,0,0,0,0,0,0,0,0,0,0,0,0,0,0,0,0,0,0,1,0,0,0,0,0,0,0,0,0,0,0,0,0,0,0,0,0,0,1
banana republic canada,Search | Conversion | PMAX,2026-05-17,4923.57,52678.3,20202.0,0,0,0,0,0,0,0,0,0,0,0,0,0,0,0,0,0,0,0,0,0,0,0,1,0,0,0,0,0,0,0,0,0,0,0,0,0,0,0,0,0,0,1
banana republic canada,Search | Conversion | PMAX,2026-05-24,5000.74,48618.65,21370.0,0,0,0,0,0,0,0,0,0,0,0,0,0,0,0,0,0,0,0,0,0,0,0,0,0,0,0,0,0,0,0,0,0,0,0,0,0,0,0,0,0,0,0
banana republic canada,Search | Conversion | PMAX,2026-05-31,8055.42,60395.2,26413.0,0,0,0,0,0,0,0,0,0,0,0,0,0,0,0,0,0,0,0,0,0,0,0,0,0,0,0,0,0,0,0,0,0,0,0,0,0,0,0,0,0,0,0
banana republic canada,Search | Conversion | PMAX,2026-06-07,4712.32,38967.89,16476.0,0,0,0,0,0,0,0,0,0,0,0,0,0,0,0,0,0,0,0,0,0,0,0,0,0,0,0,0,0,0,0,0,0,0,0,0,0,0,0,0,0,0,0
banana republic canada,Search | Conversion | PMAX,2026-06-14,4520.2,33163.46,16797.0,0,0,0,0,0,0,0,0,0,0,0,0,0,0,0,0,0,0,0,0,0,0,0,0,0,0,0,0,0,0,0,0,0,0,0,0,0,0,0,0,0,0,0
banana republic canada,Search | Conversion | PMAX,2026-06-21,4238.16,38490.520000000004,16872.0,0,0,0,0,0,0,0,0,0,0,0,0,0,0,0,0,0,0,0,0,0,0,0,0,0,1,0,0,0,0,0,0,0,0,0,0,0,0,0,0,1,0,0
banana republic canada,Search | Conversion | PMAX,2026-06-28,6613.97,44762.23,21503.0,0,0,0,0,0,0,0,0,0,0,0,0,0,0,0,0,0,0,0,0,0,0,0,0,0,1,2,0,0,0,0,0,0,0,0,0,0,0,0,0,2,0,0
banana republic canada,Search | Conversion | PMAX,2026-07-05,4221.66,31582.08,13512.0,0,0,0,0,0,0,0,0,0,0,0,0,0,0,0,0,0,0,0,0,0,0,0,0,0,0,2,1,0,0,0,0,0,0,0,0,0,0,0,0,2,0,0
banana republic canada,Search | Conversion | PMAX,2026-07-12,5365.08,43876.229999999996,14871.0,0,0,0,0,0,0,0,0,0,0,0,0,0,0,0,0,0,0,0,0,0,0,0,0,0,0,0,2,0,0,0,0,0,0,0,0,0,0,0,0,2,0,0
banana republic canada,Search | Conversion | PMAX,2026-07-19,6124.05,51560.229999999996,17733.0,0,0,0,0,0,0,0,0,0,0,0,0,0,0,0,0,0,0,0,0,0,0,0,0,0,0,0,1,2,0,0,0,0,0,0,0,0,0,0,0,2,0,0
banana republic canada,Search | Conversion | PMAX,2026-07-26,5395.11,42873.16,13948.0,0,0,0,0,0,0,0,0,0,0,0,0,0,0,0,0,0,0,0,0,0,1,0,0,0,0,0,0,1,0,0,0,0,0,0,0,0,0,0,0,1,0,1
banana republic canada,Search | Conversion | PMAX,2026-08-02,3985.46,19434.77,11383.0,0,0,0,0,0,0,0,0,0,0,0,0,0,0,0,0,0,0,0,0,0,0,0,0,0,0,0,0,0,0,0,0,0,0,0,0,0,0,0,0,0,0,0
banana republic canada,Search | Conversion | PMAX,2026-08-09,4318.69,26429.96,11271.0,0,0,0,0,0,0,0,0,0,0,0,0,0,0,0,0,0,0,0,0,0,0,0,0,0,0,0,0,0,0,0,0,0,0,0,0,0,0,0,0,0,0,0
banana republic canada,Search | Conversion | PMAX,2026-08-16,3374.92,26844.08,10152.0,0,0,0,0,0,0,0,0,0,0,0,0,0,0,0,0,0,0,0,0,0,0,0,0,0,0,0,0,0,0,0,0,0,0,0,0,0,0,0,0,0,0,0
banana republic canada,Search | Conversion | RSC,2025-01-05,4608.79,30645.93,15529.0,0,0,0,0,0,0,0,0,0,0,0,0,0,0,0,0,0,0,0,0,0,0,0,0,0,0,0,0,0,0,0,0,2,0,0,0,0,0,0,0,2,0,0
banana republic canada,Search | Conversion | RSC,2025-01-12,6424.55,50161.55,18839.0,0,0,0,0,0,0,0,0,0,0,0,0,0,0,0,0,0,0,0,0,0,0,0,0,0,0,0,0,0,0,0,0,1,2,0,0,0,0,0,0,2,0,0
banana republic canada,Search | Conversion | RSC,2025-01-19,5140.99,50772.63,17547.0,0,0,0,0,0,0,0,0,0,0,0,0,0,0,0,0,0,0,0,0,0,0,0,0,0,0,0,0,0,0,0,0,0,2,0,0,0,0,0,0,2,0,0
banana republic canada,Search | Conversion | RSC,2025-01-26,4281.6,47739.03,15910.0,0,0,0,0,0,0,0,0,0,0,0,0,0,0,0,0,0,0,0,0,0,0,0,0,0,0,0,0,0,0,0,0,0,0,0,0,0,0,0,0,0,0,0
banana republic canada,Search | Conversion | RSC,2025-02-02,8215.3,61757.79,24049.0,0,0,0,0,0,0,0,0,0,0,0,0,0,0,0,0,0,0,0,0,0,0,0,0,0,0,0,0,0,0,0,0,0,0,0,0,0,0,0,0,0,0,0
banana republic canada,Search | Conversion | RSC,2025-02-09,8054.68,57180.71,26142.0,0,0,0,0,0,0,0,0,0,0,0,0,0,0,0,0,0,0,0,0,0,0,0,0,0,0,0,0,0,0,0,0,0,0,0,0,0,0,0,0,0,0,0
banana republic canada,Search | Conversion | RSC,2025-02-16,7785.86,51705.08,24621.0,0,0,0,0,0,0,0,0,0,0,0,0,0,0,0,0,0,0,0,0,0,0,0,0,0,0,0,0,0,0,0,0,0,0,0,0,0,0,0,0,0,0,0
banana republic canada,Search | Conversion | RSC,2025-02-23,10580.529999999999,62981.79,27962.0,0,0,0,0,0,0,0,0,0,0,0,0,0,0,0,0,0,0,0,0,0,0,0,0,0,0,0,0,0,0,0,0,0,0,0,0,0,0,0,0,0,0,0
banana republic canada,Search | Conversion | RSC,2025-03-02,11115.75,67644.87,28986.0,0,0,0,0,0,0,0,0,0,0,0,0,0,0,0,0,0,0,0,0,0,0,0,0,0,0,0,0,0,0,0,0,0,0,0,0,0,0,0,0,0,0,0
banana republic canada,Search | Conversion | RSC,2025-03-09,8704.27,55432.44,24194.0,0,0,0,0,0,0,0,0,0,0,0,0,0,0,0,0,0,0,0,0,0,0,0,0,0,0,0,0,0,0,0,0,0,0,0,0,0,0,0,0,0,0,0
banana republic canada,Search | Conversion | RSC,2025-03-16,7023.05,58364.880000000005,21517.0,0,0,0,0,0,0,0,0,0,0,0,0,0,0,0,0,0,0,0,0,0,0,0,0,0,0,0,0,0,0,0,0,0,0,0,0,0,0,0,0,0,0,0
banana republic canada,Search | Conversion | RSC,2025-03-23,22009.31,108114.58,35255.0,0,2,0,0,0,0,0,0,0,0,0,0,0,0,0,0,0,0,0,0,0,0,0,0,0,0,0,0,0,0,0,0,0,0,0,0,0,0,2,0,0,0,0
banana republic canada,Search | Conversion | RSC,2025-03-30,16857.31,64716.41,29789.0,0,1,0,0,0,0,0,0,0,0,0,0,0,0,0,0,0,0,0,0,0,0,0,0,0,0,0,0,0,0,0,0,0,0,0,0,0,0,1,0,0,0,0
banana republic canada,Search | Conversion | RSC,2025-04-06,5409.02,43906.52,18404.0,0,0,0,0,0,0,0,0,0,0,0,0,0,0,0,0,0,0,0,0,0,0,0,0,0,0,0,0,0,0,0,0,0,0,0,0,0,0,0,0,0,0,0
banana republic canada,Search | Conversion | RSC,2025-04-13,5506.26,43175.99,17455.0,0,0,0,0,0,0,0,0,0,0,0,0,0,0,0,0,0,0,0,0,0,0,0,0,0,0,0,0,0,0,0,0,0,0,1,0,0,0,0,0,0,0,1
banana republic canada,Search | Conversion | RSC,2025-04-20,4592.59,31081.1,16335.0,0,0,0,0,0,0,0,0,0,0,0,0,0,0,0,0,0,0,0,0,0,0,0,0,0,0,0,0,0,0,0,0,0,0,1,0,0,0,0,0,0,0,1
banana republic canada,Search | Conversion | RSC,2025-04-27,7360.929999999999,47176.17,22598.0,0,0,0,0,0,0,0,0,0,0,0,0,0,0,0,0,0,0,0,0,0,0,0,0,0,0,0,0,0,0,0,0,0,0,0,0,0,0,0,0,0,0,0
banana republic canada,Search | Conversion | RSC,2025-05-04,8095.23,45860.57,19923.0,0,0,0,0,0,0,0,0,0,0,0,0,0,0,0,0,0,0,0,0,0,0,0,0,0,0,0,0,0,0,0,0,0,0,0,0,0,0,0,0,0,0,0
banana republic canada,Search | Conversion | RSC,2025-05-11,12779.08,79653.53,31386.0,0,0,0,0,0,0,0,0,0,0,0,0,0,0,0,0,0,0,0,0,0,0,0,1,0,0,0,0,0,0,0,0,0,0,0,0,0,0,0,0,0,0,1
banana republic canada,Search | Conversion | RSC,2025-05-18,9763.220000000001,71094.79,27687.0,0,0,0,0,0,0,0,0,0,0,0,0,0,0,0,0,0,0,0,0,0,0,0,1,0,0,0,0,0,0,0,0,0,0,0,0,0,0,0,0,0,0,1
banana republic canada,Search | Conversion | RSC,2025-05-25,6930.66,46377.82,23476.0,0,0,0,0,0,0,0,0,0,0,0,0,0,0,0,0,0,0,0,0,0,0,0,0,0,0,0,0,0,0,0,0,0,0,0,0,0,0,0,0,0,0,0
banana republic canada,Search | Conversion | RSC,2025-06-01,7041.0,52256.39,23819.0,0,0,0,0,0,0,0,0,0,0,0,0,0,0,0,0,0,0,0,0,0,0,0,0,0,0,0,0,0,0,0,0,0,0,0,0,0,0,0,0,0,0,0
banana republic canada,Search | Conversion | RSC,2025-06-08,7180.04,41021.08,23143.0,0,0,0,0,0,0,0,0,0,0,0,0,0,0,0,0,0,0,0,0,0,0,0,0,0,0,0,0,0,0,0,0,0,0,0,0,0,0,0,0,0,0,0
banana republic canada,Search | Conversion | RSC,2025-06-15,7217.66,43502.57,22267.0,0,0,0,0,0,0,0,0,0,0,0,0,0,0,0,0,0,0,0,0,0,0,0,0,0,0,0,0,0,0,0,0,0,0,0,0,0,0,0,0,0,0,0
banana republic canada,Search | Conversion | RSC,2025-06-22,8522.47,40687.28,23555.0,0,0,0,0,0,0,0,0,0,0,0,0,0,0,0,0,0,0,0,0,0,0,0,0,0,1,0,0,0,0,0,0,0,0,0,0,0,0,0,0,1,0,0
banana republic canada,Search | Conversion | RSC,2025-06-29,8742.14,47095.04,22737.0,0,0,0,0,0,0,0,0,0,0,0,0,0,0,0,0,0,0,0,0,0,0,0,0,0,1,2,0,0,0,0,0,0,0,0,0,0,0,0,0,2,0,0
banana republic canada,Search | Conversion | RSC,2025-07-06,7385.75,39510.46,20247.0,0,0,0,0,0,0,0,0,0,0,0,0,0,0,0,0,0,0,0,0,0,0,0,0,0,0,2,1,0,0,0,0,0,0,0,0,0,0,0,0,2,0,0
banana republic canada,Search | Conversion | RSC,2025-07-13,8513.22,54714.37,23218.0,0,0,0,0,0,0,0,0,0,0,0,0,0,0,0,0,0,0,0,0,0,0,0,0,0,0,0,2,0,0,0,0,0,0,0,0,0,0,0,0,2,0,0
banana republic canada,Search | Conversion | RSC,2025-07-20,8946.91,51462.54,23005.0,0,0,0,0,0,0,0,0,0,0,0,0,0,0,0,0,0,0,0,0,0,0,0,0,0,0,0,1,2,0,0,0,0,0,0,0,0,0,0,0,2,0,0
banana republic canada,Search | Conversion | RSC,2025-07-27,5432.38,34874.13,17944.0,0,0,0,0,0,0,0,0,0,0,0,0,0,0,0,0,0,0,0,0,0,0,0,0,0,0,0,0,2,0,0,0,0,0,0,0,0,0,0,0,2,0,0
banana republic canada,Search | Conversion | RSC,2025-08-03,7367.12,40622.36,21538.0,0,0,0,0,0,0,0,0,0,0,0,0,0,0,0,0,0,0,0,0,0,0,0,0,0,0,0,0,1,0,0,0,0,0,0,0,0,0,0,0,1,0,0
banana republic canada,Search | Conversion | RSC,2025-08-10,7015.77,38999.19,19636.0,0,0,0,0,0,0,0,0,0,0,0,0,0,0,0,0,0,0,0,0,0,0,0,0,0,0,0,0,0,0,0,0,0,0,0,0,0,0,0,0,0,0,0
banana republic canada,Search | Conversion | RSC,2025-08-17,6519.97,40192.659999999996,19413.0,0,0,0,0,0,0,0,0,0,0,0,0,0,0,0,0,0,0,0,0,0,0,0,0,0,0,0,0,0,0,0,0,0,0,0,0,0,0,0,0,0,0,0
banana republic canada,Search | Conversion | RSC,2025-08-24,4801.57,36774.51,16713.0,0,0,0,0,0,0,0,0,0,0,0,0,0,0,0,0,0,0,0,0,0,0,0,0,0,0,0,0,0,0,0,0,0,0,0,1,0,1,0,0,0,0,0
banana republic canada,Search | Conversion | RSC,2025-08-31,6927.7,39825.19,19282.0,0,0,0,0,0,0,0,0,0,0,0,0,0,0,0,0,0,0,0,0,0,0,0,0,0,0,0,0,0,0,0,0,0,0,0,1,0,1,0,0,0,0,0
banana republic canada,Search | Conversion | RSC,2025-09-07,27074.120000000003,114338.79,35058.0,0,1,0,0,0,0,0,0,0,0,0,0,0,0,0,0,0,0,0,0,0,0,0,0,0,0,0,0,0,0,0,0,0,0,0,0,0,0,1,0,0,0,0
banana republic canada,Search | Conversion | RSC,2025-09-14,21415.94,110786.31999999999,34482.0,0,2,0,0,0,0,0,0,0,0,0,0,0,0,0,0,0,0,0,0,0,0,0,0,0,0,0,0,0,0,0,0,0,0,0,0,0,0,2,0,0,0,0
banana republic canada,Search | Conversion | RSC,2025-09-21,13501.82,66196.51999999999,24719.0,0,1,0,0,0,0,0,0,0,0,0,0,0,0,0,0,0,0,0,0,0,0,0,0,0,0,0,0,0,0,0,0,0,0,0,0,0,0,1,0,0,0,0
banana republic canada,Search | Conversion | RSC,2025-09-28,7367.719999999999,32076.510000000002,18422.0,0,0,0,0,0,0,0,0,0,0,0,0,0,0,0,0,0,0,0,0,0,0,0,0,0,0,0,0,0,0,0,0,0,0,0,0,0,0,0,0,0,0,0
banana republic canada,Search | Conversion | RSC,2025-10-05,8041.14,43564.97,18636.0,0,0,0,0,0,0,0,0,0,0,0,0,0,0,0,0,0,0,0,0,0,0,0,0,0,0,0,0,0,0,0,0,0,0,0,0,0,0,0,0,0,0,0
banana republic canada,Search | Conversion | RSC,2025-10-12,9566.05,46683.240000000005,21591.0,0,0,0,0,0,0,0,0,0,0,0,0,0,0,0,0,0,0,0,0,0,0,0,0,0,0,0,0,0,0,0,0,0,0,0,0,0,0,0,0,0,0,0
banana republic canada,Search | Conversion | RSC,2025-10-19,9365.2,46019.44,22083.0,0,0,0,0,0,0,0,0,0,0,0,0,0,0,0,0,0,0,0,0,0,0,0,0,0,0,0,0,0,0,0,0,0,0,0,0,0,0,0,0,0,0,0
banana republic canada,Search | Conversion | RSC,2025-10-26,11689.01,62608.51,25917.0,0,0,0,0,0,0,0,0,0,0,0,0,0,0,0,0,0,0,0,0,0,0,0,0,0,0,0,0,0,0,0,0,0,0,0,0,0,0,0,0,0,0,0
banana republic canada,Search | Conversion | RSC,2025-11-02,56400.64,208049.46,59741.0,0,0,0,0,0,0,0,0,0,0,0,0,0,0,2,0,0,0,0,0,0,0,0,0,0,0,0,0,0,0,0,0,0,0,0,0,0,0,2,0,0,0,0
banana republic canada,Search | Conversion | RSC,2025-11-09,29456.53,131956.21,42576.0,0,0,0,0,0,0,0,0,0,0,0,0,0,0,1,0,0,0,0,0,0,0,0,0,0,0,0,0,0,0,0,0,0,0,0,0,0,0,1,0,0,0,0
banana republic canada,Search | Conversion | RSC,2025-11-16,12203.29,68498.85,28282.0,0,0,0,0,0,0,0,0,0,0,0,0,0,0,0,0,0,0,0,0,0,0,0,0,0,0,0,0,0,0,0,0,0,0,0,0,0,0,0,0,0,0,0
banana republic canada,Search | Conversion | RSC,2025-11-23,54891.9,215171.1,61195.0,0,0,0,0,0,0,0,0,0,0,0,0,0,0,0,0,0,0,0,0,0,0,0,0,0,0,0,0,0,2,0,0,0,0,0,0,0,0,2,0,0,0,0
banana republic canada,Search | Conversion | RSC,2025-11-30,34823.43,129075.51,40357.0,0,0,0,0,0,0,0,0,0,0,0,0,0,0,0,0,0,2,0,0,0,0,0,0,0,0,0,0,0,0,0,0,0,0,0,0,0,0,2,0,0,0,0
banana republic canada,Search | Conversion | RSC,2025-12-07,16677.73,67239.41,28937.0,0,0,0,0,0,0,0,0,0,0,0,0,0,0,0,0,0,0,0,0,0,0,0,0,0,0,0,0,0,0,2,0,0,0,0,0,0,0,2,0,0,0,0
banana republic canada,Search | Conversion | RSC,2025-12-14,7510.820000000001,44010.01,19804.0,0,0,0,0,0,0,0,0,0,0,0,0,0,0,0,0,0,0,0,0,0,0,0,0,0,0,0,0,0,0,1,0,0,0,0,0,2,2,1,0,0,0,0
banana republic canada,Search | Conversion | RSC,2025-12-21,8728.95,39315.11,22908.0,0,0,0,0,0,0,0,0,0,0,0,0,0,0,0,0,0,0,0,0,0,0,0,0,0,0,0,0,0,0,0,1,0,0,0,0,2,2,0,0,1,0,0
banana republic canada,Search | Conversion | RSC,2025-12-28,7195.21,36185.0,22907.0,0,0,0,0,0,0,0,0,0,0,0,0,0,0,0,0,0,0,0,0,0,0,0,0,0,0,0,0,0,0,0,2,0,0,0,0,0,0,0,0,2,0,0
banana republic canada,Search | Conversion | RSC,2026-01-04,5986.25,23196.47,18680.0,0,0,0,0,0,0,0,0,0,0,0,0,0,0,0,0,0,0,0,0,0,0,0,0,0,0,0,0,0,0,0,1,2,0,0,0,0,0,0,0,2,0,0
banana republic canada,Search | Conversion | RSC,2026-01-11,5776.76,34362.17,19098.0,0,0,0,0,0,0,0,0,0,0,0,0,0,0,0,0,0,0,0,0,0,0,0,0,0,0,0,0,0,0,0,0,1,2,0,0,0,0,0,0,2,0,0
banana republic canada,Search | Conversion | RSC,2026-01-18,7146.99,44386.15,22694.0,0,0,0,0,0,0,0,0,0,0,0,0,0,0,0,0,0,0,0,0,0,0,0,0,0,0,0,0,0,0,0,0,0,2,0,0,0,0,0,0,2,0,0
banana republic canada,Search | Conversion | RSC,2026-01-25,7142.88,37020.19,23388.0,0,0,0,0,0,0,0,0,0,0,0,0,0,0,0,0,0,0,0,0,0,0,0,0,0,0,0,0,0,0,0,0,0,0,0,0,0,0,0,0,0,0,0
banana republic canada,Search | Conversion | RSC,2026-02-01,8539.59,38727.22,24992.0,0,0,0,0,0,0,0,0,0,0,0,0,0,0,0,0,0,0,0,0,0,0,0,0,0,0,0,0,0,0,0,0,0,0,0,0,0,0,0,0,0,0,0
banana republic canada,Search | Conversion | RSC,2026-02-08,7929.64,29952.08,22999.0,0,0,0,0,0,0,0,0,0,0,0,0,0,0,0,0,0,0,0,0,0,0,0,0,0,0,0,0,0,0,0,0,0,0,0,0,0,0,0,0,0,0,0
banana republic canada,Search | Conversion | RSC,2026-02-15,9799.55,42769.35,27349.0,0,0,0,0,0,0,0,0,0,0,0,0,0,0,0,0,0,0,0,0,0,0,0,0,0,0,0,0,0,0,0,0,0,0,0,0,0,0,0,0,0,0,0
banana republic canada,Search | Conversion | RSC,2026-02-22,11771.31,50160.08,32179.0,0,0,0,0,0,0,0,0,0,0,0,0,0,0,0,0,0,0,0,0,0,0,0,0,0,0,0,0,0,0,0,0,0,0,0,0,0,0,0,0,0,0,0
banana republic canada,Search | Conversion | RSC,2026-03-01,10034.29,51658.29,30364.0,0,0,0,0,0,0,0,0,0,0,0,0,0,0,0,0,0,0,0,0,0,0,0,0,0,0,0,0,0,0,0,0,0,0,0,0,0,0,0,0,0,0,0
banana republic canada,Search | Conversion | RSC,2026-03-08,25759.879999999997,95495.09,43750.0,0,1,0,0,0,0,0,0,0,0,0,0,0,0,0,0,0,0,0,0,0,0,0,0,0,0,0,0,0,0,0,0,0,0,0,0,0,0,1,0,0,0,0
banana republic canada,Search | Conversion | RSC,2026-03-15,32136.85,149144.4,52071.0,0,2,0,0,0,0,0,0,0,0,0,0,0,0,0,0,0,0,0,0,0,0,0,0,0,0,0,0,0,0,0,0,0,0,0,0,0,0,2,0,0,0,0
banana republic canada,Search | Conversion | RSC,2026-03-22,13233.119999999999,75511.31999999999,32832.0,0,1,0,0,0,0,0,0,0,0,0,0,0,0,0,0,0,0,0,0,0,0,0,0,0,0,0,0,0,0,0,0,0,0,0,0,0,0,1,0,0,0,0
banana republic canada,Search | Conversion | RSC,2026-03-29,6948.64,37507.79,24316.0,0,0,0,0,0,0,0,0,0,0,0,0,0,0,0,0,0,0,0,0,0,0,0,0,0,0,0,0,0,0,0,0,0,0,1,0,0,0,0,0,0,0,1
banana republic canada,Search | Conversion | RSC,2026-04-05,7696.71,25273.54,19338.0,0,0,0,0,0,0,0,0,0,0,0,0,0,0,0,0,0,0,0,0,0,0,0,0,0,0,0,0,0,0,0,0,0,0,1,0,0,0,0,0,0,0,1
banana republic canada,Search | Conversion | RSC,2026-04-12,5125.81,30806.52,20493.0,0,0,0,0,0,0,0,0,0,0,0,0,0,0,0,0,0,0,0,0,0,0,0,0,0,0,0,0,0,0,0,0,0,0,0,0,0,0,0,0,0,0,0
banana republic canada,Search | Conversion | RSC,2026-04-19,14206.220000000001,91444.67,37241.0,0,0,0,0,0,0,0,0,0,0,0,0,0,0,0,0,0,0,0,0,0,0,0,0,0,0,0,0,0,0,0,0,0,0,0,0,0,0,0,0,0,0,0
banana republic canada,Search | Conversion | RSC,2026-04-26,10116.17,61229.35,31982.0,0,0,0,0,0,0,0,0,0,0,0,0,0,0,0,0,0,0,0,0,0,0,0,0,0,0,0,0,0,0,0,0,0,0,0,0,0,0,0,0,0,0,0
banana republic canada,Search | Conversion | RSC,2026-05-03,10857.73,54172.73,30547.0,0,0,0,0,0,0,0,0,0,0,0,0,0,0,0,0,0,0,0,0,0,0,0,0,0,0,0,0,0,0,0,0,0,0,0,0,0,0,0,0,0,0,0
banana republic canada,Search | Conversion | RSC,2026-05-10,10088.960000000001,81336.78,24721.0,0,0,0,0,0,0,0,0,0,0,0,0,0,0,0,0,0,0,0,0,0,0,0,1,0,0,0,0,0,0,0,0,0,0,0,0,0,0,0,0,0,0,1
banana republic canada,Search | Conversion | RSC,2026-05-17,10411.97,69694.05,24420.0,0,0,0,0,0,0,0,0,0,0,0,0,0,0,0,0,0,0,0,0,0,0,0,1,0,0,0,0,0,0,0,0,0,0,0,0,0,0,0,0,0,0,1
banana republic canada,Search | Conversion | RSC,2026-05-24,6647.84,53644.71,17151.0,0,0,0,0,0,0,0,0,0,0,0,0,0,0,0,0,0,0,0,0,0,0,0,0,0,0,0,0,0,0,0,0,0,0,0,0,0,0,0,0,0,0,0
banana republic canada,Search | Conversion | RSC,2026-05-31,8298.59,48091.82,22753.0,0,0,0,0,0,0,0,0,0,0,0,0,0,0,0,0,0,0,0,0,0,0,0,0,0,0,0,0,0,0,0,0,0,0,0,0,0,0,0,0,0,0,0
banana republic canada,Search | Conversion | RSC,2026-06-07,6387.8099999999995,38714.75,21419.0,0,0,0,0,0,0,0,0,0,0,0,0,0,0,0,0,0,0,0,0,0,0,0,0,0,0,0,0,0,0,0,0,0,0,0,0,0,0,0,0,0,0,0
banana republic canada,Search | Conversion | RSC,2026-06-14,5873.69,42888.34,20685.0,0,0,0,0,0,0,0,0,0,0,0,0,0,0,0,0,0,0,0,0,0,0,0,0,0,0,0,0,0,0,0,0,0,0,0,0,0,0,0,0,0,0,0
banana republic canada,Search | Conversion | RSC,2026-06-21,6885.0,41253.59,21237.0,0,0,0,0,0,0,0,0,0,0,0,0,0,0,0,0,0,0,0,0,0,0,0,0,0,1,0,0,0,0,0,0,0,0,0,0,0,0,0,0,1,0,0
banana republic canada,Search | Conversion | RSC,2026-06-28,9453.35,53599.5,28434.0,0,0,0,0,0,0,0,0,0,0,0,0,0,0,0,0,0,0,0,0,0,0,0,0,0,1,2,0,0,0,0,0,0,0,0,0,0,0,0,0,2,0,0
banana republic canada,Search | Conversion | RSC,2026-07-05,8604.64,48049.65,25959.0,0,0,0,0,0,0,0,0,0,0,0,0,0,0,0,0,0,0,0,0,0,0,0,0,0,0,2,1,0,0,0,0,0,0,0,0,0,0,0,0,2,0,0
banana republic canada,Search | Conversion | RSC,2026-07-12,11459.82,66282.22,29625.0,0,0,0,0,0,0,0,0,0,0,0,0,0,0,0,0,0,0,0,0,0,0,0,0,0,0,0,2,0,0,0,0,0,0,0,0,0,0,0,0,2,0,0
banana republic canada,Search | Conversion | RSC,2026-07-19,11670.1,66489.95,28908.0,0,0,0,0,0,0,0,0,0,0,0,0,0,0,0,0,0,0,0,0,0,0,0,0,0,0,0,1,2,0,0,0,0,0,0,0,0,0,0,0,2,0,0
banana republic canada,Search | Conversion | RSC,2026-07-26,14701.47,79552.22,31305.0,0,0,0,0,0,0,0,0,0,0,0,0,0,0,0,0,0,0,0,0,0,1,0,0,0,0,0,0,1,0,0,0,0,0,0,0,0,0,0,0,1,0,1
banana republic canada,Search | Conversion | RSC,2026-08-02,5967.73,35286.47,18621.0,0,0,0,0,0,0,0,0,0,0,0,0,0,0,0,0,0,0,0,0,0,0,0,0,0,0,0,0,0,0,0,0,0,0,0,0,0,0,0,0,0,0,0
banana republic canada,Search | Conversion | RSC,2026-08-09,5731.27,34241.75,16278.0,0,0,0,0,0,0,0,0,0,0,0,0,0,0,0,0,0,0,0,0,0,0,0,0,0,0,0,0,0,0,0,0,0,0,0,0,0,0,0,0,0,0,0
banana republic canada,Search | Conversion | RSC,2026-08-16,6774.15,39138.69,18987.0,0,0,0,0,0,0,0,0,0,0,0,0,0,0,0,0,0,0,0,0,0,0,0,0,0,0,0,0,0,0,0,0,0,0,0,0,0,0,0,0,0,0,0
banana republic canada,Social | Conversion | CVR,2024-07-28,860.01,5952.07,2389.0,0,0,0,0,0,0,0,0,0,0,0,0,0,0,0,0,0,0,0,0,0,0,0,0,0,0,0,0,2,0,0,0,0,0,0,0,0,0,0,0,2,0,0
banana republic canada,Social | Conversion | CVR,2024-08-04,2396.71,8694.41,3320.0,0,0,0,0,0,0,0,0,0,0,0,0,0,0,0,0,0,0,0,0,0,0,0,0,0,0,0,0,1,0,0,0,0,0,0,0,0,0,0,0,1,0,0
banana republic canada,Social | Conversion | CVR,2024-08-11,2197.23,2162.99,1529.0,0,0,0,0,0,0,0,0,0,0,0,0,0,0,0,0,0,0,0,0,0,0,0,0,0,0,0,0,0,0,0,0,0,0,0,0,0,0,0,0,0,0,0
banana republic canada,Social | Conversion | CVR,2024-08-18,864.26,2293.07,733.0,0,0,0,0,0,0,0,0,0,0,0,0,0,0,0,0,0,0,0,0,0,0,0,0,0,0,0,0,0,0,0,0,0,0,0,0,0,0,0,0,0,0,0
banana republic canada,Social | Conversion | CVR,2024-09-01,2091.72,2546.76,2268.0,0,0,0,0,0,0,0,0,0,0,0,0,0,0,0,0,0,0,0,0,0,0,0,0,0,0,0,0,0,0,0,0,0,0,0,0,0,0,0,0,0,0,0
banana republic canada,Social | Conversion | CVR,2024-09-08,3740.11,5140.4,3246.0,0,0,0,0,0,0,0,0,0,0,0,0,0,0,0,0,0,0,0,0,0,0,0,0,0,0,0,0,0,0,0,0,0,0,0,0,0,0,0,0,0,0,0
banana republic canada,Social | Conversion | CVR,2024-09-15,5884.32,8537.550000000001,3776.0,0,2,0,0,0,0,0,0,0,0,0,0,0,0,0,0,0,0,0,0,0,0,0,0,0,0,0,0,0,0,0,0,0,0,0,0,0,0,2,0,0,0,0
banana republic canada,Social | Conversion | CVR,2024-09-22,3848.89,12191.5,4260.0,0,2,0,0,0,0,0,0,0,0,0,0,0,0,0,0,0,0,0,0,0,0,0,0,0,0,0,0,0,0,0,0,0,0,0,0,0,0,2,0,0,0,0
banana republic canada,Social | Conversion | CVR,2024-09-29,735.64,4184.01,2192.0,0,1,0,0,0,0,0,0,0,0,0,0,0,0,0,0,0,0,0,0,0,0,0,0,0,0,0,0,0,0,0,0,0,0,0,0,0,0,1,0,0,0,0
banana republic canada,Social | Conversion | CVR,2024-10-06,3290.4700000000003,4606.74,4018.0,0,0,0,0,0,0,0,0,0,0,0,0,0,0,0,0,0,0,0,0,0,0,0,0,0,0,0,0,0,0,0,0,0,0,0,0,0,0,0,0,0,0,0
banana republic canada,Social | Conversion | CVR,2024-10-13,2563.16,3567.56,2659.0,0,0,0,0,0,0,0,0,0,0,0,0,0,0,0,0,0,0,0,0,0,0,0,0,0,0,0,0,0,0,0,0,0,0,0,0,0,0,0,0,0,0,0
banana republic canada,Social | Conversion | CVR,2024-10-20,1450.03,2482.07,1579.0,0,0,0,0,0,0,0,0,0,0,0,0,0,0,0,0,0,0,0,0,0,0,0,0,0,0,0,0,0,0,0,0,0,0,0,0,0,0,0,0,0,0,0
banana republic canada,Social | Conversion | CVR,2024-10-27,2911.2999999999997,26460.73,6335.0,0,0,0,0,0,0,0,0,0,0,0,0,0,0,1,0,0,0,0,0,0,0,0,0,0,0,0,0,0,0,0,0,0,0,0,0,0,0,1,0,0,0,0
banana republic canada,Social | Conversion | CVR,2024-11-03,3040.29,20450.71,5549.0,0,0,0,0,0,0,0,0,0,0,0,0,0,0,2,0,0,0,0,0,0,0,0,0,0,0,0,0,0,0,0,0,0,0,0,0,0,0,2,0,0,0,0
banana republic canada,Social | Conversion | CVR,2024-11-10,652.69,4776.67,1566.0,0,0,0,0,0,0,0,0,0,0,0,0,0,0,1,0,0,0,0,0,0,0,0,0,0,0,0,0,0,0,0,0,0,0,0,0,0,0,1,0,0,0,0
banana republic canada,Social | Conversion | CVR,2024-11-17,827.8,893.98,1314.0,0,0,0,0,0,0,0,0,0,0,0,0,0,0,0,0,0,0,0,0,0,0,0,0,0,0,0,0,0,0,0,0,0,0,0,0,0,0,0,0,0,0,0
banana republic canada,Social | Conversion | CVR,2024-11-24,3358.21,27753.57,5142.0,0,0,0,0,0,0,0,0,0,0,0,0,0,0,0,0,0,0,0,0,0,0,0,0,0,0,0,0,0,2,0,0,0,0,0,0,0,0,2,0,0,0,0
banana republic canada,Social | Conversion | CVR,2024-12-01,2881.61,15666.79,4230.0,0,0,0,0,0,0,0,0,0,0,0,0,0,0,0,0,0,2,0,0,0,0,0,0,0,0,0,0,0,0,0,0,0,0,0,0,0,0,2,0,0,0,0
banana republic canada,Social | Conversion | CVR,2024-12-08,3314.46,4486.29,4134.0,0,0,0,0,0,0,0,0,0,0,0,0,0,0,0,0,0,0,0,0,0,0,0,0,0,0,0,0,0,0,1,0,0,0,0,0,0,0,1,0,0,0,0
banana republic canada,Social | Conversion | CVR,2024-12-15,1793.22,3651.03,2174.0,0,0,0,0,0,0,0,0,0,0,0,0,0,0,0,0,0,0,0,0,0,0,0,0,0,0,0,0,0,0,1,0,0,0,0,0,0,0,1,0,0,0,0
banana republic canada,Social | Conversion | CVR,2024-12-22,1769.54,12673.27,5064.0,0,0,0,0,0,0,0,0,0,0,0,0,0,0,0,0,0,0,0,0,0,0,0,0,0,0,0,0,0,0,0,1,0,0,0,0,0,0,0,0,1,0,0
banana republic canada,Social | Conversion | CVR,2024-12-29,1338.62,10316.6,4656.0,0,0,0,0,0,0,0,0,0,0,0,0,0,0,0,0,0,0,0,0,0,0,0,0,0,0,0,0,0,0,0,2,1,0,0,0,0,0,0,0,2,0,0
banana republic canada,Social | Conversion | CVR,2025-01-05,229.38,814.2,709.0,0,0,0,0,0,0,0,0,0,0,0,0,0,0,0,0,0,0,0,0,0,0,0,0,0,0,0,0,0,0,0,0,2,0,0,0,0,0,0,0,2,0,0
banana republic canada,Social | Conversion | CVR ASC,2024-07-28,491.46000000000004,4347.25,2857.0,0,0,0,0,0,0,0,0,0,0,0,0,0,0,0,0,0,0,0,0,0,0,0,0,0,0,0,0,2,0,0,0,0,0,0,0,0,0,0,0,2,0,0
banana republic canada,Social | Conversion | CVR ASC,2024-08-04,1369.56,6367.52,5551.0,0,0,0,0,0,0,0,0,0,0,0,0,0,0,0,0,0,0,0,0,0,0,0,0,0,0,0,0,1,0,0,0,0,0,0,0,0,0,0,0,1,0,0
banana republic canada,Social | Conversion | CVR ASC,2024-08-11,1235.75,3303.34,3299.0,0,0,0,0,0,0,0,0,0,0,0,0,0,0,0,0,0,0,0,0,0,0,0,0,0,0,0,0,0,0,0,0,0,0,0,0,0,0,0,0,0,0,0
banana republic canada,Social | Conversion | CVR ASC,2024-08-18,1276.23,6030.71,4675.0,0,0,0,0,0,0,0,0,0,0,0,0,0,0,0,0,0,0,0,0,0,0,0,0,0,0,0,0,0,0,0,0,0,0,0,0,0,0,0,0,0,0,0
banana republic canada,Social | Conversion | CVR ASC,2024-08-25,1597.57,11889.57,7669.0,0,0,0,0,0,0,0,0,0,0,0,0,0,0,0,0,0,0,0,0,0,0,0,0,0,0,0,0,0,0,0,0,0,0,0,0,0,0,0,0,0,0,0
banana republic canada,Social | Conversion | CVR ASC,2024-09-01,1267.88,6742.7,5334.0,0,0,0,0,0,0,0,0,0,0,0,0,0,0,0,0,0,0,0,0,0,0,0,0,0,0,0,0,0,0,0,0,0,0,0,0,0,0,0,0,0,0,0
banana republic canada,Social | Conversion | CVR ASC,2024-09-08,2101.63,9729.89,6173.0,0,0,0,0,0,0,0,0,0,0,0,0,0,0,0,0,0,0,0,0,0,0,0,0,0,0,0,0,0,0,0,0,0,0,0,0,0,0,0,0,0,0,0
banana republic canada,Social | Conversion | CVR ASC,2024-09-15,8896.48,27131.94,11998.0,0,2,0,0,0,0,0,0,0,0,0,0,0,0,0,0,0,0,0,0,0,0,0,0,0,0,0,0,0,0,0,0,0,0,0,0,0,0,2,0,0,0,0
banana republic canada,Social | Conversion | CVR ASC,2024-09-22,5715.04,20245.35,7932.0,0,2,0,0,0,0,0,0,0,0,0,0,0,0,0,0,0,0,0,0,0,0,0,0,0,0,0,0,0,0,0,0,0,0,0,0,0,0,2,0,0,0,0
banana republic canada,Social | Conversion | CVR ASC,2024-09-29,744.5799999999999,6724.65,2981.0,0,1,0,0,0,0,0,0,0,0,0,0,0,0,0,0,0,0,0,0,0,0,0,0,0,0,0,0,0,0,0,0,0,0,0,0,0,0,1,0,0,0,0
banana republic canada,Social | Conversion | CVR ASC,2024-10-06,3257.97,17484.14,11293.0,0,0,0,0,0,0,0,0,0,0,0,0,0,0,0,0,0,0,0,0,0,0,0,0,0,0,0,0,0,0,0,0,0,0,0,0,0,0,0,0,0,0,0
banana republic canada,Social | Conversion | CVR ASC,2024-10-13,3413.0299999999997,19592.21,11182.0,0,0,0,0,0,0,0,0,0,0,0,0,0,0,0,0,0,0,0,0,0,0,0,0,0,0,0,0,0,0,0,0,0,0,0,0,0,0,0,0,0,0,0
banana republic canada,Social | Conversion | CVR ASC,2024-10-20,2323.03,9405.35,7921.0,0,0,0,0,0,0,0,0,0,0,0,0,0,0,0,0,0,0,0,0,0,0,0,0,0,0,0,0,0,0,0,0,0,0,0,0,0,0,0,0,0,0,0
banana republic canada,Social | Conversion | CVR ASC,2024-10-27,4646.26,39429.1,17156.0,0,0,0,0,0,0,0,0,0,0,0,0,0,0,1,0,0,0,0,0,0,0,0,0,0,0,0,0,0,0,0,0,0,0,0,0,0,0,1,0,0,0,0
banana republic canada,Social | Conversion | CVR ASC,2024-11-03,11293.27,76442.24,27030.0,0,0,0,0,0,0,0,0,0,0,0,0,0,0,2,0,0,0,0,0,0,0,0,0,0,0,0,0,0,0,0,0,0,0,0,0,0,0,2,0,0,0,0
banana republic canada,Social | Conversion | CVR ASC,2024-11-10,2280.47,14960.96,7679.0,0,0,0,0,0,0,0,0,0,0,0,0,0,0,1,0,0,0,0,0,0,0,0,0,0,0,0,0,0,0,0,0,0,0,0,0,0,0,1,0,0,0,0
banana republic canada,Social | Conversion | CVR ASC,2024-11-17,2559.87,10036.72,7307.0,0,0,0,0,0,0,0,0,0,0,0,0,0,0,0,0,0,0,0,0,0,0,0,0,0,0,0,0,0,0,0,0,0,0,0,0,0,0,0,0,0,0,0
banana republic canada,Social | Conversion | CVR ASC,2024-11-24,9630.460000000001,52779.36,18966.0,0,0,0,0,0,0,0,0,0,0,0,0,0,0,0,0,0,0,0,0,0,0,0,0,0,0,0,0,0,2,0,0,0,0,0,0,0,0,2,0,0,0,0
banana republic canada,Social | Conversion | CVR ASC,2024-12-01,8344.6,35265.08,17492.0,0,0,0,0,0,0,0,0,0,0,0,0,0,0,0,0,0,2,0,0,0,0,0,0,0,0,0,0,0,0,0,0,0,0,0,0,0,0,2,0,0,0,0
banana republic canada,Social | Conversion | CVR ASC,2024-12-08,3954.83,18646.35,13022.0,0,0,0,0,0,0,0,0,0,0,0,0,0,0,0,0,0,0,0,0,0,0,0,0,0,0,0,0,0,0,1,0,0,0,0,0,0,0,1,0,0,0,0
banana republic canada,Social | Conversion | CVR ASC,2024-12-15,3016.43,8029.43,6024.0,0,0,0,0,0,0,0,0,0,0,0,0,0,0,0,0,0,0,0,0,0,0,0,0,0,0,0,0,0,0,1,0,0,0,0,0,0,0,1,0,0,0,0
banana republic canada,Social | Conversion | CVR ASC,2024-12-22,3556.37,18998.57,10522.0,0,0,0,0,0,0,0,0,0,0,0,0,0,0,0,0,0,0,0,0,0,0,0,0,0,0,0,0,0,0,0,1,0,0,0,0,0,0,0,0,1,0,0
banana republic canada,Social | Conversion | CVR ASC,2024-12-29,2676.32,21062.21,15138.0,0,0,0,0,0,0,0,0,0,0,0,0,0,0,0,0,0,0,0,0,0,0,0,0,0,0,0,0,0,0,0,2,1,0,0,0,0,0,0,0,2,0,0
banana republic canada,Social | Conversion | CVR ASC,2025-01-05,1215.46,19485.82,7981.0,0,0,0,0,0,0,0,0,0,0,0,0,0,0,0,0,0,0,0,0,0,0,0,0,0,0,0,0,0,0,0,0,2,0,0,0,0,0,0,0,2,0,0
banana republic canada,Social | Conversion | CVR ASC,2025-01-12,1761.21,27201.760000000002,10977.0,0,0,0,0,0,0,0,0,0,0,0,0,0,0,0,0,0,0,0,0,0,0,0,0,0,0,0,0,0,0,0,0,1,2,0,0,0,0,0,0,2,0,0
banana republic canada,Social | Conversion | CVR ASC,2025-01-19,1448.51,24184.44,9089.0,0,0,0,0,0,0,0,0,0,0,0,0,0,0,0,0,0,0,0,0,0,0,0,0,0,0,0,0,0,0,0,0,0,2,0,0,0,0,0,0,2,0,0
banana republic canada,Social | Conversion | CVR ASC,2025-01-26,1271.84,19298.29,8696.0,0,0,0,0,0,0,0,0,0,0,0,0,0,0,0,0,0,0,0,0,0,0,0,0,0,0,0,0,0,0,0,0,0,0,0,0,0,0,0,0,0,0,0
banana republic canada,Social | Conversion | CVR ASC,2025-02-02,2303.89,21163.870000000003,12385.0,0,0,0,0,0,0,0,0,0,0,0,0,0,0,0,0,0,0,0,0,0,0,0,0,0,0,0,0,0,0,0,0,0,0,0,0,0,0,0,0,0,0,0
banana republic canada,Social | Conversion | CVR ASC,2025-02-09,4370.98,33501.3,18676.0,0,0,0,0,0,0,0,0,0,0,0,0,0,0,0,0,0,0,0,0,0,0,0,0,0,0,0,0,0,0,0,0,0,0,0,0,0,0,0,0,0,0,0
banana republic canada,Social | Conversion | CVR ASC,2025-02-16,4754.98,35567.91,19464.0,0,0,0,0,0,0,0,0,0,0,0,0,0,0,0,0,0,0,0,0,0,0,0,0,0,0,0,0,0,0,0,0,0,0,0,0,0,0,0,0,0,0,0
banana republic canada,Social | Conversion | CVR ASC,2025-02-23,5747.88,56814.13,26126.0,0,0,0,0,0,0,0,0,0,0,0,0,0,0,0,0,0,0,0,0,0,0,0,0,0,0,0,0,0,0,0,0,0,0,0,0,0,0,0,0,0,0,0
banana republic canada,Social | Conversion | CVR ASC,2025-03-02,6328.52,44290.35,28785.0,0,0,0,0,0,0,0,0,0,0,0,0,0,0,0,0,0,0,0,0,0,0,0,0,0,0,0,0,0,0,0,0,0,0,0,0,0,0,0,0,0,0,0
banana republic canada,Social | Conversion | CVR ASC,2025-03-09,5578.23,39911.8,23886.0,0,0,0,0,0,0,0,0,0,0,0,0,0,0,0,0,0,0,0,0,0,0,0,0,0,0,0,0,0,0,0,0,0,0,0,0,0,0,0,0,0,0,0
banana republic canada,Social | Conversion | CVR ASC,2025-03-16,6607.03,50441.25,27892.0,0,0,0,0,0,0,0,0,0,0,0,0,0,0,0,0,0,0,0,0,0,0,0,0,0,0,0,0,0,0,0,0,0,0,0,0,0,0,0,0,0,0,0
banana republic canada,Social | Conversion | CVR ASC,2025-03-23,19814.25,216698.33,61721.0,0,2,0,0,0,0,0,0,0,0,0,0,0,0,0,0,0,0,0,0,0,0,0,0,0,0,0,0,0,0,0,0,0,0,0,0,0,0,2,0,0,0,0
banana republic canada,Social | Conversion | CVR ASC,2025-03-30,4653.03,42765.159999999996,22064.0,0,1,0,0,0,0,0,0,0,0,0,0,0,0,0,0,0,0,0,0,0,0,0,0,0,0,0,0,0,0,0,0,0,0,0,0,0,0,1,0,0,0,0
banana republic canada,Social | Conversion | CVR ASC,2025-04-06,2897.63,32317.510000000002,14456.0,0,0,0,0,0,0,0,0,0,0,0,0,0,0,0,0,0,0,0,0,0,0,0,0,0,0,0,0,0,0,0,0,0,0,0,0,0,0,0,0,0,0,0
banana republic canada,Social | Conversion | CVR ASC,2025-04-13,2706.0,22242.33,15562.0,0,0,0,0,0,0,0,0,0,0,0,0,0,0,0,0,0,0,0,0,0,0,0,0,0,0,0,0,0,0,0,0,0,0,1,0,0,0,0,0,0,0,1
banana republic canada,Social | Conversion | CVR ASC,2025-04-20,4837.58,41007.39,26629.0,0,0,0,0,0,0,0,0,0,0,0,0,0,0,0,0,0,0,0,0,0,0,0,0,0,0,0,0,0,0,0,0,0,0,1,0,0,0,0,0,0,0,1
banana republic canada,Social | Conversion | CVR ASC,2025-04-27,6916.21,55973.61,35390.0,0,0,0,0,0,0,0,0,0,0,0,0,0,0,0,0,0,0,0,0,0,0,0,0,0,0,0,0,0,0,0,0,0,0,0,0,0,0,0,0,0,0,0
banana republic canada,Social | Conversion | CVR ASC,2025-05-04,3921.6000000000004,33303.88,20201.0,0,0,0,0,0,0,0,0,0,0,0,0,0,0,0,0,0,0,0,0,0,0,0,0,0,0,0,0,0,0,0,0,0,0,0,0,0,0,0,0,0,0,0
banana republic canada,Social | Conversion | CVR ASC,2025-05-11,7309.81,66470.4,30275.0,0,0,0,0,0,0,0,0,0,0,0,0,0,0,0,0,0,0,0,0,0,0,0,1,0,0,0,0,0,0,0,0,0,0,0,0,0,0,0,0,0,0,1
banana republic canada,Social | Conversion | CVR ASC,2025-05-18,3869.24,28533.73,18224.0,0,0,0,0,0,0,0,0,0,0,0,0,0,0,0,0,0,0,0,0,0,0,0,1,0,0,0,0,0,0,0,0,0,0,0,0,0,0,0,0,0,0,1
banana republic canada,Social | Conversion | CVR ASC,2025-05-25,4562.61,38538.73,25240.0,0,0,0,0,0,0,0,0,0,0,0,0,0,0,0,0,0,0,0,0,0,0,0,0,0,0,0,0,0,0,0,0,0,0,0,0,0,0,0,0,0,0,0
banana republic canada,Social | Conversion | CVR ASC,2025-06-01,3821.5600000000004,33996.25,24539.0,0,0,0,0,0,0,0,0,0,0,0,0,0,0,0,0,0,0,0,0,0,0,0,0,0,0,0,0,0,0,0,0,0,0,0,0,0,0,0,0,0,0,0
banana republic canada,Social | Conversion | CVR ASC,2025-06-08,5543.66,34335.15,26032.0,0,0,0,0,0,0,0,0,0,0,0,0,0,0,0,0,0,0,0,0,0,0,0,0,0,0,0,0,0,0,0,0,0,0,0,0,0,0,0,0,0,0,0
banana republic canada,Social | Conversion | CVR ASC,2025-06-15,4177.25,28848.77,22992.0,0,0,0,0,0,0,0,0,0,0,0,0,0,0,0,0,0,0,0,0,0,0,0,0,0,0,0,0,0,0,0,0,0,0,0,0,0,0,0,0,0,0,0
banana republic canada,Social | Conversion | CVR ASC,2025-06-22,3777.26,32003.5,22758.0,0,0,0,0,0,0,0,0,0,0,0,0,0,0,0,0,0,0,0,0,0,0,0,0,0,1,0,0,0,0,0,0,0,0,0,0,0,0,0,0,1,0,0
banana republic canada,Social | Conversion | CVR ASC,2025-06-29,4891.69,47506.83,25097.0,0,0,0,0,0,0,0,0,0,0,0,0,0,0,0,0,0,0,0,0,0,0,0,0,0,1,2,0,0,0,0,0,0,0,0,0,0,0,0,0,2,0,0
banana republic canada,Social | Conversion | CVR ASC,2025-07-06,3669.55,29133.71,16008.0,0,0,0,0,0,0,0,0,0,0,0,0,0,0,0,0,0,0,0,0,0,0,0,0,0,0,2,1,0,0,0,0,0,0,0,0,0,0,0,0,2,0,0
banana republic canada,Social | Conversion | CVR ASC,2025-07-13,3465.32,31058.03,16226.0,0,0,0,0,0,0,0,0,0,0,0,0,0,0,0,0,0,0,0,0,0,0,0,0,0,0,0,2,0,0,0,0,0,0,0,0,0,0,0,0,2,0,0
banana republic canada,Social | Conversion | CVR ASC,2025-07-20,3515.97,28327.600000000002,20619.0,0,0,0,0,0,0,0,0,0,0,0,0,0,0,0,0,0,0,0,0,0,0,0,0,0,0,0,1,2,0,0,0,0,0,0,0,0,0,0,0,2,0,0
banana republic canada,Social | Conversion | CVR ASC,2025-07-27,3252.2400000000002,27307.24,20501.0,0,0,0,0,0,0,0,0,0,0,0,0,0,0,0,0,0,0,0,0,0,0,0,0,0,0,0,0,2,0,0,0,0,0,0,0,0,0,0,0,2,0,0
banana republic canada,Social | Conversion | CVR ASC Value,2025-08-10,135.13,1165.51,534.0,0,0,0,0,0,0,0,0,0,0,0,0,0,0,0,0,0,0,0,0,0,0,0,0,0,0,0,0,0,0,0,0,0,0,0,0,0,0,0,0,0,0,0
banana republic canada,Social | Conversion | CVR ASC Value,2025-08-17,1524.59,13752.32,6986.0,0,0,0,0,0,0,0,0,0,0,0,0,0,0,0,0,0,0,0,0,0,0,0,0,0,0,0,0,0,0,0,0,0,0,0,0,0,0,0,0,0,0,0
banana republic canada,Social | Conversion | CVR ASC Value,2025-08-24,2985.94,25208.77,10598.0,0,0,0,0,0,0,0,0,0,0,0,0,0,0,0,0,0,0,0,0,0,0,0,0,0,0,0,0,0,0,0,0,0,0,0,1,0,1,0,0,0,0,0
banana republic canada,Social | Conversion | CVR ASC Value,2025-08-31,2882.39,26244.26,11660.0,0,0,0,0,0,0,0,0,0,0,0,0,0,0,0,0,0,0,0,0,0,0,0,0,0,0,0,0,0,0,0,0,0,0,0,1,0,1,0,0,0,0,0
banana republic canada,Social | Conversion | CVR ASC Value,2025-09-07,5993.37,109812.68,23221.0,0,1,0,0,0,0,0,0,0,0,0,0,0,0,0,0,0,0,0,0,0,0,0,0,0,0,0,0,0,0,0,0,0,0,0,0,0,0,1,0,0,0,0
banana republic canada,Social | Conversion | CVR ASC Value,2025-09-14,7099.68,102436.17,23651.0,0,2,0,0,0,0,0,0,0,0,0,0,0,0,0,0,0,0,0,0,0,0,0,0,0,0,0,0,0,0,0,0,0,0,0,0,0,0,2,0,0,0,0
banana republic canada,Social | Conversion | CVR ASC Value,2025-09-21,3108.04,40465.02,13549.0,0,1,0,0,0,0,0,0,0,0,0,0,0,0,0,0,0,0,0,0,0,0,0,0,0,0,0,0,0,0,0,0,0,0,0,0,0,0,1,0,0,0,0
banana republic canada,Social | Conversion | CVR ASC Value,2025-09-28,2650.12,29863.08,12358.0,0,0,0,0,0,0,0,0,0,0,0,0,0,0,0,0,0,0,0,0,0,0,0,0,0,0,0,0,0,0,0,0,0,0,0,0,0,0,0,0,0,0,0
banana republic canada,Social | Conversion | CVR ASC Value,2025-10-05,5724.78,55932.200000000004,22089.0,0,0,0,0,0,0,0,0,0,0,0,0,0,0,0,0,0,0,0,0,0,0,0,0,0,0,0,0,0,0,0,0,0,0,0,0,0,0,0,0,0,0,0
banana republic canada,Social | Conversion | CVR ASC Value,2025-10-12,6053.58,57206.58,24085.0,0,0,0,0,0,0,0,0,0,0,0,0,0,0,0,0,0,0,0,0,0,0,0,0,0,0,0,0,0,0,0,0,0,0,0,0,0,0,0,0,0,0,0
banana republic canada,Social | Conversion | CVR ASC Value,2025-10-19,5661.4400000000005,48728.600000000006,21894.0,0,0,0,0,0,0,0,0,0,0,0,0,0,0,0,0,0,0,0,0,0,0,0,0,0,0,0,0,0,0,0,0,0,0,0,0,0,0,0,0,0,0,0
banana republic canada,Social | Conversion | CVR ASC Value,2025-10-26,6714.4,75609.11,29267.0,0,0,0,0,0,0,0,0,0,0,0,0,0,0,0,0,0,0,0,0,0,0,0,0,0,0,0,0,0,0,0,0,0,0,0,0,0,0,0,0,0,0,0
banana republic canada,Social | Conversion | CVR ASC Value,2025-11-02,14385.37,242105.8,49674.0,0,0,0,0,0,0,0,0,0,0,0,0,0,0,2,0,0,0,0,0,0,0,0,0,0,0,0,0,0,0,0,0,0,0,0,0,0,0,2,0,0,0,0
banana republic canada,Social | Conversion | CVR ASC Value,2025-11-09,8152.83,84396.54000000001,29607.0,0,0,0,0,0,0,0,0,0,0,0,0,0,0,1,0,0,0,0,0,0,0,0,0,0,0,0,0,0,0,0,0,0,0,0,0,0,0,1,0,0,0,0
banana republic canada,Social | Conversion | CVR ASC Value,2025-11-16,6238.42,46353.09,18876.0,0,0,0,0,0,0,0,0,0,0,0,0,0,0,0,0,0,0,0,0,0,0,0,0,0,0,0,0,0,0,0,0,0,0,0,0,0,0,0,0,0,0,0
banana republic canada,Social | Conversion | CVR ASC Value,2025-11-23,15519.41,118734.84,33306.0,0,0,0,0,0,0,0,0,0,0,0,0,0,0,0,0,0,0,0,0,0,0,0,0,0,0,0,0,0,2,0,0,0,0,0,0,0,0,2,0,0,0,0
banana republic canada,Social | Conversion | CVR ASC Value,2025-11-30,11721.23,81452.25,28582.0,0,0,0,0,0,0,0,0,0,0,0,0,0,0,0,0,0,2,0,0,0,0,0,0,0,0,0,0,0,0,0,0,0,0,0,0,0,0,2,0,0,0,0
banana republic canada,Social | Conversion | CVR ASC Value,2025-12-07,3195.74,41311.4,13733.0,0,0,0,0,0,0,0,0,0,0,0,0,0,0,0,0,0,0,0,0,0,0,0,0,0,0,0,0,0,0,2,0,0,0,0,0,0,0,2,0,0,0,0
banana republic canada,Social | Conversion | CVR ASC Value,2025-12-14,3111.61,34116.29,15306.0,0,0,0,0,0,0,0,0,0,0,0,0,0,0,0,0,0,0,0,0,0,0,0,0,0,0,0,0,0,0,1,0,0,0,0,0,2,2,1,0,0,0,0
banana republic canada,Social | Conversion | CVR ASC Value,2025-12-21,5317.09,54288.29,26088.0,0,0,0,0,0,0,0,0,0,0,0,0,0,0,0,0,0,0,0,0,0,0,0,0,0,0,0,0,0,0,0,1,0,0,0,0,2,2,0,0,1,0,0
banana republic canada,Social | Conversion | CVR ASC Value,2025-12-28,4624.89,39667.91,23008.0,0,0,0,0,0,0,0,0,0,0,0,0,0,0,0,0,0,0,0,0,0,0,0,0,0,0,0,0,0,0,0,2,0,0,0,0,0,0,0,0,2,0,0
banana republic canada,Social | Conversion | CVR ASC Value,2026-01-04,2542.7200000000003,28767.92,17489.0,0,0,0,0,0,0,0,0,0,0,0,0,0,0,0,0,0,0,0,0,0,0,0,0,0,0,0,0,0,0,0,1,2,0,0,0,0,0,0,0,2,0,0
banana republic canada,Social | Conversion | CVR ASC Value,2026-01-11,2901.85,42076.5,19259.0,0,0,0,0,0,0,0,0,0,0,0,0,0,0,0,0,0,0,0,0,0,0,0,0,0,0,0,0,0,0,0,0,1,2,0,0,0,0,0,0,2,0,0
banana republic canada,Social | Conversion | CVR ASC Value,2026-01-18,4108.43,52889.43,27464.0,0,0,0,0,0,0,0,0,0,0,0,0,0,0,0,0,0,0,0,0,0,0,0,0,0,0,0,0,0,0,0,0,0,2,0,0,0,0,0,0,2,0,0
banana republic canada,Social | Conversion | CVR ASC Value,2026-01-25,2292.47,41845.73,18028.0,0,0,0,0,0,0,0,0,0,0,0,0,0,0,0,0,0,0,0,0,0,0,0,0,0,0,0,0,0,0,0,0,0,0,0,0,0,0,0,0,0,0,0
banana republic canada,Social | Conversion | CVR ASC Value,2026-02-01,4433.17,52141.12,24453.0,0,0,0,0,0,0,0,0,0,0,0,0,0,0,0,0,0,0,0,0,0,0,0,0,0,0,0,0,0,0,0,0,0,0,0,0,0,0,0,0,0,0,0
banana republic canada,Social | Conversion | CVR ASC Value,2026-02-08,3855.88,37973.44,20441.0,0,0,0,0,0,0,0,0,0,0,0,0,0,0,0,0,0,0,0,0,0,0,0,0,0,0,0,0,0,0,0,0,0,0,0,0,0,0,0,0,0,0,0
banana republic canada,Social | Conversion | CVR ASC Value,2026-02-15,4787.82,55796.69,30739.0,0,0,0,0,0,0,0,0,0,0,0,0,0,0,0,0,0,0,0,0,0,0,0,0,0,0,0,0,0,0,0,0,0,0,0,0,0,0,0,0,0,0,0
banana republic canada,Social | Conversion | CVR ASC Value,2026-02-22,7420.77,94662.01,45487.0,0,0,0,0,0,0,0,0,0,0,0,0,0,0,0,0,0,0,0,0,0,0,0,0,0,0,0,0,0,0,0,0,0,0,0,0,0,0,0,0,0,0,0
banana republic canada,Social | Conversion | CVR ASC Value,2026-03-01,4818.6,52990.11,21404.0,0,0,0,0,0,0,0,0,0,0,0,0,0,0,0,0,0,0,0,0,0,0,0,0,0,0,0,0,0,0,0,0,0,0,0,0,0,0,0,0,0,0,0
banana republic canada,Social | Conversion | CVR ASC Value,2026-03-08,12589.74,137765.24,37396.0,0,1,0,0,0,0,0,0,0,0,0,0,0,0,0,0,0,0,0,0,0,0,0,0,0,0,0,0,0,0,0,0,0,0,0,0,0,0,1,0,0,0,0
banana republic canada,Social | Conversion | CVR ASC Value,2026-03-15,17069.85,186637.66,49640.0,0,2,0,0,0,0,0,0,0,0,0,0,0,0,0,0,0,0,0,0,0,0,0,0,0,0,0,0,0,0,0,0,0,0,0,0,0,0,2,0,0,0,0
banana republic canada,Social | Conversion | CVR ASC Value,2026-03-22,7994.26,76787.62,26932.0,0,1,0,0,0,0,0,0,0,0,0,0,0,0,0,0,0,0,0,0,0,0,0,0,0,0,0,0,0,0,0,0,0,0,0,0,0,0,1,0,0,0,0
banana republic canada,Social | Conversion | CVR ASC Value,2026-03-29,4505.8099999999995,38633.89,24285.0,0,0,0,0,0,0,0,0,0,0,0,0,0,0,0,0,0,0,0,0,0,0,0,0,0,0,0,0,0,0,0,0,0,0,1,0,0,0,0,0,0,0,1
banana republic canada,Social | Conversion | CVR ASC Value,2026-04-05,3680.75,37946.69,18828.0,0,0,0,0,0,0,0,0,0,0,0,0,0,0,0,0,0,0,0,0,0,0,0,0,0,0,0,0,0,0,0,0,0,0,1,0,0,0,0,0,0,0,1
banana republic canada,Social | Conversion | CVR ASC Value,2026-04-12,4394.83,50686.32,20987.0,0,0,0,0,0,0,0,0,0,0,0,0,0,0,0,0,0,0,0,0,0,0,0,0,0,0,0,0,0,0,0,0,0,0,0,0,0,0,0,0,0,0,0
banana republic canada,Social | Conversion | CVR ASC Value,2026-04-19,6927.8099999999995,87806.37,32234.0,0,0,0,0,0,0,0,0,0,0,0,0,0,0,0,0,0,0,0,0,0,0,0,0,0,0,0,0,0,0,0,0,0,0,0,0,0,0,0,0,0,0,0
banana republic canada,Social | Conversion | CVR ASC Value,2026-04-26,7608.67,82439.01000000001,32518.0,0,0,0,0,0,0,0,0,0,0,0,0,0,0,0,0,0,0,0,0,0,0,0,0,0,0,0,0,0,0,0,0,0,0,0,0,0,0,0,0,0,0,0
banana republic canada,Social | Conversion | CVR ASC Value,2026-05-03,6191.39,59170.21,29347.0,0,0,0,0,0,0,0,0,0,0,0,0,0,0,0,0,0,0,0,0,0,0,0,0,0,0,0,0,0,0,0,0,0,0,0,0,0,0,0,0,0,0,0
banana republic canada,Social | Conversion | CVR ASC Value,2026-05-10,11433.18,110598.91,41728.0,0,0,0,0,0,0,0,0,0,0,0,0,0,0,0,0,0,0,0,0,0,0,0,1,0,0,0,0,0,0,0,0,0,0,0,0,0,0,0,0,0,0,1
banana republic canada,Social | Conversion | CVR ASC Value,2026-05-17,7923.63,74886.81,29989.0,0,0,0,0,0,0,0,0,0,0,0,0,0,0,0,0,0,0,0,0,0,0,0,1,0,0,0,0,0,0,0,0,0,0,0,0,0,0,0,0,0,0,1
banana republic canada,Social | Conversion | CVR ASC Value,2026-05-24,7185.83,61876.76,36689.0,0,0,0,0,0,0,0,0,0,0,0,0,0,0,0,0,0,0,0,0,0,0,0,0,0,0,0,0,0,0,0,0,0,0,0,0,0,0,0,0,0,0,0
banana republic canada,Social | Conversion | CVR ASC Value,2026-05-31,6265.18,55623.01,35150.0,0,0,0,0,0,0,0,0,0,0,0,0,0,0,0,0,0,0,0,0,0,0,0,0,0,0,0,0,0,0,0,0,0,0,0,0,0,0,0,0,0,0,0
banana republic canada,Social | Conversion | CVR ASC Value,2026-06-07,4137.3,34785.58,23381.0,0,0,0,0,0,0,0,0,0,0,0,0,0,0,0,0,0,0,0,0,0,0,0,0,0,0,0,0,0,0,0,0,0,0,0,0,0,0,0,0,0,0,0
banana republic canada,Social | Conversion | CVR ASC Value,2026-06-14,5133.99,50813.41,33914.0,0,0,0,0,0,0,0,0,0,0,0,0,0,0,0,0,0,0,0,0,0,0,0,0,0,0,0,0,0,0,0,0,0,0,0,0,0,0,0,0,0,0,0
banana republic canada,Social | Conversion | CVR ASC Value,2026-06-21,5194.94,58092.31,33563.0,0,0,0,0,0,0,0,0,0,0,0,0,0,0,0,0,0,0,0,0,0,0,0,0,0,1,0,0,0,0,0,0,0,0,0,0,0,0,0,0,1,0,0
banana republic canada,Social | Conversion | CVR ASC Value,2026-06-28,5541.52,69006.67,39094.0,0,0,0,0,0,0,0,0,0,0,0,0,0,0,0,0,0,0,0,0,0,0,0,0,0,1,2,0,0,0,0,0,0,0,0,0,0,0,0,0,2,0,0
banana republic canada,Social | Conversion | CVR ASC Value,2026-07-05,4677.32,32351.010000000002,27014.0,0,0,0,0,0,0,0,0,0,0,0,0,0,0,0,0,0,0,0,0,0,0,0,0,0,0,2,1,0,0,0,0,0,0,0,0,0,0,0,0,2,0,0
banana republic canada,Social | Conversion | CVR ASC Value,2026-07-12,5146.16,52718.44,31027.0,0,0,0,0,0,0,0,0,0,0,0,0,0,0,0,0,0,0,0,0,0,0,0,0,0,0,0,2,0,0,0,0,0,0,0,0,0,0,0,0,2,0,0
banana republic canada,Social | Conversion | CVR ASC Value,2026-07-19,4784.04,51394.84,32152.0,0,0,0,0,0,0,0,0,0,0,0,0,0,0,0,0,0,0,0,0,0,0,0,0,0,0,0,1,2,0,0,0,0,0,0,0,0,0,0,0,2,0,0
banana republic canada,Social | Conversion | CVR ASC Value,2026-07-26,4707.23,61877.23,30512.0,0,0,0,0,0,0,0,0,0,0,0,0,0,0,0,0,0,0,0,0,0,1,0,0,0,0,0,0,1,0,0,0,0,0,0,0,0,0,0,0,1,0,1
banana republic canada,Social | Conversion | CVR ASC Value,2026-08-02,2765.99,21546.72,17704.0,0,0,0,0,0,0,0,0,0,0,0,0,0,0,0,0,0,0,0,0,0,0,0,0,0,0,0,0,0,0,0,0,0,0,0,0,0,0,0,0,0,0,0
banana republic canada,Social | Conversion | CVR ASC Value,2026-08-09,2878.9900000000002,24379.690000000002,14151.0,0,0,0,0,0,0,0,0,0,0,0,0,0,0,0,0,0,0,0,0,0,0,0,0,0,0,0,0,0,0,0,0,0,0,0,0,0,0,0,0,0,0,0
banana republic canada,Social | Conversion | CVR ASC Value,2026-08-16,3614.98,29240.02,19197.0,0,0,0,0,0,0,0,0,0,0,0,0,0,0,0,0,0,0,0,0,0,0,0,0,0,0,0,0,0,0,0,0,0,0,0,0,0,0,0,0,0,0,0
banana republic canada,Social | Conversion | CVR ASC Volume,2025-08-03,2288.37,22544.84,14683.0,0,0,0,0,0,0,0,0,0,0,0,0,0,0,0,0,0,0,0,0,0,0,0,0,0,0,0,0,1,0,0,0,0,0,0,0,0,0,0,0,1,0,0
banana republic canada,Social | Conversion | CVR ASC Volume,2025-08-10,2161.2999999999997,19234.68,12809.0,0,0,0,0,0,0,0,0,0,0,0,0,0,0,0,0,0,0,0,0,0,0,0,0,0,0,0,0,0,0,0,0,0,0,0,0,0,0,0,0,0,0,0
banana republic canada,Social | Conversion | CVR ASC Volume,2025-08-17,3925.29,31512.15,33053.0,0,0,0,0,0,0,0,0,0,0,0,0,0,0,0,0,0,0,0,0,0,0,0,0,0,0,0,0,0,0,0,0,0,0,0,0,0,0,0,0,0,0,0
banana republic canada,Social | Conversion | CVR ASC Volume,2025-08-24,3496.38,38800.08,23354.0,0,0,0,0,0,0,0,0,0,0,0,0,0,0,0,0,0,0,0,0,0,0,0,0,0,0,0,0,0,0,0,0,0,0,0,1,0,1,0,0,0,0,0
banana republic canada,Social | Conversion | CVR ASC Volume,2025-08-31,2568.89,21351.08,17770.0,0,0,0,0,0,0,0,0,0,0,0,0,0,0,0,0,0,0,0,0,0,0,0,0,0,0,0,0,0,0,0,0,0,0,0,1,0,1,0,0,0,0,0
banana republic canada,Social | Conversion | CVR ASC Volume,2025-09-07,9614.92,171069.57,66018.0,0,1,0,0,0,0,0,0,0,0,0,0,0,0,0,0,0,0,0,0,0,0,0,0,0,0,0,0,0,0,0,0,0,0,0,0,0,0,1,0,0,0,0
banana republic canada,Social | Conversion | CVR ASC Volume,2025-09-14,10898.3,155945.7,55670.0,0,2,0,0,0,0,0,0,0,0,0,0,0,0,0,0,0,0,0,0,0,0,0,0,0,0,0,0,0,0,0,0,0,0,0,0,0,0,2,0,0,0,0
banana republic canada,Social | Conversion | CVR ASC Volume,2025-09-21,4043.83,49790.76,25784.0,0,1,0,0,0,0,0,0,0,0,0,0,0,0,0,0,0,0,0,0,0,0,0,0,0,0,0,0,0,0,0,0,0,0,0,0,0,0,1,0,0,0,0
banana republic canada,Social | Conversion | CVR ASC Volume,2025-09-28,4494.04,43521.65,27495.0,0,0,0,0,0,0,0,0,0,0,0,0,0,0,0,0,0,0,0,0,0,0,0,0,0,0,0,0,0,0,0,0,0,0,0,0,0,0,0,0,0,0,0
banana republic canada,Social | Conversion | CVR ASC Volume,2025-10-05,5910.23,56308.14,36697.0,0,0,0,0,0,0,0,0,0,0,0,0,0,0,0,0,0,0,0,0,0,0,0,0,0,0,0,0,0,0,0,0,0,0,0,0,0,0,0,0,0,0,0
banana republic canada,Social | Conversion | CVR ASC Volume,2025-10-12,5811.01,44007.16,36874.0,0,0,0,0,0,0,0,0,0,0,0,0,0,0,0,0,0,0,0,0,0,0,0,0,0,0,0,0,0,0,0,0,0,0,0,0,0,0,0,0,0,0,0
banana republic canada,Social | Conversion | CVR ASC Volume,2025-10-19,5466.63,46281.11,36177.0,0,0,0,0,0,0,0,0,0,0,0,0,0,0,0,0,0,0,0,0,0,0,0,0,0,0,0,0,0,0,0,0,0,0,0,0,0,0,0,0,0,0,0
banana republic canada,Social | Conversion | CVR ASC Volume,2025-10-26,6247.53,52719.75,43754.0,0,0,0,0,0,0,0,0,0,0,0,0,0,0,0,0,0,0,0,0,0,0,0,0,0,0,0,0,0,0,0,0,0,0,0,0,0,0,0,0,0,0,0
banana republic canada,Social | Conversion | CVR ASC Volume,2025-11-02,8772.39,134420.25,44181.0,0,0,0,0,0,0,0,0,0,0,0,0,0,0,2,0,0,0,0,0,0,0,0,0,0,0,0,0,0,0,0,0,0,0,0,0,0,0,2,0,0,0,0
banana republic canada,Social | Conversion | CVR ASC Volume,2025-11-09,5800.43,59877.42,26261.0,0,0,0,0,0,0,0,0,0,0,0,0,0,0,1,0,0,0,0,0,0,0,0,0,0,0,0,0,0,0,0,0,0,0,0,0,0,0,1,0,0,0,0
banana republic canada,Social | Conversion | CVR ASC Volume,2025-11-16,3344.7,21357.649999999998,13893.0,0,0,0,0,0,0,0,0,0,0,0,0,0,0,0,0,0,0,0,0,0,0,0,0,0,0,0,0,0,0,0,0,0,0,0,0,0,0,0,0,0,0,0
banana republic canada,Social | Conversion | CVR ASC Volume,2025-11-23,10675.07,91124.43,32458.0,0,0,0,0,0,0,0,0,0,0,0,0,0,0,0,0,0,0,0,0,0,0,0,0,0,0,0,0,0,2,0,0,0,0,0,0,0,0,2,0,0,0,0
banana republic canada,Social | Conversion | CVR ASC Volume,2025-11-30,11794.949999999999,76208.59,38851.0,0,0,0,0,0,0,0,0,0,0,0,0,0,0,0,0,0,2,0,0,0,0,0,0,0,0,0,0,0,0,0,0,0,0,0,0,0,0,2,0,0,0,0
banana republic canada,Social | Conversion | CVR ASC Volume,2025-12-07,4255.1,51570.520000000004,27964.0,0,0,0,0,0,0,0,0,0,0,0,0,0,0,0,0,0,0,0,0,0,0,0,0,0,0,0,0,0,0,2,0,0,0,0,0,0,0,2,0,0,0,0
banana republic canada,Social | Conversion | CVR ASC Volume,2025-12-14,3089.22,24334.36,23027.0,0,0,0,0,0,0,0,0,0,0,0,0,0,0,0,0,0,0,0,0,0,0,0,0,0,0,0,0,0,0,1,0,0,0,0,0,2,2,1,0,0,0,0
banana republic canada,Social | Conversion | CVR ASC Volume,2025-12-21,3648.8900000000003,37267.44,28877.0,0,0,0,0,0,0,0,0,0,0,0,0,0,0,0,0,0,0,0,0,0,0,0,0,0,0,0,0,0,0,0,1,0,0,0,0,2,2,0,0,1,0,0
banana republic canada,Social | Conversion | CVR ASC Volume,2025-12-28,3457.3,26215.73,25215.0,0,0,0,0,0,0,0,0,0,0,0,0,0,0,0,0,0,0,0,0,0,0,0,0,0,0,0,0,0,0,0,2,0,0,0,0,0,0,0,0,2,0,0
banana republic canada,Social | Conversion | CVR ASC Volume,2026-01-04,1780.21,19138.78,18637.0,0,0,0,0,0,0,0,0,0,0,0,0,0,0,0,0,0,0,0,0,0,0,0,0,0,0,0,0,0,0,0,1,2,0,0,0,0,0,0,0,2,0,0
banana republic canada,Social | Conversion | CVR ASC Volume,2026-01-11,2151.7,28344.92,22998.0,0,0,0,0,0,0,0,0,0,0,0,0,0,0,0,0,0,0,0,0,0,0,0,0,0,0,0,0,0,0,0,0,1,2,0,0,0,0,0,0,2,0,0
banana republic canada,Social | Conversion | CVR ASC Volume,2026-01-18,3301.21,40988.29,34889.0,0,0,0,0,0,0,0,0,0,0,0,0,0,0,0,0,0,0,0,0,0,0,0,0,0,0,0,0,0,0,0,0,0,2,0,0,0,0,0,0,2,0,0
banana republic canada,Social | Conversion | CVR ASC Volume,2026-01-25,2009.37,33637.78,26855.0,0,0,0,0,0,0,0,0,0,0,0,0,0,0,0,0,0,0,0,0,0,0,0,0,0,0,0,0,0,0,0,0,0,0,0,0,0,0,0,0,0,0,0
banana republic canada,Social | Conversion | CVR ASC Volume,2026-02-01,3147.48,25965.260000000002,30105.0,0,0,0,0,0,0,0,0,0,0,0,0,0,0,0,0,0,0,0,0,0,0,0,0,0,0,0,0,0,0,0,0,0,0,0,0,0,0,0,0,0,0,0
banana republic canada,Social | Conversion | CVR ASC Volume,2026-02-08,2878.31,22433.1,24107.0,0,0,0,0,0,0,0,0,0,0,0,0,0,0,0,0,0,0,0,0,0,0,0,0,0,0,0,0,0,0,0,0,0,0,0,0,0,0,0,0,0,0,0
banana republic canada,Social | Conversion | CVR ASC Volume,2026-02-15,3030.92,17950.87,23269.0,0,0,0,0,0,0,0,0,0,0,0,0,0,0,0,0,0,0,0,0,0,0,0,0,0,0,0,0,0,0,0,0,0,0,0,0,0,0,0,0,0,0,0
banana republic canada,Social | Conversion | CVR ASC Volume,2026-02-22,5144.26,41067.979999999996,42840.0,0,0,0,0,0,0,0,0,0,0,0,0,0,0,0,0,0,0,0,0,0,0,0,0,0,0,0,0,0,0,0,0,0,0,0,0,0,0,0,0,0,0,0
banana republic canada,Social | Conversion | CVR ASC Volume,2026-03-01,4805.39,41010.77,37508.0,0,0,0,0,0,0,0,0,0,0,0,0,0,0,0,0,0,0,0,0,0,0,0,0,0,0,0,0,0,0,0,0,0,0,0,0,0,0,0,0,0,0,0
banana republic canada,Social | Conversion | CVR ASC Volume,2026-03-08,13226.59,125246.23,62971.0,0,1,0,0,0,0,0,0,0,0,0,0,0,0,0,0,0,0,0,0,0,0,0,0,0,0,0,0,0,0,0,0,0,0,0,0,0,0,1,0,0,0,0
banana republic canada,Social | Conversion | CVR ASC Volume,2026-03-15,18278.7,167339.0,78711.0,0,2,0,0,0,0,0,0,0,0,0,0,0,0,0,0,0,0,0,0,0,0,0,0,0,0,0,0,0,0,0,0,0,0,0,0,0,0,2,0,0,0,0
banana republic canada,Social | Conversion | CVR ASC Volume,2026-03-22,7842.64,64168.4,33075.0,0,1,0,0,0,0,0,0,0,0,0,0,0,0,0,0,0,0,0,0,0,0,0,0,0,0,0,0,0,0,0,0,0,0,0,0,0,0,1,0,0,0,0
banana republic canada,Social | Conversion | CVR ASC Volume,2026-03-29,3880.21,32546.15,27930.0,0,0,0,0,0,0,0,0,0,0,0,0,0,0,0,0,0,0,0,0,0,0,0,0,0,0,0,0,0,0,0,0,0,0,1,0,0,0,0,0,0,0,1
banana republic canada,Social | Conversion | CVR ASC Volume,2026-04-05,3447.33,31450.83,27326.0,0,0,0,0,0,0,0,0,0,0,0,0,0,0,0,0,0,0,0,0,0,0,0,0,0,0,0,0,0,0,0,0,0,0,1,0,0,0,0,0,0,0,1
banana republic canada,Social | Conversion | CVR ASC Volume,2026-04-12,2930.7,24193.57,21635.0,0,0,0,0,0,0,0,0,0,0,0,0,0,0,0,0,0,0,0,0,0,0,0,0,0,0,0,0,0,0,0,0,0,0,0,0,0,0,0,0,0,0,0
banana republic canada,Social | Conversion | CVR ASC Volume,2026-04-19,4474.0599999999995,67836.62,31490.0,0,0,0,0,0,0,0,0,0,0,0,0,0,0,0,0,0,0,0,0,0,0,0,0,0,0,0,0,0,0,0,0,0,0,0,0,0,0,0,0,0,0,0
banana republic canada,Social | Conversion | CVR ASC Volume,2026-04-26,4814.01,43824.52,33935.0,0,0,0,0,0,0,0,0,0,0,0,0,0,0,0,0,0,0,0,0,0,0,0,0,0,0,0,0,0,0,0,0,0,0,0,0,0,0,0,0,0,0,0
banana republic canada,Social | Conversion | CVR ASC Volume,2026-05-03,3958.2700000000004,29970.449999999997,28117.0,0,0,0,0,0,0,0,0,0,0,0,0,0,0,0,0,0,0,0,0,0,0,0,0,0,0,0,0,0,0,0,0,0,0,0,0,0,0,0,0,0,0,0
banana republic canada,Social | Conversion | CVR ASC Volume,2026-05-10,7093.25,59628.6,44081.0,0,0,0,0,0,0,0,0,0,0,0,0,0,0,0,0,0,0,0,0,0,0,0,1,0,0,0,0,0,0,0,0,0,0,0,0,0,0,0,0,0,0,1
banana republic canada,Social | Conversion | CVR ASC Volume,2026-05-17,5094.87,53248.600000000006,33212.0,0,0,0,0,0,0,0,0,0,0,0,0,0,0,0,0,0,0,0,0,0,0,0,1,0,0,0,0,0,0,0,0,0,0,0,0,0,0,0,0,0,0,1
banana republic canada,Social | Conversion | CVR ASC Volume,2026-05-24,4553.89,45957.15,35635.0,0,0,0,0,0,0,0,0,0,0,0,0,0,0,0,0,0,0,0,0,0,0,0,0,0,0,0,0,0,0,0,0,0,0,0,0,0,0,0,0,0,0,0
banana republic canada,Social | Conversion | CVR ASC Volume,2026-05-31,4246.48,47672.44,39982.0,0,0,0,0,0,0,0,0,0,0,0,0,0,0,0,0,0,0,0,0,0,0,0,0,0,0,0,0,0,0,0,0,0,0,0,0,0,0,0,0,0,0,0
banana republic canada,Social | Conversion | CVR ASC Volume,2026-06-07,3527.35,30173.059999999998,28741.0,0,0,0,0,0,0,0,0,0,0,0,0,0,0,0,0,0,0,0,0,0,0,0,0,0,0,0,0,0,0,0,0,0,0,0,0,0,0,0,0,0,0,0
banana republic canada,Social | Conversion | CVR ASC Volume,2026-06-14,3341.15,30046.67,31238.0,0,0,0,0,0,0,0,0,0,0,0,0,0,0,0,0,0,0,0,0,0,0,0,0,0,0,0,0,0,0,0,0,0,0,0,0,0,0,0,0,0,0,0
banana republic canada,Social | Conversion | CVR ASC Volume,2026-06-21,3180.38,32287.42,29188.0,0,0,0,0,0,0,0,0,0,0,0,0,0,0,0,0,0,0,0,0,0,0,0,0,0,1,0,0,0,0,0,0,0,0,0,0,0,0,0,0,1,0,0
banana republic canada,Social | Conversion | CVR ASC Volume,2026-06-28,4092.17,42782.119999999995,40123.0,0,0,0,0,0,0,0,0,0,0,0,0,0,0,0,0,0,0,0,0,0,0,0,0,0,1,2,0,0,0,0,0,0,0,0,0,0,0,0,0,2,0,0
banana republic canada,Social | Conversion | CVR ASC Volume,2026-07-05,2489.82,21741.21,23483.0,0,0,0,0,0,0,0,0,0,0,0,0,0,0,0,0,0,0,0,0,0,0,0,0,0,0,2,1,0,0,0,0,0,0,0,0,0,0,0,0,2,0,0
banana republic canada,Social | Conversion | CVR ASC Volume,2026-07-12,3102.58,26349.34,30715.0,0,0,0,0,0,0,0,0,0,0,0,0,0,0,0,0,0,0,0,0,0,0,0,0,0,0,0,2,0,0,0,0,0,0,0,0,0,0,0,0,2,0,0
banana republic canada,Social | Conversion | CVR ASC Volume,2026-07-19,2937.54,27932.37,30095.0,0,0,0,0,0,0,0,0,0,0,0,0,0,0,0,0,0,0,0,0,0,0,0,0,0,0,0,1,2,0,0,0,0,0,0,0,0,0,0,0,2,0,0
banana republic canada,Social | Conversion | CVR ASC Volume,2026-07-26,2696.53,31771.32,27437.0,0,0,0,0,0,0,0,0,0,0,0,0,0,0,0,0,0,0,0,0,0,1,0,0,0,0,0,0,1,0,0,0,0,0,0,0,0,0,0,0,1,0,1
banana republic canada,Social | Conversion | CVR ASC Volume,2026-08-02,1760.51,13464.17,17616.0,0,0,0,0,0,0,0,0,0,0,0,0,0,0,0,0,0,0,0,0,0,0,0,0,0,0,0,0,0,0,0,0,0,0,0,0,0,0,0,0,0,0,0
banana republic canada,Social | Conversion | CVR ASC Volume,2026-08-09,2042.36,12404.119999999999,16715.0,0,0,0,0,0,0,0,0,0,0,0,0,0,0,0,0,0,0,0,0,0,0,0,0,0,0,0,0,0,0,0,0,0,0,0,0,0,0,0,0,0,0,0
banana republic canada,Social | Conversion | CVR ASC Volume,2026-08-16,2236.28,19327.52,19952.0,0,0,0,0,0,0,0,0,0,0,0,0,0,0,0,0,0,0,0,0,0,0,0,0,0,0,0,0,0,0,0,0,0,0,0,0,0,0,0,0,0,0,0
banana republic canada,Social | Conversion | CVR DAB,2024-07-28,614.01,4556.61,2403.0,0,0,0,0,0,0,0,0,0,0,0,0,0,0,0,0,0,0,0,0,0,0,0,0,0,0,0,0,2,0,0,0,0,0,0,0,0,0,0,0,2,0,0
banana republic canada,Social | Conversion | CVR DAB,2024-08-04,1712.53,7000.85,6768.0,0,0,0,0,0,0,0,0,0,0,0,0,0,0,0,0,0,0,0,0,0,0,0,0,0,0,0,0,1,0,0,0,0,0,0,0,0,0,0,0,1,0,0
banana republic canada,Social | Conversion | CVR DAB,2024-08-11,1575.09,6493.24,5601.0,0,0,0,0,0,0,0,0,0,0,0,0,0,0,0,0,0,0,0,0,0,0,0,0,0,0,0,0,0,0,0,0,0,0,0,0,0,0,0,0,0,0,0
banana republic canada,Social | Conversion | CVR DAB,2024-08-18,1621.8600000000001,11878.59,6047.0,0,0,0,0,0,0,0,0,0,0,0,0,0,0,0,0,0,0,0,0,0,0,0,0,0,0,0,0,0,0,0,0,0,0,0,0,0,0,0,0,0,0,0
banana republic canada,Social | Conversion | CVR DAB,2024-08-25,1297.46,10566.25,4450.0,0,0,0,0,0,0,0,0,0,0,0,0,0,0,0,0,0,0,0,0,0,0,0,0,0,0,0,0,0,0,0,0,0,0,0,0,0,0,0,0,0,0,0
banana republic canada,Social | Conversion | CVR DAB,2024-09-15,3227.37,13641.05,5509.0,0,2,0,0,0,0,0,0,0,0,0,0,0,0,0,0,0,0,0,0,0,0,0,0,0,0,0,0,0,0,0,0,0,0,0,0,0,0,2,0,0,0,0
banana republic canada,Social | Conversion | CVR DAB,2024-09-22,6693.17,21116.99,6461.0,0,2,0,0,0,0,0,0,0,0,0,0,0,0,0,0,0,0,0,0,0,0,0,0,0,0,0,0,0,0,0,0,0,0,0,0,0,0,2,0,0,0,0
banana republic canada,Social | Conversion | CVR DAB,2024-09-29,895.54,5161.21,3429.0,0,1,0,0,0,0,0,0,0,0,0,0,0,0,0,0,0,0,0,0,0,0,0,0,0,0,0,0,0,0,0,0,0,0,0,0,0,0,1,0,0,0,0
banana republic canada,Social | Conversion | CVR DAB,2024-10-06,3893.11,20647.98,12184.0,0,0,0,0,0,0,0,0,0,0,0,0,0,0,0,0,0,0,0,0,0,0,0,0,0,0,0,0,0,0,0,0,0,0,0,0,0,0,0,0,0,0,0
banana republic canada,Social | Conversion | CVR DAB,2024-10-13,3963.65,20770.33,13077.0,0,0,0,0,0,0,0,0,0,0,0,0,0,0,0,0,0,0,0,0,0,0,0,0,0,0,0,0,0,0,0,0,0,0,0,0,0,0,0,0,0,0,0
banana republic canada,Social | Conversion | CVR DAB,2024-10-20,2877.98,14414.82,10598.0,0,0,0,0,0,0,0,0,0,0,0,0,0,0,0,0,0,0,0,0,0,0,0,0,0,0,0,0,0,0,0,0,0,0,0,0,0,0,0,0,0,0,0
banana republic canada,Social | Conversion | CVR DAB,2024-10-27,5749.41,38488.16,20284.0,0,0,0,0,0,0,0,0,0,0,0,0,0,0,1,0,0,0,0,0,0,0,0,0,0,0,0,0,0,0,0,0,0,0,0,0,0,0,1,0,0,0,0
banana republic canada,Social | Conversion | CVR DAB,2024-11-03,9692.99,53339.92,30123.0,0,0,0,0,0,0,0,0,0,0,0,0,0,0,2,0,0,0,0,0,0,0,0,0,0,0,0,0,0,0,0,0,0,0,0,0,0,0,2,0,0,0,0
banana republic canada,Social | Conversion | CVR DAB,2024-11-10,1904.81,11026.26,7762.0,0,0,0,0,0,0,0,0,0,0,0,0,0,0,1,0,0,0,0,0,0,0,0,0,0,0,0,0,0,0,0,0,0,0,0,0,0,0,1,0,0,0,0
banana republic canada,Social | Conversion | CVR DAB,2024-11-17,2568.67,13765.71,8449.0,0,0,0,0,0,0,0,0,0,0,0,0,0,0,0,0,0,0,0,0,0,0,0,0,0,0,0,0,0,0,0,0,0,0,0,0,0,0,0,0,0,0,0
banana republic canada,Social | Conversion | CVR DAB,2024-11-24,9573.99,46186.92,21556.0,0,0,0,0,0,0,0,0,0,0,0,0,0,0,0,0,0,0,0,0,0,0,0,0,0,0,0,0,0,2,0,0,0,0,0,0,0,0,2,0,0,0,0
banana republic canada,Social | Conversion | CVR DAB,2024-12-01,8304.1,32832.56,19435.0,0,0,0,0,0,0,0,0,0,0,0,0,0,0,0,0,0,2,0,0,0,0,0,0,0,0,0,0,0,0,0,0,0,0,0,0,0,0,2,0,0,0,0
banana republic canada,Social | Conversion | CVR DAB,2024-12-08,3791.7000000000003,17672.59,13976.0,0,0,0,0,0,0,0,0,0,0,0,0,0,0,0,0,0,0,0,0,0,0,0,0,0,0,0,0,0,0,1,0,0,0,0,0,0,0,1,0,0,0,0
banana republic canada,Social | Conversion | CVR DAB,2024-12-15,3012.1,8209.2,7344.0,0,0,0,0,0,0,0,0,0,0,0,0,0,0,0,0,0,0,0,0,0,0,0,0,0,0,0,0,0,0,1,0,0,0,0,0,0,0,1,0,0,0,0
banana republic canada,Social | Conversion | CVR DAB,2024-12-22,3588.3900000000003,12219.29,12175.0,0,0,0,0,0,0,0,0,0,0,0,0,0,0,0,0,0,0,0,0,0,0,0,0,0,0,0,0,0,0,0,1,0,0,0,0,0,0,0,0,1,0,0
banana republic canada,Social | Conversion | CVR DAB,2024-12-29,2653.54,11624.810000000001,15796.0,0,0,0,0,0,0,0,0,0,0,0,0,0,0,0,0,0,0,0,0,0,0,0,0,0,0,0,0,0,0,0,2,1,0,0,0,0,0,0,0,2,0,0
banana republic canada,Social | Conversion | CVR DAB,2025-01-05,1214.61,10835.380000000001,8041.0,0,0,0,0,0,0,0,0,0,0,0,0,0,0,0,0,0,0,0,0,0,0,0,0,0,0,0,0,0,0,0,0,2,0,0,0,0,0,0,0,2,0,0
banana republic canada,Social | Conversion | CVR DAB,2025-01-12,1743.27,20668.8,10222.0,0,0,0,0,0,0,0,0,0,0,0,0,0,0,0,0,0,0,0,0,0,0,0,0,0,0,0,0,0,0,0,0,1,2,0,0,0,0,0,0,2,0,0
banana republic canada,Social | Conversion | CVR DAB,2025-01-19,1478.5,12928.44,10494.0,0,0,0,0,0,0,0,0,0,0,0,0,0,0,0,0,0,0,0,0,0,0,0,0,0,0,0,0,0,0,0,0,0,2,0,0,0,0,0,0,2,0,0
banana republic canada,Social | Conversion | CVR DAB,2025-01-26,1273.4099999999999,12294.0,10057.0,0,0,0,0,0,0,0,0,0,0,0,0,0,0,0,0,0,0,0,0,0,0,0,0,0,0,0,0,0,0,0,0,0,0,0,0,0,0,0,0,0,0,0
banana republic canada,Social | Conversion | CVR DAB,2025-02-02,1891.6599999999999,10819.240000000002,13220.0,0,0,0,0,0,0,0,0,0,0,0,0,0,0,0,0,0,0,0,0,0,0,0,0,0,0,0,0,0,0,0,0,0,0,0,0,0,0,0,0,0,0,0
banana republic canada,Social | Conversion | CVR DAB,2025-02-09,2008.74,11983.74,12758.0,0,0,0,0,0,0,0,0,0,0,0,0,0,0,0,0,0,0,0,0,0,0,0,0,0,0,0,0,0,0,0,0,0,0,0,0,0,0,0,0,0,0,0
banana republic canada,Social | Conversion | CVR DAB,2025-02-16,2552.92,15688.39,13566.0,0,0,0,0,0,0,0,0,0,0,0,0,0,0,0,0,0,0,0,0,0,0,0,0,0,0,0,0,0,0,0,0,0,0,0,0,0,0,0,0,0,0,0
banana republic canada,Social | Conversion | CVR DAB,2025-02-23,2858.22,18001.93,17167.0,0,0,0,0,0,0,0,0,0,0,0,0,0,0,0,0,0,0,0,0,0,0,0,0,0,0,0,0,0,0,0,0,0,0,0,0,0,0,0,0,0,0,0
banana republic canada,Social | Conversion | CVR DAB,2025-03-02,2292.39,13216.86,15074.0,0,0,0,0,0,0,0,0,0,0,0,0,0,0,0,0,0,0,0,0,0,0,0,0,0,0,0,0,0,0,0,0,0,0,0,0,0,0,0,0,0,0,0
banana republic canada,Social | Conversion | CVR DAB,2025-03-09,2717.97,16065.26,16982.0,0,0,0,0,0,0,0,0,0,0,0,0,0,0,0,0,0,0,0,0,0,0,0,0,0,0,0,0,0,0,0,0,0,0,0,0,0,0,0,0,0,0,0
banana republic canada,Social | Conversion | CVR DAB,2025-03-16,2758.98,14245.89,16485.0,0,0,0,0,0,0,0,0,0,0,0,0,0,0,0,0,0,0,0,0,0,0,0,0,0,0,0,0,0,0,0,0,0,0,0,0,0,0,0,0,0,0,0
banana republic canada,Social | Conversion | CVR DAB,2025-03-23,7372.13,43453.35,32163.0,0,2,0,0,0,0,0,0,0,0,0,0,0,0,0,0,0,0,0,0,0,0,0,0,0,0,0,0,0,0,0,0,0,0,0,0,0,0,2,0,0,0,0
banana republic canada,Social | Conversion | CVR DAB,2025-03-30,3042.98,21473.94,16254.0,0,1,0,0,0,0,0,0,0,0,0,0,0,0,0,0,0,0,0,0,0,0,0,0,0,0,0,0,0,0,0,0,0,0,0,0,0,0,1,0,0,0,0
banana republic canada,Social | Conversion | CVR DAB,2025-04-06,1882.08,16667.45,11189.0,0,0,0,0,0,0,0,0,0,0,0,0,0,0,0,0,0,0,0,0,0,0,0,0,0,0,0,0,0,0,0,0,0,0,0,0,0,0,0,0,0,0,0
banana republic canada,Social | Conversion | CVR DAB,2025-04-13,1797.96,12713.76,11832.0,0,0,0,0,0,0,0,0,0,0,0,0,0,0,0,0,0,0,0,0,0,0,0,0,0,0,0,0,0,0,0,0,0,0,1,0,0,0,0,0,0,0,1
banana republic canada,Social | Conversion | CVR DAB,2025-04-20,966.8800000000001,7444.389999999999,6275.0,0,0,0,0,0,0,0,0,0,0,0,0,0,0,0,0,0,0,0,0,0,0,0,0,0,0,0,0,0,0,0,0,0,0,1,0,0,0,0,0,0,0,1
banana republic canada,Social | Conversion | CVR DAB,2025-04-27,1416.76,7252.799999999999,10295.0,0,0,0,0,0,0,0,0,0,0,0,0,0,0,0,0,0,0,0,0,0,0,0,0,0,0,0,0,0,0,0,0,0,0,0,0,0,0,0,0,0,0,0
banana republic canada,Social | Conversion | CVR DAB,2025-05-04,786.97,5497.45,6055.0,0,0,0,0,0,0,0,0,0,0,0,0,0,0,0,0,0,0,0,0,0,0,0,0,0,0,0,0,0,0,0,0,0,0,0,0,0,0,0,0,0,0,0
banana republic canada,Social | Conversion | CVR DAB,2025-05-11,1423.32,10255.63,8795.0,0,0,0,0,0,0,0,0,0,0,0,0,0,0,0,0,0,0,0,0,0,0,0,1,0,0,0,0,0,0,0,0,0,0,0,0,0,0,0,0,0,0,1
banana republic canada,Social | Conversion | CVR DAB,2025-05-18,1064.13,10132.53,7722.0,0,0,0,0,0,0,0,0,0,0,0,0,0,0,0,0,0,0,0,0,0,0,0,1,0,0,0,0,0,0,0,0,0,0,0,0,0,0,0,0,0,0,1
banana republic canada,Social | Conversion | CVR DAB,2025-05-25,910.0699999999999,8445.0,6297.0,0,0,0,0,0,0,0,0,0,0,0,0,0,0,0,0,0,0,0,0,0,0,0,0,0,0,0,0,0,0,0,0,0,0,0,0,0,0,0,0,0,0,0
banana republic canada,Social | Conversion | CVR DAB,2025-06-01,909.5600000000001,9837.34,6897.0,0,0,0,0,0,0,0,0,0,0,0,0,0,0,0,0,0,0,0,0,0,0,0,0,0,0,0,0,0,0,0,0,0,0,0,0,0,0,0,0,0,0,0
banana republic canada,Social | Conversion | CVR DAB,2025-06-08,1851.71,14060.390000000001,9200.0,0,0,0,0,0,0,0,0,0,0,0,0,0,0,0,0,0,0,0,0,0,0,0,0,0,0,0,0,0,0,0,0,0,0,0,0,0,0,0,0,0,0,0
banana republic canada,Social | Conversion | CVR DAB,2025-06-15,1379.33,4146.59,7766.0,0,0,0,0,0,0,0,0,0,0,0,0,0,0,0,0,0,0,0,0,0,0,0,0,0,0,0,0,0,0,0,0,0,0,0,0,0,0,0,0,0,0,0
banana republic canada,Social | Conversion | CVR DAB,2025-06-22,792.41,4234.5,4758.0,0,0,0,0,0,0,0,0,0,0,0,0,0,0,0,0,0,0,0,0,0,0,0,0,0,1,0,0,0,0,0,0,0,0,0,0,0,0,0,0,1,0,0
banana republic canada,Social | Conversion | CVR DAB,2025-06-29,961.63,5311.45,7767.0,0,0,0,0,0,0,0,0,0,0,0,0,0,0,0,0,0,0,0,0,0,0,0,0,0,1,2,0,0,0,0,0,0,0,0,0,0,0,0,0,2,0,0
banana republic canada,Social | Conversion | CVR DAB,2025-07-06,749.21,7008.4400000000005,7309.0,0,0,0,0,0,0,0,0,0,0,0,0,0,0,0,0,0,0,0,0,0,0,0,0,0,0,2,1,0,0,0,0,0,0,0,0,0,0,0,0,2,0,0
banana republic canada,Social | Conversion | CVR DAB,2025-07-13,698.07,7689.93,7591.0,0,0,0,0,0,0,0,0,0,0,0,0,0,0,0,0,0,0,0,0,0,0,0,0,0,0,0,2,0,0,0,0,0,0,0,0,0,0,0,0,2,0,0
banana republic canada,Social | Conversion | CVR DAB,2025-07-20,1193.33,9126.880000000001,12931.0,0,0,0,0,0,0,0,0,0,0,0,0,0,0,0,0,0,0,0,0,0,0,0,0,0,0,0,1,2,0,0,0,0,0,0,0,0,0,0,0,2,0,0
banana republic canada,Social | Conversion | CVR DAB,2025-07-27,686.78,6216.74,8130.0,0,0,0,0,0,0,0,0,0,0,0,0,0,0,0,0,0,0,0,0,0,0,0,0,0,0,0,0,2,0,0,0,0,0,0,0,0,0,0,0,2,0,0
banana republic canada,Social | Conversion | CVR DAB,2025-08-03,524.9,5626.46,5276.0,0,0,0,0,0,0,0,0,0,0,0,0,0,0,0,0,0,0,0,0,0,0,0,0,0,0,0,0,1,0,0,0,0,0,0,0,0,0,0,0,1,0,0
banana republic canada,Social | Conversion | CVR DAB,2025-08-10,1330.75,7769.18,11856.0,0,0,0,0,0,0,0,0,0,0,0,0,0,0,0,0,0,0,0,0,0,0,0,0,0,0,0,0,0,0,0,0,0,0,0,0,0,0,0,0,0,0,0
banana republic canada,Social | Conversion | CVR DPA,2024-07-28,491.01,5114.1,2753.0,0,0,0,0,0,0,0,0,0,0,0,0,0,0,0,0,0,0,0,0,0,0,0,0,0,0,0,0,2,0,0,0,0,0,0,0,0,0,0,0,2,0,0
banana republic canada,Social | Conversion | CVR DPA,2024-08-04,1370.17,6570.87,8590.0,0,0,0,0,0,0,0,0,0,0,0,0,0,0,0,0,0,0,0,0,0,0,0,0,0,0,0,0,1,0,0,0,0,0,0,0,0,0,0,0,1,0,0
banana republic canada,Social | Conversion | CVR DPA,2024-08-11,1251.78,6056.43,7607.0,0,0,0,0,0,0,0,0,0,0,0,0,0,0,0,0,0,0,0,0,0,0,0,0,0,0,0,0,0,0,0,0,0,0,0,0,0,0,0,0,0,0,0
banana republic canada,Social | Conversion | CVR DPA,2024-08-18,1282.75,9037.61,6835.0,0,0,0,0,0,0,0,0,0,0,0,0,0,0,0,0,0,0,0,0,0,0,0,0,0,0,0,0,0,0,0,0,0,0,0,0,0,0,0,0,0,0,0
banana republic canada,Social | Conversion | CVR DPA,2024-08-25,1021.24,3753.87,5441.0,0,0,0,0,0,0,0,0,0,0,0,0,0,0,0,0,0,0,0,0,0,0,0,0,0,0,0,0,0,0,0,0,0,0,0,0,0,0,0,0,0,0,0
banana republic canada,Social | Conversion | CVR DPA,2024-09-22,699.12,1564.83,1210.0,0,2,0,0,0,0,0,0,0,0,0,0,0,0,0,0,0,0,0,0,0,0,0,0,0,0,0,0,0,0,0,0,0,0,0,0,0,0,2,0,0,0,0
banana republic canada,Social | Conversion | CVR DPA,2024-09-29,582.4200000000001,4340.79,2575.0,0,1,0,0,0,0,0,0,0,0,0,0,0,0,0,0,0,0,0,0,0,0,0,0,0,0,0,0,0,0,0,0,0,0,0,0,0,0,1,0,0,0,0
banana republic canada,Social | Conversion | CVR DPA,2024-10-06,2597.62,17489.29,9426.0,0,0,0,0,0,0,0,0,0,0,0,0,0,0,0,0,0,0,0,0,0,0,0,0,0,0,0,0,0,0,0,0,0,0,0,0,0,0,0,0,0,0,0
banana republic canada,Social | Conversion | CVR DPA,2024-10-13,3352.36,18176.61,11586.0,0,0,0,0,0,0,0,0,0,0,0,0,0,0,0,0,0,0,0,0,0,0,0,0,0,0,0,0,0,0,0,0,0,0,0,0,0,0,0,0,0,0,0
banana republic canada,Social | Conversion | CVR DPA,2024-10-20,2338.05,8965.76,8692.0,0,0,0,0,0,0,0,0,0,0,0,0,0,0,0,0,0,0,0,0,0,0,0,0,0,0,0,0,0,0,0,0,0,0,0,0,0,0,0,0,0,0,0
banana republic canada,Social | Conversion | CVR DPA,2024-10-27,4531.35,31819.89,16348.0,0,0,0,0,0,0,0,0,0,0,0,0,0,0,1,0,0,0,0,0,0,0,0,0,0,0,0,0,0,0,0,0,0,0,0,0,0,0,1,0,0,0,0
banana republic canada,Social | Conversion | CVR DPA,2024-11-03,11319.96,59559.51,31411.0,0,0,0,0,0,0,0,0,0,0,0,0,0,0,2,0,0,0,0,0,0,0,0,0,0,0,0,0,0,0,0,0,0,0,0,0,0,0,2,0,0,0,0
banana republic canada,Social | Conversion | CVR DPA,2024-11-10,2258.71,15128.84,8410.0,0,0,0,0,0,0,0,0,0,0,0,0,0,0,1,0,0,0,0,0,0,0,0,0,0,0,0,0,0,0,0,0,0,0,0,0,0,0,1,0,0,0,0
banana republic canada,Social | Conversion | CVR DPA,2024-11-17,3133.13,12088.060000000001,9506.0,0,0,0,0,0,0,0,0,0,0,0,0,0,0,0,0,0,0,0,0,0,0,0,0,0,0,0,0,0,0,0,0,0,0,0,0,0,0,0,0,0,0,0
banana republic canada,Social | Conversion | CVR DPA,2024-11-24,10390.61,39913.18,19167.0,0,0,0,0,0,0,0,0,0,0,0,0,0,0,0,0,0,0,0,0,0,0,0,0,0,0,0,0,0,2,0,0,0,0,0,0,0,0,2,0,0,0,0
banana republic canada,Social | Conversion | CVR DPA,2024-12-01,9185.710000000001,18048.73,9453.0,0,0,0,0,0,0,0,0,0,0,0,0,0,0,0,0,0,2,0,0,0,0,0,0,0,0,0,0,0,0,0,0,0,0,0,0,0,0,2,0,0,0,0
banana republic canada,Social | Conversion | CVR DPA,2024-12-08,2538.09,11623.35,8108.0,0,0,0,0,0,0,0,0,0,0,0,0,0,0,0,0,0,0,0,0,0,0,0,0,0,0,0,0,0,0,1,0,0,0,0,0,0,0,1,0,0,0,0
banana republic canada,Social | Conversion | CVR DPA,2024-12-15,1609.13,2901.2,3573.0,0,0,0,0,0,0,0,0,0,0,0,0,0,0,0,0,0,0,0,0,0,0,0,0,0,0,0,0,0,0,1,0,0,0,0,0,0,0,1,0,0,0,0
banana republic canada,Social | Conversion | CVR DPA,2024-12-22,1566.44,7158.24,4071.0,0,0,0,0,0,0,0,0,0,0,0,0,0,0,0,0,0,0,0,0,0,0,0,0,0,0,0,0,0,0,0,1,0,0,0,0,0,0,0,0,1,0,0
banana republic canada,Social | Conversion | CVR DPA,2024-12-29,1181.25,9385.89,5816.0,0,0,0,0,0,0,0,0,0,0,0,0,0,0,0,0,0,0,0,0,0,0,0,0,0,0,0,0,0,0,0,2,1,0,0,0,0,0,0,0,2,0,0
banana republic canada,Social | Conversion | CVR DPA,2025-01-05,609.98,9099.41,4050.0,0,0,0,0,0,0,0,0,0,0,0,0,0,0,0,0,0,0,0,0,0,0,0,0,0,0,0,0,0,0,0,0,2,0,0,0,0,0,0,0,2,0,0
banana republic canada,Social | Conversion | CVR DPA,2025-01-12,883.79,15878.26,5987.0,0,0,0,0,0,0,0,0,0,0,0,0,0,0,0,0,0,0,0,0,0,0,0,0,0,0,0,0,0,0,0,0,1,2,0,0,0,0,0,0,2,0,0
banana republic canada,Social | Conversion | CVR DPA,2025-01-19,733.95,12046.58,5852.0,0,0,0,0,0,0,0,0,0,0,0,0,0,0,0,0,0,0,0,0,0,0,0,0,0,0,0,0,0,0,0,0,0,2,0,0,0,0,0,0,2,0,0
banana republic canada,Social | Conversion | CVR DPA,2025-01-26,634.62,12744.76,5786.0,0,0,0,0,0,0,0,0,0,0,0,0,0,0,0,0,0,0,0,0,0,0,0,0,0,0,0,0,0,0,0,0,0,0,0,0,0,0,0,0,0,0,0
banana republic canada,Social | Conversion | CVR DPA,2025-02-02,2117.13,16601.629999999997,11518.0,0,0,0,0,0,0,0,0,0,0,0,0,0,0,0,0,0,0,0,0,0,0,0,0,0,0,0,0,0,0,0,0,0,0,0,0,0,0,0,0,0,0,0
banana republic canada,Social | Conversion | CVR DPA,2025-02-09,1592.0,12617.7,9045.0,0,0,0,0,0,0,0,0,0,0,0,0,0,0,0,0,0,0,0,0,0,0,0,0,0,0,0,0,0,0,0,0,0,0,0,0,0,0,0,0,0,0,0
banana republic canada,Social | Conversion | CVR DPA,2025-02-16,1985.38,16248.67,9952.0,0,0,0,0,0,0,0,0,0,0,0,0,0,0,0,0,0,0,0,0,0,0,0,0,0,0,0,0,0,0,0,0,0,0,0,0,0,0,0,0,0,0,0
banana republic canada,Social | Conversion | CVR DPA,2025-02-23,2852.88,29296.08,15954.0,0,0,0,0,0,0,0,0,0,0,0,0,0,0,0,0,0,0,0,0,0,0,0,0,0,0,0,0,0,0,0,0,0,0,0,0,0,0,0,0,0,0,0
banana republic canada,Social | Conversion | CVR DPA,2025-03-02,2901.97,24967.39,15140.0,0,0,0,0,0,0,0,0,0,0,0,0,0,0,0,0,0,0,0,0,0,0,0,0,0,0,0,0,0,0,0,0,0,0,0,0,0,0,0,0,0,0,0
banana republic canada,Social | Conversion | CVR DPA,2025-03-09,2840.27,23843.43,12629.0,0,0,0,0,0,0,0,0,0,0,0,0,0,0,0,0,0,0,0,0,0,0,0,0,0,0,0,0,0,0,0,0,0,0,0,0,0,0,0,0,0,0,0
banana republic canada,Social | Conversion | CVR DPA,2025-03-16,3802.12,32991.14,15601.0,0,0,0,0,0,0,0,0,0,0,0,0,0,0,0,0,0,0,0,0,0,0,0,0,0,0,0,0,0,0,0,0,0,0,0,0,0,0,0,0,0,0,0
banana republic canada,Social | Conversion | CVR DPA,2025-03-23,10050.74,85763.6,29981.0,0,2,0,0,0,0,0,0,0,0,0,0,0,0,0,0,0,0,0,0,0,0,0,0,0,0,0,0,0,0,0,0,0,0,0,0,0,0,2,0,0,0,0
banana republic canada,Social | Conversion | CVR DPA,2025-03-30,4574.11,33039.2,16746.0,0,1,0,0,0,0,0,0,0,0,0,0,0,0,0,0,0,0,0,0,0,0,0,0,0,0,0,0,0,0,0,0,0,0,0,0,0,0,1,0,0,0,0
banana republic canada,Social | Conversion | CVR DPA,2025-04-06,2813.15,21546.97,12999.0,0,0,0,0,0,0,0,0,0,0,0,0,0,0,0,0,0,0,0,0,0,0,0,0,0,0,0,0,0,0,0,0,0,0,0,0,0,0,0,0,0,0,0
banana republic canada,Social | Conversion | CVR DPA,2025-04-13,2661.22,25295.84,12393.0,0,0,0,0,0,0,0,0,0,0,0,0,0,0,0,0,0,0,0,0,0,0,0,0,0,0,0,0,0,0,0,0,0,0,1,0,0,0,0,0,0,0,1
banana republic canada,Social | Conversion | CVR DPA,2025-04-20,3845.36,31610.3,17078.0,0,0,0,0,0,0,0,0,0,0,0,0,0,0,0,0,0,0,0,0,0,0,0,0,0,0,0,0,0,0,0,0,0,0,1,0,0,0,0,0,0,0,1
banana republic canada,Social | Conversion | CVR DPA,2025-04-27,5424.4,42195.479999999996,23107.0,0,0,0,0,0,0,0,0,0,0,0,0,0,0,0,0,0,0,0,0,0,0,0,0,0,0,0,0,0,0,0,0,0,0,0,0,0,0,0,0,0,0,0
banana republic canada,Social | Conversion | CVR DPA,2025-05-04,3143.1099999999997,29443.46,14706.0,0,0,0,0,0,0,0,0,0,0,0,0,0,0,0,0,0,0,0,0,0,0,0,0,0,0,0,0,0,0,0,0,0,0,0,0,0,0,0,0,0,0,0
banana republic canada,Social | Conversion | CVR DPA,2025-05-11,5870.89,50133.47,21682.0,0,0,0,0,0,0,0,0,0,0,0,0,0,0,0,0,0,0,0,0,0,0,0,1,0,0,0,0,0,0,0,0,0,0,0,0,0,0,0,0,0,0,1
banana republic canada,Social | Conversion | CVR DPA,2025-05-18,6098.139999999999,46040.64,25405.0,0,0,0,0,0,0,0,0,0,0,0,0,0,0,0,0,0,0,0,0,0,0,0,1,0,0,0,0,0,0,0,0,0,0,0,0,0,0,0,0,0,0,1
banana republic canada,Social | Conversion | CVR DPA,2025-05-25,3922.69,33956.04,20426.0,0,0,0,0,0,0,0,0,0,0,0,0,0,0,0,0,0,0,0,0,0,0,0,0,0,0,0,0,0,0,0,0,0,0,0,0,0,0,0,0,0,0,0
banana republic canada,Social | Conversion | CVR DPA,2025-06-01,2895.81,26496.15,17181.0,0,0,0,0,0,0,0,0,0,0,0,0,0,0,0,0,0,0,0,0,0,0,0,0,0,0,0,0,0,0,0,0,0,0,0,0,0,0,0,0,0,0,0
banana republic canada,Social | Conversion | CVR DPA,2025-06-08,4282.86,30478.45,17122.0,0,0,0,0,0,0,0,0,0,0,0,0,0,0,0,0,0,0,0,0,0,0,0,0,0,0,0,0,0,0,0,0,0,0,0,0,0,0,0,0,0,0,0
banana republic canada,Social | Conversion | CVR DPA,2025-06-15,3003.96,20646.85,13592.0,0,0,0,0,0,0,0,0,0,0,0,0,0,0,0,0,0,0,0,0,0,0,0,0,0,0,0,0,0,0,0,0,0,0,0,0,0,0,0,0,0,0,0
banana republic canada,Social | Conversion | CVR DPA,2025-06-22,3299.04,17435.65,16199.0,0,0,0,0,0,0,0,0,0,0,0,0,0,0,0,0,0,0,0,0,0,0,0,0,0,1,0,0,0,0,0,0,0,0,0,0,0,0,0,0,1,0,0
banana republic canada,Social | Conversion | CVR DPA,2025-06-29,4264.04,31872.1,20600.0,0,0,0,0,0,0,0,0,0,0,0,0,0,0,0,0,0,0,0,0,0,0,0,0,0,1,2,0,0,0,0,0,0,0,0,0,0,0,0,0,2,0,0
banana republic canada,Social | Conversion | CVR DPA,2025-07-06,3104.18,22708.19,15483.0,0,0,0,0,0,0,0,0,0,0,0,0,0,0,0,0,0,0,0,0,0,0,0,0,0,0,2,1,0,0,0,0,0,0,0,0,0,0,0,0,2,0,0
banana republic canada,Social | Conversion | CVR DPA,2025-07-13,2892.6,24792.4,17381.0,0,0,0,0,0,0,0,0,0,0,0,0,0,0,0,0,0,0,0,0,0,0,0,0,0,0,0,2,0,0,0,0,0,0,0,0,0,0,0,0,2,0,0
banana republic canada,Social | Conversion | CVR DPA,2025-07-20,2578.3199999999997,33457.56,18068.0,0,0,0,0,0,0,0,0,0,0,0,0,0,0,0,0,0,0,0,0,0,0,0,0,0,0,0,1,2,0,0,0,0,0,0,0,0,0,0,0,2,0,0
banana republic canada,Social | Conversion | CVR DPA,2025-07-27,2926.17,34094.22,20308.0,0,0,0,0,0,0,0,0,0,0,0,0,0,0,0,0,0,0,0,0,0,0,0,0,0,0,0,0,2,0,0,0,0,0,0,0,0,0,0,0,2,0,0
banana republic canada,Social | Conversion | CVR DPA,2025-08-03,2016.6200000000001,17905.219999999998,12848.0,0,0,0,0,0,0,0,0,0,0,0,0,0,0,0,0,0,0,0,0,0,0,0,0,0,0,0,0,1,0,0,0,0,0,0,0,0,0,0,0,1,0,0
banana republic canada,Social | Conversion | CVR DPA,2025-08-10,497.19,4986.39,3824.0,0,0,0,0,0,0,0,0,0,0,0,0,0,0,0,0,0,0,0,0,0,0,0,0,0,0,0,0,0,0,0,0,0,0,0,0,0,0,0,0,0,0,0
banana republic factory,Affiliates | Consideration | Aff Content,2025-05-04,8717.14,105147.45999999999,55976.0,0,0,0,0,0,2,0,0,0,0,0,0,0,0,0,0,0,0,0,0,0,0,0,0,0,0,0,0,0,0,0,0,0,0,0,0,0,0,0,0,2,0,0
banana republic factory,Affiliates | Consideration | Aff Content,2025-05-11,15101.25,218612.07,73364.0,0,0,0,0,0,0,1,0,0,0,0,0,0,0,0,0,0,0,0,0,0,1,0,0,0,0,0,0,0,0,0,0,0,0,0,0,0,1,0,0,0,0,0
banana republic factory,Affiliates | Consideration | Aff Content,2025-05-18,13345.3,154020.11000000002,61566.0,0,0,0,0,0,0,1,2,0,0,0,0,0,0,0,0,0,0,0,0,0,0,0,0,0,0,0,0,0,0,0,0,0,0,0,0,0,1,0,2,0,0,0
banana republic factory,Affiliates | Consideration | Aff Content,2025-05-25,13883.34,160668.31,69948.0,0,0,0,0,0,0,0,2,0,0,0,0,0,0,0,0,0,0,0,0,0,0,0,0,0,0,0,0,0,0,0,0,0,0,0,0,0,0,0,2,0,0,0
banana republic factory,Affiliates | Consideration | Aff Content,2025-06-01,6996.6,91906.08,42599.0,0,0,0,0,0,0,0,1,0,0,0,0,0,0,0,0,0,0,0,0,0,0,0,0,0,0,0,0,0,0,0,0,0,0,0,0,0,0,0,1,0,0,0
banana republic factory,Affiliates | Consideration | Aff Content,2025-06-08,9604.9,98217.13,54489.0,0,0,0,0,0,0,0,0,0,0,0,0,0,0,0,0,0,0,0,0,0,0,0,0,0,0,0,0,0,0,0,0,0,0,0,0,0,0,0,0,0,0,0
banana republic factory,Affiliates | Consideration | Aff Content,2025-06-15,10490.039999999999,97631.22,51946.0,0,0,0,0,0,0,0,0,1,0,0,0,0,0,0,0,0,0,0,0,0,0,0,0,0,0,0,0,0,0,0,0,0,0,0,0,0,1,0,0,0,0,0
banana republic factory,Affiliates | Consideration | Aff Content,2025-06-22,11051.01,110875.65,51367.0,0,0,0,0,0,0,0,0,2,1,0,0,0,0,0,0,0,0,0,0,0,0,0,0,0,0,0,0,0,0,0,0,0,0,0,0,0,2,0,1,0,0,0
banana republic factory,Affiliates | Consideration | Aff Content,2025-06-29,18755.95,187536.82,85332.0,0,0,0,0,0,0,0,0,0,2,0,0,0,0,0,0,0,0,0,0,0,0,0,0,0,0,0,0,0,0,0,0,0,0,0,0,0,0,0,2,0,0,0
banana republic factory,Affiliates | Consideration | Aff Content,2025-07-06,8662.09,98680.89,56830.0,0,0,0,0,0,0,0,0,0,1,2,0,0,0,0,0,0,0,0,0,0,0,0,0,0,0,0,0,0,0,0,0,0,0,0,0,0,0,0,1,2,0,0
banana republic factory,Affiliates | Consideration | Aff Content,2025-07-13,7717.6900000000005,82274.54000000001,52276.0,0,0,0,0,0,0,0,0,0,0,1,0,0,0,0,0,0,0,0,0,0,0,0,0,0,0,0,0,0,0,0,0,0,0,0,0,0,0,0,0,1,0,0
banana republic factory,Affiliates | Consideration | Aff Content,2025-07-20,8637.56,94751.86,58446.0,0,0,0,0,0,0,0,0,0,0,0,0,0,0,0,0,0,0,0,0,0,0,0,0,0,0,0,0,0,0,0,0,0,0,0,0,0,0,0,0,0,0,0
banana republic factory,Affiliates | Consideration | Aff Content,2025-07-27,8570.17,93785.44,46793.0,0,0,0,0,0,0,0,0,0,0,0,0,0,0,0,0,0,0,0,0,0,1,0,0,0,0,0,0,0,0,0,0,0,0,0,0,0,1,0,0,0,0,0
banana republic factory,Affiliates | Consideration | Aff Content,2025-08-03,9728.11,81556.59,49309.0,0,0,0,0,0,0,0,0,0,0,0,0,0,0,0,0,0,0,0,0,0,0,0,0,0,0,0,0,0,0,0,0,0,0,0,0,0,0,0,0,0,0,0
banana republic factory,Affiliates | Consideration | Aff Content,2025-08-10,13345.41,114558.69,56619.0,0,0,0,0,0,0,0,0,0,0,0,0,0,0,0,0,0,0,0,0,0,0,0,0,0,0,0,0,0,0,0,0,0,0,0,0,0,0,0,0,0,0,0
banana republic factory,Affiliates | Consideration | Aff Content,2025-08-17,17027.55,161749.33,62618.0,0,0,0,0,0,0,0,0,0,0,0,2,0,0,0,0,0,0,0,0,0,0,0,0,0,0,0,0,0,0,0,0,0,0,0,0,0,2,0,0,0,0,0
banana republic factory,Affiliates | Consideration | Aff Content,2025-08-24,18817.78,194808.3,75438.0,0,0,0,0,0,0,0,0,0,0,0,1,2,0,0,0,0,0,0,0,0,0,0,0,0,0,0,0,0,0,0,0,0,0,0,0,0,1,0,2,0,0,0
banana republic factory,Affiliates | Consideration | Aff Content,2025-08-31,12473.27,153324.13999999998,59229.0,0,0,0,0,0,0,0,0,0,0,0,0,1,0,0,0,0,0,0,0,0,0,0,0,0,0,0,0,0,0,0,0,0,0,0,0,0,0,0,1,0,0,0
banana republic factory,Affiliates | Consideration | Aff Content,2025-09-07,18041.49,217245.46,90187.0,0,1,0,0,0,0,0,0,0,0,0,0,0,0,0,0,0,0,0,0,0,0,0,0,0,0,0,0,0,0,0,0,0,0,0,0,0,1,0,0,0,0,0
banana republic factory,Affiliates | Consideration | Aff Content,2025-09-14,18737.96,184077.74,71684.0,0,2,0,0,0,0,0,0,0,0,0,0,0,0,0,0,0,0,0,0,0,0,0,0,0,0,0,0,0,0,0,0,0,0,0,0,0,2,0,0,0,0,0
banana republic factory,Affiliates | Consideration | Aff Content,2025-09-21,12811.04,117511.68,65181.0,0,1,0,0,0,0,0,0,0,0,0,0,0,0,0,0,0,0,0,0,0,0,0,0,0,0,0,0,0,0,0,0,0,0,0,0,0,1,0,0,0,0,0
banana republic factory,Affiliates | Consideration | Aff Content,2025-09-28,12415.35,109678.17,49762.0,0,0,0,0,0,0,0,0,0,0,0,0,0,0,0,0,0,0,0,0,0,0,0,0,0,0,0,0,0,0,0,0,0,0,0,0,0,0,0,0,0,0,0
banana republic factory,Affiliates | Consideration | Aff Content,2025-10-05,16076.96,153531.22,56542.0,0,0,0,0,0,0,0,0,0,0,0,0,0,2,0,0,0,0,0,0,0,0,0,0,0,0,0,0,0,0,0,0,0,0,0,0,0,2,0,0,0,0,0
banana republic factory,Affiliates | Consideration | Aff Content,2025-10-12,13320.82,121943.91,55444.0,0,0,0,0,0,0,0,0,0,0,0,0,0,1,0,0,0,0,0,0,0,0,0,0,0,0,0,0,0,0,0,0,0,0,0,0,0,1,0,0,0,0,0
banana republic factory,Affiliates | Consideration | Aff Content,2025-10-19,23743.04,241738.53,79191.0,0,0,0,0,0,1,0,0,0,0,0,0,0,0,0,0,0,0,0,0,0,0,0,0,0,0,0,0,0,0,0,0,0,0,0,0,0,0,0,0,1,0,0
banana republic factory,Affiliates | Consideration | Aff Content,2025-10-26,14960.34,137807.37,57338.0,0,0,0,0,0,2,0,0,0,0,0,0,0,0,1,0,0,0,0,0,0,0,0,0,0,0,0,0,0,0,0,0,0,0,0,0,0,1,0,0,2,0,0
banana republic factory,Affiliates | Consideration | Aff Content,2025-11-02,18882.76,157597.14,69762.0,0,0,0,0,0,0,0,0,0,0,0,0,0,0,2,0,0,0,0,0,0,0,0,0,0,0,0,0,0,0,0,0,0,0,0,0,0,2,0,0,0,0,0
banana republic factory,Affiliates | Consideration | Aff Content,2025-11-09,21851.44,187184.23,70319.0,0,0,0,0,0,0,0,0,0,0,0,0,0,0,1,0,0,0,0,0,0,0,0,0,0,0,0,0,0,0,0,0,0,0,0,0,0,1,0,0,0,0,0
banana republic factory,Affiliates | Consideration | Aff Content,2025-11-16,34056.45,311497.2,80290.0,0,0,0,0,0,0,0,0,0,0,0,0,0,0,0,2,0,0,0,0,0,0,0,0,0,0,0,0,0,0,0,0,0,0,0,0,0,0,0,0,2,0,0
banana republic factory,Affiliates | Consideration | Aff Content,2025-11-23,45892.07,491044.61000000004,117784.0,0,0,0,0,0,0,0,0,0,0,0,0,0,0,0,1,2,0,0,0,0,0,0,0,0,0,0,0,0,0,0,0,0,0,0,0,0,0,0,0,2,0,0
banana republic factory,Affiliates | Consideration | Aff Content,2025-11-30,25755.9,282696.8,82353.0,0,0,0,0,0,0,0,0,0,0,0,0,0,0,0,0,0,2,0,0,0,0,0,0,0,0,0,0,0,0,0,0,0,0,0,0,0,0,0,0,2,0,0
banana republic factory,Affiliates | Consideration | Aff Content,2025-12-07,20371.69,190881.97999999998,62691.0,0,0,0,0,0,0,0,0,0,0,0,0,0,0,0,0,0,0,2,0,0,0,0,0,0,0,0,0,0,0,0,0,0,0,0,0,0,0,0,2,0,0,0
banana republic factory,Affiliates | Consideration | Aff Content,2025-12-14,15236.93,120885.72,46966.0,0,0,0,0,0,0,0,0,0,0,0,0,0,0,0,0,0,0,2,1,0,0,0,0,0,0,0,0,0,0,0,0,0,0,0,0,0,1,0,2,0,0,0
banana republic factory,Affiliates | Consideration | Aff Content,2025-12-21,9598.029999999999,58412.91,25768.0,0,0,0,0,0,0,0,0,0,0,0,0,0,0,0,0,0,0,0,2,1,0,0,0,0,0,0,0,0,0,0,0,0,0,0,0,0,2,0,0,0,0,0
banana republic factory,Affiliates | Consideration | Aff Content,2025-12-28,12618.41,76516.97,47093.0,0,0,0,0,0,0,0,0,0,0,0,0,0,0,0,0,0,0,0,0,2,0,0,0,0,0,0,0,0,0,0,0,0,0,0,0,0,2,0,0,0,0,0
banana republic factory,Affiliates | Consideration | Aff Content,2026-01-04,5709.2,52570.7,29564.0,0,0,0,0,0,0,0,0,0,0,0,0,0,0,0,0,0,0,0,0,1,0,0,0,0,0,0,0,0,0,0,0,0,0,0,0,0,1,0,0,0,0,0
banana republic factory,Affiliates | Consideration | Aff Content,2026-01-11,9166.68,90030.65,40289.0,0,0,0,0,0,0,0,0,0,0,0,0,0,0,0,0,0,0,0,0,0,0,1,0,0,0,0,0,0,0,0,0,0,0,0,0,0,1,0,0,0,0,0
banana republic factory,Affiliates | Consideration | Aff Content,2026-01-18,8210.42,74454.64,42437.0,0,0,0,0,0,0,0,0,0,0,0,0,0,0,0,0,0,0,0,0,0,0,1,0,0,0,0,0,0,0,0,0,0,0,0,0,0,1,0,0,0,0,0
banana republic factory,Affiliates | Consideration | Aff Content,2026-01-25,10332.369999999999,94847.07,48007.0,0,0,0,0,0,0,0,0,0,0,0,0,0,0,0,0,0,0,0,0,0,0,0,0,0,0,0,0,0,0,0,0,0,0,0,0,0,0,0,0,0,0,0
banana republic factory,Affiliates | Consideration | Aff Content,2026-02-01,7197.37,91208.83,53169.0,0,0,0,0,0,0,0,0,0,0,0,0,0,0,0,0,0,0,0,0,0,0,0,0,0,0,0,0,0,0,0,0,0,0,0,0,0,0,0,0,0,0,0
banana republic factory,Affiliates | Consideration | Aff Content,2026-02-08,6811.8,88140.94,40533.0,2,0,0,0,0,0,0,0,0,0,0,0,0,0,0,0,0,0,0,0,0,0,0,0,0,0,0,0,0,0,0,0,0,0,0,0,0,2,0,0,0,0,0
banana republic factory,Affiliates | Consideration | Aff Content,2026-02-15,7585.7300000000005,99213.1,47188.0,1,0,0,0,0,0,0,0,0,0,0,0,0,0,0,0,0,0,0,0,0,0,0,0,0,0,0,0,0,0,0,0,0,0,0,0,0,1,0,0,0,0,0
banana republic factory,Affiliates | Consideration | Aff Content,2026-02-22,12009.69,131210.08,48399.0,0,0,0,0,0,0,0,0,0,0,0,0,0,0,0,0,0,0,0,0,0,1,0,0,0,0,0,0,0,0,0,0,0,0,0,0,0,1,0,0,0,0,0
banana republic factory,Affiliates | Consideration | Aff Content,2026-03-01,8442.72,117418.86,57050.0,0,0,0,0,0,0,0,0,0,0,0,0,0,0,0,0,0,0,0,0,0,0,0,0,0,0,0,0,0,0,0,0,0,0,0,0,0,0,0,0,0,0,0
banana republic factory,Affiliates | Consideration | Aff Content,2026-03-08,10328.53,104440.15000000001,47423.0,0,1,0,0,0,0,0,0,0,0,0,0,0,0,0,0,0,0,0,0,0,1,0,0,0,0,0,0,0,0,0,0,0,0,0,0,0,1,1,0,0,0,0
banana republic factory,Affiliates | Consideration | Aff Content,2026-03-15,10161.89,106641.63,50567.0,0,1,0,0,0,0,0,0,0,0,0,0,0,0,0,0,0,0,0,0,0,0,0,0,0,0,0,0,0,0,0,0,0,0,0,0,0,1,0,0,0,0,0
banana republic factory,Affiliates | Consideration | Aff Content,2026-03-22,13997.0,157196.37,65044.0,0,0,2,0,0,0,0,0,0,0,0,0,0,0,0,0,0,0,0,0,0,1,0,0,0,0,0,0,0,0,0,0,0,0,0,0,0,2,1,0,0,0,0
banana republic factory,Affiliates | Consideration | Aff Content,2026-03-29,12050.79,131938.62,57806.0,0,0,1,2,0,0,0,0,0,0,0,0,0,0,0,0,0,0,0,0,0,0,0,0,0,0,0,0,0,0,0,0,0,0,0,0,0,1,0,2,0,0,0
banana republic factory,Affiliates | Consideration | Aff Content,2026-04-05,7736.62,97787.34,49056.0,0,0,0,1,0,0,0,0,0,0,0,0,0,0,0,0,0,0,0,0,0,0,0,0,0,0,0,0,0,0,0,0,0,0,0,0,0,0,0,1,0,0,0
banana republic factory,Affiliates | Consideration | Aff Content,2026-04-12,9340.44,124157.11000000002,50670.0,0,0,0,0,0,0,0,0,0,0,0,0,0,0,0,0,0,0,0,0,0,1,0,0,0,0,0,0,0,0,0,0,0,0,0,0,0,1,0,0,0,0,0
banana republic factory,Affiliates | Consideration | Aff Content,2026-04-19,8304.18,101083.2,50169.0,0,0,0,0,0,0,0,0,0,0,0,0,0,0,0,0,0,0,0,0,0,0,0,0,0,0,0,0,0,0,0,0,0,0,0,0,0,0,0,0,0,0,0
banana republic factory,Affiliates | Consideration | Aff Content,2026-04-26,9784.64,121588.45,52919.0,0,0,0,0,0,2,0,0,0,0,0,0,0,0,0,0,0,0,0,0,0,1,0,0,0,0,0,0,0,0,0,0,0,0,0,0,0,1,0,0,2,0,0
banana republic factory,Affiliates | Consideration | Aff Content,2026-05-03,8181.57,103034.95,51358.0,0,0,0,0,0,1,0,0,0,0,0,0,0,0,0,0,0,0,0,0,0,0,0,0,0,0,0,0,0,0,0,0,0,0,0,0,0,0,0,0,1,0,0
banana republic factory,Affiliates | Consideration | Aff Content,2026-05-10,12444.380000000001,154478.04,57170.0,0,0,0,0,0,0,1,0,0,0,0,0,0,0,0,0,0,0,0,0,0,1,0,0,0,0,0,0,0,0,0,0,0,0,0,0,0,1,0,0,0,0,0
banana republic factory,Affiliates | Consideration | Aff Content,2026-05-17,11398.61,148251.52,61437.0,0,0,0,0,0,0,1,2,0,0,0,0,0,0,0,0,0,0,0,0,0,0,0,0,0,0,0,0,0,0,0,0,0,0,0,0,0,1,0,2,0,0,0
banana republic factory,Affiliates | Consideration | Aff Content,2026-05-24,8968.08,145014.3,51255.0,0,0,0,0,0,0,0,2,0,0,0,0,0,0,0,0,0,0,0,0,0,0,0,0,0,0,0,0,0,0,0,0,0,0,0,0,0,0,0,2,0,0,0
banana republic factory,Affiliates | Consideration | Aff Content,2026-05-31,8637.24,107361.63,59652.0,0,0,0,0,0,0,0,0,0,0,0,0,0,0,0,0,0,0,0,0,0,0,0,0,0,0,0,0,0,0,0,0,0,0,0,0,0,0,0,0,0,0,0
banana republic factory,Affiliates | Consideration | Aff Content,2026-06-07,5788.15,75783.61,37207.0,0,0,0,0,0,0,0,0,0,0,0,0,0,0,0,0,0,0,0,0,0,0,0,0,0,0,0,0,0,0,0,0,0,0,0,0,0,0,0,0,0,0,0
banana republic factory,Affiliates | Consideration | Aff Content,2026-06-14,6342.23,78622.16,35896.0,0,0,0,0,0,0,0,0,1,0,0,0,0,0,0,0,0,0,0,0,0,0,0,0,0,0,0,0,0,0,0,0,0,0,0,0,0,1,0,0,0,0,0
banana republic factory,Affiliates | Consideration | Aff Content,2026-06-21,4953.4400000000005,65746.88,27788.0,0,0,0,0,0,0,0,0,2,1,0,0,0,0,0,0,0,0,0,0,0,0,0,0,0,0,0,0,0,0,0,0,0,0,0,0,0,2,0,1,0,0,0
banana republic factory,Affiliates | Consideration | Aff Content,2026-06-28,6125.15,79294.34,34902.0,0,0,0,0,0,0,0,0,0,2,0,0,0,0,0,0,0,0,0,0,0,0,0,0,0,0,0,0,0,0,0,0,0,0,0,0,0,0,0,2,0,0,0
banana republic factory,Affiliates | Consideration | Aff Content,2026-07-05,5574.85,66775.99,34213.0,0,0,0,0,0,0,0,0,0,1,2,0,0,0,0,0,0,0,0,0,0,0,0,0,0,0,0,0,0,0,0,0,0,0,0,0,0,0,0,1,2,0,0
banana republic factory,Affiliates | Consideration | Aff Content,2026-07-12,4856.49,62999.380000000005,35367.0,0,0,0,0,0,0,0,0,0,0,1,0,0,0,0,0,0,0,0,0,0,0,0,0,0,0,0,0,0,0,0,0,0,0,0,0,0,0,0,0,1,0,0
banana republic factory,Affiliates | Consideration | Aff Content,2026-07-19,4182.889999999999,57956.43,29356.0,0,0,0,0,0,0,0,0,0,0,0,0,0,0,0,0,0,0,0,0,0,0,0,0,0,0,0,0,0,0,0,0,0,0,0,0,0,0,0,0,0,0,0
banana republic factory,Affiliates | Consideration | Aff Content,2026-07-26,9193.53,101779.15,40330.0,0,0,0,0,0,0,0,0,0,0,0,0,0,0,0,0,0,0,0,0,0,1,0,0,0,0,0,0,0,0,0,0,0,0,0,0,0,1,0,0,0,0,0
banana republic factory,Affiliates | Consideration | Aff Content,2026-08-02,5271.02,63704.17,28829.0,0,0,0,0,0,0,0,0,0,0,0,0,0,0,0,0,0,0,0,0,0,0,0,0,0,0,0,0,0,0,0,0,0,0,0,0,0,0,0,0,0,0,0
banana republic factory,Affiliates | Consideration | Aff Content,2026-08-09,5022.06,56426.04,28798.0,0,0,0,0,0,0,0,0,0,0,0,0,0,0,0,0,0,0,0,0,0,0,0,0,0,0,0,0,0,0,0,0,0,0,0,0,0,0,0,0,0,0,0
banana republic factory,Affiliates | Consideration | Aff Content,2026-08-16,5247.77,62288.78,32955.0,0,0,0,0,0,0,0,0,0,0,0,0,0,0,0,0,0,0,0,0,0,0,0,0,0,0,0,0,0,0,0,0,0,0,0,0,0,0,0,0,0,0,0
banana republic factory,Affiliates | Conversion | Aff Coupon,2025-05-04,4785.1,191804.74,18899.0,0,0,0,0,0,2,0,0,0,0,0,0,0,0,0,0,0,0,0,0,0,0,0,0,0,0,0,0,0,0,0,0,0,0,0,0,0,0,0,0,2,0,0
banana republic factory,Affiliates | Conversion | Aff Coupon,2025-05-11,6891.5199999999995,234466.27,29354.0,0,0,0,0,0,0,1,0,0,0,0,0,0,0,0,0,0,0,0,0,0,1,0,0,0,0,0,0,0,0,0,0,0,0,0,0,0,1,0,0,0,0,0
banana republic factory,Affiliates | Conversion | Aff Coupon,2025-05-18,6247.3099999999995,215293.3,17915.0,0,0,0,0,0,0,1,2,0,0,0,0,0,0,0,0,0,0,0,0,0,0,0,0,0,0,0,0,0,0,0,0,0,0,0,0,0,1,0,2,0,0,0
banana republic factory,Affiliates | Conversion | Aff Coupon,2025-05-25,7588.0599999999995,268974.19,23454.0,0,0,0,0,0,0,0,2,0,0,0,0,0,0,0,0,0,0,0,0,0,0,0,0,0,0,0,0,0,0,0,0,0,0,0,0,0,0,0,2,0,0,0
banana republic factory,Affiliates | Conversion | Aff Coupon,2025-06-01,4754.07,183558.5,14931.0,0,0,0,0,0,0,0,1,0,0,0,0,0,0,0,0,0,0,0,0,0,0,0,0,0,0,0,0,0,0,0,0,0,0,0,0,0,0,0,1,0,0,0
banana republic factory,Affiliates | Conversion | Aff Coupon,2025-06-08,3596.83,137028.66,14539.0,0,0,0,0,0,0,0,0,0,0,0,0,0,0,0,0,0,0,0,0,0,0,0,0,0,0,0,0,0,0,0,0,0,0,0,0,0,0,0,0,0,0,0
banana republic factory,Affiliates | Conversion | Aff Coupon,2025-06-15,4152.26,148639.13,17863.0,0,0,0,0,0,0,0,0,1,0,0,0,0,0,0,0,0,0,0,0,0,0,0,0,0,0,0,0,0,0,0,0,0,0,0,0,0,1,0,0,0,0,0
banana republic factory,Affiliates | Conversion | Aff Coupon,2025-06-22,3681.28,139237.83,15815.0,0,0,0,0,0,0,0,0,2,1,0,0,0,0,0,0,0,0,0,0,0,0,0,0,0,0,0,0,0,0,0,0,0,0,0,0,0,2,0,1,0,0,0
banana republic factory,Affiliates | Conversion | Aff Coupon,2025-06-29,4011.17,151053.21,15023.0,0,0,0,0,0,0,0,0,0,2,0,0,0,0,0,0,0,0,0,0,0,0,0,0,0,0,0,0,0,0,0,0,0,0,0,0,0,0,0,2,0,0,0
banana republic factory,Affiliates | Conversion | Aff Coupon,2025-07-06,4205.1,112612.98,11445.0,0,0,0,0,0,0,0,0,0,1,2,0,0,0,0,0,0,0,0,0,0,0,0,0,0,0,0,0,0,0,0,0,0,0,0,0,0,0,0,1,2,0,0
banana republic factory,Affiliates | Conversion | Aff Coupon,2025-07-13,3631.0299999999997,92142.39,8136.0,0,0,0,0,0,0,0,0,0,0,1,0,0,0,0,0,0,0,0,0,0,0,0,0,0,0,0,0,0,0,0,0,0,0,0,0,0,0,0,0,1,0,0
banana republic factory,Affiliates | Conversion | Aff Coupon,2025-07-20,4242.98,79202.91,8817.0,0,0,0,0,0,0,0,0,0,0,0,0,0,0,0,0,0,0,0,0,0,0,0,0,0,0,0,0,0,0,0,0,0,0,0,0,0,0,0,0,0,0,0
banana republic factory,Affiliates | Conversion | Aff Coupon,2025-07-27,6580.139999999999,127078.21,15861.0,0,0,0,0,0,0,0,0,0,0,0,0,0,0,0,0,0,0,0,0,0,1,0,0,0,0,0,0,0,0,0,0,0,0,0,0,0,1,0,0,0,0,0
banana republic factory,Affiliates | Conversion | Aff Coupon,2025-08-03,4365.64,97266.22,7993.0,0,0,0,0,0,0,0,0,0,0,0,0,0,0,0,0,0,0,0,0,0,0,0,0,0,0,0,0,0,0,0,0,0,0,0,0,0,0,0,0,0,0,0
banana republic factory,Affiliates | Conversion | Aff Coupon,2025-08-10,5104.84,123215.70999999999,12006.0,0,0,0,0,0,0,0,0,0,0,0,0,0,0,0,0,0,0,0,0,0,0,0,0,0,0,0,0,0,0,0,0,0,0,0,0,0,0,0,0,0,0,0
banana republic factory,Affiliates | Conversion | Aff Coupon,2025-08-17,7068.55,207922.52,24207.0,0,0,0,0,0,0,0,0,0,0,0,2,0,0,0,0,0,0,0,0,0,0,0,0,0,0,0,0,0,0,0,0,0,0,0,0,0,2,0,0,0,0,0
banana republic factory,Affiliates | Conversion | Aff Coupon,2025-08-24,8842.94,194090.6,19604.0,0,0,0,0,0,0,0,0,0,0,0,1,2,0,0,0,0,0,0,0,0,0,0,0,0,0,0,0,0,0,0,0,0,0,0,0,0,1,0,2,0,0,0
banana republic factory,Affiliates | Conversion | Aff Coupon,2025-08-31,5893.13,148087.06,13558.0,0,0,0,0,0,0,0,0,0,0,0,0,1,0,0,0,0,0,0,0,0,0,0,0,0,0,0,0,0,0,0,0,0,0,0,0,0,0,0,1,0,0,0
banana republic factory,Affiliates | Conversion | Aff Coupon,2025-09-07,8156.51,191011.72,35925.0,0,1,0,0,0,0,0,0,0,0,0,0,0,0,0,0,0,0,0,0,0,0,0,0,0,0,0,0,0,0,0,0,0,0,0,0,0,1,0,0,0,0,0
banana republic factory,Affiliates | Conversion | Aff Coupon,2025-09-14,6989.36,180139.11,22507.0,0,2,0,0,0,0,0,0,0,0,0,0,0,0,0,0,0,0,0,0,0,0,0,0,0,0,0,0,0,0,0,0,0,0,0,0,0,2,0,0,0,0,0
banana republic factory,Affiliates | Conversion | Aff Coupon,2025-09-21,5980.45,148557.68,13469.0,0,1,0,0,0,0,0,0,0,0,0,0,0,0,0,0,0,0,0,0,0,0,0,0,0,0,0,0,0,0,0,0,0,0,0,0,0,1,0,0,0,0,0
banana republic factory,Affiliates | Conversion | Aff Coupon,2025-09-28,6461.85,149426.35,22723.0,0,0,0,0,0,0,0,0,0,0,0,0,0,0,0,0,0,0,0,0,0,0,0,0,0,0,0,0,0,0,0,0,0,0,0,0,0,0,0,0,0,0,0
banana republic factory,Affiliates | Conversion | Aff Coupon,2025-10-05,5923.33,156712.59,16468.0,0,0,0,0,0,0,0,0,0,0,0,0,0,2,0,0,0,0,0,0,0,0,0,0,0,0,0,0,0,0,0,0,0,0,0,0,0,2,0,0,0,0,0
banana republic factory,Affiliates | Conversion | Aff Coupon,2025-10-12,6849.92,179472.97,17187.0,0,0,0,0,0,0,0,0,0,0,0,0,0,1,0,0,0,0,0,0,0,0,0,0,0,0,0,0,0,0,0,0,0,0,0,0,0,1,0,0,0,0,0
banana republic factory,Affiliates | Conversion | Aff Coupon,2025-10-19,10604.7,256133.05,29300.0,0,0,0,0,0,1,0,0,0,0,0,0,0,0,0,0,0,0,0,0,0,0,0,0,0,0,0,0,0,0,0,0,0,0,0,0,0,0,0,0,1,0,0
banana republic factory,Affiliates | Conversion | Aff Coupon,2025-10-26,7169.03,180367.54,15208.0,0,0,0,0,0,2,0,0,0,0,0,0,0,0,1,0,0,0,0,0,0,0,0,0,0,0,0,0,0,0,0,0,0,0,0,0,0,1,0,0,2,0,0
banana republic factory,Affiliates | Conversion | Aff Coupon,2025-11-02,7436.29,193681.5,12481.0,0,0,0,0,0,0,0,0,0,0,0,0,0,0,2,0,0,0,0,0,0,0,0,0,0,0,0,0,0,0,0,0,0,0,0,0,0,2,0,0,0,0,0
banana republic factory,Affiliates | Conversion | Aff Coupon,2025-11-09,7674.61,199547.99,11225.0,0,0,0,0,0,0,0,0,0,0,0,0,0,0,1,0,0,0,0,0,0,0,0,0,0,0,0,0,0,0,0,0,0,0,0,0,0,1,0,0,0,0,0
banana republic factory,Affiliates | Conversion | Aff Coupon,2025-11-16,11695.49,314699.8,32016.0,0,0,0,0,0,0,0,0,0,0,0,0,0,0,0,2,0,0,0,0,0,0,0,0,0,0,0,0,0,0,0,0,0,0,0,0,0,0,0,0,2,0,0
banana republic factory,Affiliates | Conversion | Aff Coupon,2025-11-23,13667.72,543978.84,50650.0,0,0,0,0,0,0,0,0,0,0,0,0,0,0,0,1,2,0,0,0,0,0,0,0,0,0,0,0,0,0,0,0,0,0,0,0,0,0,0,0,2,0,0
banana republic factory,Affiliates | Conversion | Aff Coupon,2025-11-30,6361.6,295916.12,29000.0,0,0,0,0,0,0,0,0,0,0,0,0,0,0,0,0,0,2,0,0,0,0,0,0,0,0,0,0,0,0,0,0,0,0,0,0,0,0,0,0,2,0,0
banana republic factory,Affiliates | Conversion | Aff Coupon,2025-12-07,5466.26,179562.45,28317.0,0,0,0,0,0,0,0,0,0,0,0,0,0,0,0,0,0,0,2,0,0,0,0,0,0,0,0,0,0,0,0,0,0,0,0,0,0,0,0,2,0,0,0
banana republic factory,Affiliates | Conversion | Aff Coupon,2025-12-14,3547.63,127951.59,12488.0,0,0,0,0,0,0,0,0,0,0,0,0,0,0,0,0,0,0,2,1,0,0,0,0,0,0,0,0,0,0,0,0,0,0,0,0,0,1,0,2,0,0,0
banana republic factory,Affiliates | Conversion | Aff Coupon,2025-12-21,1943.59,66500.42,10050.0,0,0,0,0,0,0,0,0,0,0,0,0,0,0,0,0,0,0,0,2,1,0,0,0,0,0,0,0,0,0,0,0,0,0,0,0,0,2,0,0,0,0,0
banana republic factory,Affiliates | Conversion | Aff Coupon,2025-12-28,2152.0699999999997,75636.15,12945.0,0,0,0,0,0,0,0,0,0,0,0,0,0,0,0,0,0,0,0,0,2,0,0,0,0,0,0,0,0,0,0,0,0,0,0,0,0,2,0,0,0,0,0
banana republic factory,Affiliates | Conversion | Aff Coupon,2026-01-04,1728.07,62207.86,7415.0,0,0,0,0,0,0,0,0,0,0,0,0,0,0,0,0,0,0,0,0,1,0,0,0,0,0,0,0,0,0,0,0,0,0,0,0,0,1,0,0,0,0,0
banana republic factory,Affiliates | Conversion | Aff Coupon,2026-01-11,3137.5299999999997,87787.70999999999,21205.0,0,0,0,0,0,0,0,0,0,0,0,0,0,0,0,0,0,0,0,0,0,0,1,0,0,0,0,0,0,0,0,0,0,0,0,0,0,1,0,0,0,0,0
banana republic factory,Affiliates | Conversion | Aff Coupon,2026-01-18,2344.29,102170.55,28949.0,0,0,0,0,0,0,0,0,0,0,0,0,0,0,0,0,0,0,0,0,0,0,1,0,0,0,0,0,0,0,0,0,0,0,0,0,0,1,0,0,0,0,0
banana republic factory,Affiliates | Conversion | Aff Coupon,2026-01-25,2301.46,107011.78,40082.0,0,0,0,0,0,0,0,0,0,0,0,0,0,0,0,0,0,0,0,0,0,0,0,0,0,0,0,0,0,0,0,0,0,0,0,0,0,0,0,0,0,0,0
banana republic factory,Affiliates | Conversion | Aff Coupon,2026-02-01,3582.67,125819.2,46481.0,0,0,0,0,0,0,0,0,0,0,0,0,0,0,0,0,0,0,0,0,0,0,0,0,0,0,0,0,0,0,0,0,0,0,0,0,0,0,0,0,0,0,0
banana republic factory,Affiliates | Conversion | Aff Coupon,2026-02-08,2319.4,104230.05,29963.0,2,0,0,0,0,0,0,0,0,0,0,0,0,0,0,0,0,0,0,0,0,0,0,0,0,0,0,0,0,0,0,0,0,0,0,0,0,2,0,0,0,0,0
banana republic factory,Affiliates | Conversion | Aff Coupon,2026-02-15,1303.19,99061.72,14701.0,1,0,0,0,0,0,0,0,0,0,0,0,0,0,0,0,0,0,0,0,0,0,0,0,0,0,0,0,0,0,0,0,0,0,0,0,0,1,0,0,0,0,0
banana republic factory,Affiliates | Conversion | Aff Coupon,2026-02-22,3181.56,118840.44,26772.0,0,0,0,0,0,0,0,0,0,0,0,0,0,0,0,0,0,0,0,0,0,1,0,0,0,0,0,0,0,0,0,0,0,0,0,0,0,1,0,0,0,0,0
banana republic factory,Affiliates | Conversion | Aff Coupon,2026-03-01,1740.6,85506.89,11367.0,0,0,0,0,0,0,0,0,0,0,0,0,0,0,0,0,0,0,0,0,0,0,0,0,0,0,0,0,0,0,0,0,0,0,0,0,0,0,0,0,0,0,0
banana republic factory,Affiliates | Conversion | Aff Coupon,2026-03-08,2695.42,124666.92,19418.0,0,1,0,0,0,0,0,0,0,0,0,0,0,0,0,0,0,0,0,0,0,1,0,0,0,0,0,0,0,0,0,0,0,0,0,0,0,1,1,0,0,0,0
banana republic factory,Affiliates | Conversion | Aff Coupon,2026-03-15,2951.89,127211.56,36506.0,0,1,0,0,0,0,0,0,0,0,0,0,0,0,0,0,0,0,0,0,0,0,0,0,0,0,0,0,0,0,0,0,0,0,0,0,0,1,0,0,0,0,0
banana republic factory,Affiliates | Conversion | Aff Coupon,2026-03-22,3312.39,146481.36,32294.0,0,0,2,0,0,0,0,0,0,0,0,0,0,0,0,0,0,0,0,0,0,1,0,0,0,0,0,0,0,0,0,0,0,0,0,0,0,2,1,0,0,0,0
banana republic factory,Affiliates | Conversion | Aff Coupon,2026-03-29,1946.28,107709.59,15342.0,0,0,1,2,0,0,0,0,0,0,0,0,0,0,0,0,0,0,0,0,0,0,0,0,0,0,0,0,0,0,0,0,0,0,0,0,0,1,0,2,0,0,0
banana republic factory,Affiliates | Conversion | Aff Coupon,2026-04-05,1660.49,86898.79000000001,13516.0,0,0,0,1,0,0,0,0,0,0,0,0,0,0,0,0,0,0,0,0,0,0,0,0,0,0,0,0,0,0,0,0,0,0,0,0,0,0,0,1,0,0,0
banana republic factory,Affiliates | Conversion | Aff Coupon,2026-04-12,2187.89,157208.77,24108.0,0,0,0,0,0,0,0,0,0,0,0,0,0,0,0,0,0,0,0,0,0,1,0,0,0,0,0,0,0,0,0,0,0,0,0,0,0,1,0,0,0,0,0
banana republic factory,Affiliates | Conversion | Aff Coupon,2026-04-19,2128.2200000000003,162863.12,27248.0,0,0,0,0,0,0,0,0,0,0,0,0,0,0,0,0,0,0,0,0,0,0,0,0,0,0,0,0,0,0,0,0,0,0,0,0,0,0,0,0,0,0,0
banana republic factory,Affiliates | Conversion | Aff Coupon,2026-04-26,2150.94,165962.32,19917.0,0,0,0,0,0,2,0,0,0,0,0,0,0,0,0,0,0,0,0,0,0,1,0,0,0,0,0,0,0,0,0,0,0,0,0,0,0,1,0,0,2,0,0
banana republic factory,Affiliates | Conversion | Aff Coupon,2026-05-03,1198.04,109166.16,9826.0,0,0,0,0,0,1,0,0,0,0,0,0,0,0,0,0,0,0,0,0,0,0,0,0,0,0,0,0,0,0,0,0,0,0,0,0,0,0,0,0,1,0,0
banana republic factory,Affiliates | Conversion | Aff Coupon,2026-05-10,3255.73,188829.65,28724.0,0,0,0,0,0,0,1,0,0,0,0,0,0,0,0,0,0,0,0,0,0,1,0,0,0,0,0,0,0,0,0,0,0,0,0,0,0,1,0,0,0,0,0
banana republic factory,Affiliates | Conversion | Aff Coupon,2026-05-17,2920.04,179472.15,20403.0,0,0,0,0,0,0,1,2,0,0,0,0,0,0,0,0,0,0,0,0,0,0,0,0,0,0,0,0,0,0,0,0,0,0,0,0,0,1,0,2,0,0,0
banana republic factory,Affiliates | Conversion | Aff Coupon,2026-05-24,2795.13,154752.12,19929.0,0,0,0,0,0,0,0,2,0,0,0,0,0,0,0,0,0,0,0,0,0,0,0,0,0,0,0,0,0,0,0,0,0,0,0,0,0,0,0,2,0,0,0
banana republic factory,Affiliates | Conversion | Aff Coupon,2026-05-31,3172.15,155737.65,41926.0,0,0,0,0,0,0,0,0,0,0,0,0,0,0,0,0,0,0,0,0,0,0,0,0,0,0,0,0,0,0,0,0,0,0,0,0,0,0,0,0,0,0,0
banana republic factory,Affiliates | Conversion | Aff Coupon,2026-06-07,1578.42,108095.38,18746.0,0,0,0,0,0,0,0,0,0,0,0,0,0,0,0,0,0,0,0,0,0,0,0,0,0,0,0,0,0,0,0,0,0,0,0,0,0,0,0,0,0,0,0
banana republic factory,Affiliates | Conversion | Aff Coupon,2026-06-14,1640.99,116360.34,16758.0,0,0,0,0,0,0,0,0,1,0,0,0,0,0,0,0,0,0,0,0,0,0,0,0,0,0,0,0,0,0,0,0,0,0,0,0,0,1,0,0,0,0,0
banana republic factory,Affiliates | Conversion | Aff Coupon,2026-06-21,1323.3899999999999,106085.05,12616.0,0,0,0,0,0,0,0,0,2,1,0,0,0,0,0,0,0,0,0,0,0,0,0,0,0,0,0,0,0,0,0,0,0,0,0,0,0,2,0,1,0,0,0
banana republic factory,Affiliates | Conversion | Aff Coupon,2026-06-28,1571.93,111953.65,14853.0,0,0,0,0,0,0,0,0,0,2,0,0,0,0,0,0,0,0,0,0,0,0,0,0,0,0,0,0,0,0,0,0,0,0,0,0,0,0,0,2,0,0,0
banana republic factory,Affiliates | Conversion | Aff Coupon,2026-07-05,1318.63,79070.45999999999,9328.0,0,0,0,0,0,0,0,0,0,1,2,0,0,0,0,0,0,0,0,0,0,0,0,0,0,0,0,0,0,0,0,0,0,0,0,0,0,0,0,1,2,0,0
banana republic factory,Affiliates | Conversion | Aff Coupon,2026-07-12,1265.07,85672.03,11973.0,0,0,0,0,0,0,0,0,0,0,1,0,0,0,0,0,0,0,0,0,0,0,0,0,0,0,0,0,0,0,0,0,0,0,0,0,0,0,0,0,1,0,0
banana republic factory,Affiliates | Conversion | Aff Coupon,2026-07-19,1491.13,103242.77,14035.0,0,0,0,0,0,0,0,0,0,0,0,0,0,0,0,0,0,0,0,0,0,0,0,0,0,0,0,0,0,0,0,0,0,0,0,0,0,0,0,0,0,0,0
banana republic factory,Affiliates | Conversion | Aff Coupon,2026-07-26,2925.41,171942.14,34738.0,0,0,0,0,0,0,0,0,0,0,0,0,0,0,0,0,0,0,0,0,0,1,0,0,0,0,0,0,0,0,0,0,0,0,0,0,0,1,0,0,0,0,0
banana republic factory,Affiliates | Conversion | Aff Coupon,2026-08-02,1217.1,100729.45,15131.0,0,0,0,0,0,0,0,0,0,0,0,0,0,0,0,0,0,0,0,0,0,0,0,0,0,0,0,0,0,0,0,0,0,0,0,0,0,0,0,0,0,0,0
banana republic factory,Affiliates | Conversion | Aff Coupon,2026-08-09,1042.06,103081.88,11962.0,0,0,0,0,0,0,0,0,0,0,0,0,0,0,0,0,0,0,0,0,0,0,0,0,0,0,0,0,0,0,0,0,0,0,0,0,0,0,0,0,0,0,0
banana republic factory,Affiliates | Conversion | Aff Coupon,2026-08-16,1295.22,116694.01,16350.0,0,0,0,0,0,0,0,0,0,0,0,0,0,0,0,0,0,0,0,0,0,0,0,0,0,0,0,0,0,0,0,0,0,0,0,0,0,0,0,0,0,0,0
banana republic factory,Affiliates | Conversion | Aff Loyalty,2025-05-04,35808.1,837240.0,29570.0,0,0,0,0,0,2,0,0,0,0,0,0,0,0,0,0,0,0,0,0,0,0,0,0,0,0,0,0,0,0,0,0,0,0,0,0,0,0,0,0,2,0,0
banana republic factory,Affiliates | Conversion | Aff Loyalty,2025-05-11,46558.74,1051132.26,34103.0,0,0,0,0,0,0,1,0,0,0,0,0,0,0,0,0,0,0,0,0,0,1,0,0,0,0,0,0,0,0,0,0,0,0,0,0,0,1,0,0,0,0,0
banana republic factory,Affiliates | Conversion | Aff Loyalty,2025-05-18,49694.81,1104528.56,35574.0,0,0,0,0,0,0,1,2,0,0,0,0,0,0,0,0,0,0,0,0,0,0,0,0,0,0,0,0,0,0,0,0,0,0,0,0,0,1,0,2,0,0,0
banana republic factory,Affiliates | Conversion | Aff Loyalty,2025-05-25,50307.06,1129584.06,36019.0,0,0,0,0,0,0,0,2,0,0,0,0,0,0,0,0,0,0,0,0,0,0,0,0,0,0,0,0,0,0,0,0,0,0,0,0,0,0,0,2,0,0,0
banana republic factory,Affiliates | Conversion | Aff Loyalty,2025-06-01,29245.68,647297.1799999999,24314.0,0,0,0,0,0,0,0,1,0,0,0,0,0,0,0,0,0,0,0,0,0,0,0,0,0,0,0,0,0,0,0,0,0,0,0,0,0,0,0,1,0,0,0
banana republic factory,Affiliates | Conversion | Aff Loyalty,2025-06-08,28040.190000000002,633228.82,22705.0,0,0,0,0,0,0,0,0,0,0,0,0,0,0,0,0,0,0,0,0,0,0,0,0,0,0,0,0,0,0,0,0,0,0,0,0,0,0,0,0,0,0,0
banana republic factory,Affiliates | Conversion | Aff Loyalty,2025-06-15,32654.84,752004.01,26411.0,0,0,0,0,0,0,0,0,1,0,0,0,0,0,0,0,0,0,0,0,0,0,0,0,0,0,0,0,0,0,0,0,0,0,0,0,0,1,0,0,0,0,0
banana republic factory,Affiliates | Conversion | Aff Loyalty,2025-06-22,42204.75,878376.97,29635.0,0,0,0,0,0,0,0,0,2,1,0,0,0,0,0,0,0,0,0,0,0,0,0,0,0,0,0,0,0,0,0,0,0,0,0,0,0,2,0,1,0,0,0
banana republic factory,Affiliates | Conversion | Aff Loyalty,2025-06-29,39769.14,915633.44,30984.0,0,0,0,0,0,0,0,0,0,2,0,0,0,0,0,0,0,0,0,0,0,0,0,0,0,0,0,0,0,0,0,0,0,0,0,0,0,0,0,2,0,0,0
banana republic factory,Affiliates | Conversion | Aff Loyalty,2025-07-06,28029.0,652561.99,23620.0,0,0,0,0,0,0,0,0,0,1,2,0,0,0,0,0,0,0,0,0,0,0,0,0,0,0,0,0,0,0,0,0,0,0,0,0,0,0,0,1,2,0,0
banana republic factory,Affiliates | Conversion | Aff Loyalty,2025-07-13,23102.96,522727.61,21300.0,0,0,0,0,0,0,0,0,0,0,1,0,0,0,0,0,0,0,0,0,0,0,0,0,0,0,0,0,0,0,0,0,0,0,0,0,0,0,0,0,1,0,0
banana republic factory,Affiliates | Conversion | Aff Loyalty,2025-07-20,22039.12,493759.2,18899.0,0,0,0,0,0,0,0,0,0,0,0,0,0,0,0,0,0,0,0,0,0,0,0,0,0,0,0,0,0,0,0,0,0,0,0,0,0,0,0,0,0,0,0
banana republic factory,Affiliates | Conversion | Aff Loyalty,2025-07-27,28268.13,601054.94,23299.0,0,0,0,0,0,0,0,0,0,0,0,0,0,0,0,0,0,0,0,0,0,1,0,0,0,0,0,0,0,0,0,0,0,0,0,0,0,1,0,0,0,0,0
banana republic factory,Affiliates | Conversion | Aff Loyalty,2025-08-03,20470.69,523765.65,19396.0,0,0,0,0,0,0,0,0,0,0,0,0,0,0,0,0,0,0,0,0,0,0,0,0,0,0,0,0,0,0,0,0,0,0,0,0,0,0,0,0,0,0,0
banana republic factory,Affiliates | Conversion | Aff Loyalty,2025-08-10,23990.61,603604.7,21027.0,0,0,0,0,0,0,0,0,0,0,0,0,0,0,0,0,0,0,0,0,0,0,0,0,0,0,0,0,0,0,0,0,0,0,0,0,0,0,0,0,0,0,0
banana republic factory,Affiliates | Conversion | Aff Loyalty,2025-08-17,35727.05,910759.11,26911.0,0,0,0,0,0,0,0,0,0,0,0,2,0,0,0,0,0,0,0,0,0,0,0,0,0,0,0,0,0,0,0,0,0,0,0,0,0,2,0,0,0,0,0
banana republic factory,Affiliates | Conversion | Aff Loyalty,2025-08-24,42082.97,1053271.53,31407.0,0,0,0,0,0,0,0,0,0,0,0,1,2,0,0,0,0,0,0,0,0,0,0,0,0,0,0,0,0,0,0,0,0,0,0,0,0,1,0,2,0,0,0
banana republic factory,Affiliates | Conversion | Aff Loyalty,2025-08-31,38918.89,921254.01,29269.0,0,0,0,0,0,0,0,0,0,0,0,0,1,0,0,0,0,0,0,0,0,0,0,0,0,0,0,0,0,0,0,0,0,0,0,0,0,0,0,1,0,0,0
banana republic factory,Affiliates | Conversion | Aff Loyalty,2025-09-07,40588.45,981591.47,30699.0,0,1,0,0,0,0,0,0,0,0,0,0,0,0,0,0,0,0,0,0,0,0,0,0,0,0,0,0,0,0,0,0,0,0,0,0,0,1,0,0,0,0,0
banana republic factory,Affiliates | Conversion | Aff Loyalty,2025-09-14,46381.24,1136492.89,35308.0,0,2,0,0,0,0,0,0,0,0,0,0,0,0,0,0,0,0,0,0,0,0,0,0,0,0,0,0,0,0,0,0,0,0,0,0,0,2,0,0,0,0,0
banana republic factory,Affiliates | Conversion | Aff Loyalty,2025-09-21,31037.190000000002,729800.31,26729.0,0,1,0,0,0,0,0,0,0,0,0,0,0,0,0,0,0,0,0,0,0,0,0,0,0,0,0,0,0,0,0,0,0,0,0,0,0,1,0,0,0,0,0
banana republic factory,Affiliates | Conversion | Aff Loyalty,2025-09-28,29256.46,671148.31,23903.0,0,0,0,0,0,0,0,0,0,0,0,0,0,0,0,0,0,0,0,0,0,0,0,0,0,0,0,0,0,0,0,0,0,0,0,0,0,0,0,0,0,0,0
banana republic factory,Affiliates | Conversion | Aff Loyalty,2025-10-05,48897.49,914262.15,28073.0,0,0,0,0,0,0,0,0,0,0,0,0,0,2,0,0,0,0,0,0,0,0,0,0,0,0,0,0,0,0,0,0,0,0,0,0,0,2,0,0,0,0,0
banana republic factory,Affiliates | Conversion | Aff Loyalty,2025-10-12,41508.91,907654.3,30889.0,0,0,0,0,0,0,0,0,0,0,0,0,0,1,0,0,0,0,0,0,0,0,0,0,0,0,0,0,0,0,0,0,0,0,0,0,0,1,0,0,0,0,0
banana republic factory,Affiliates | Conversion | Aff Loyalty,2025-10-19,54573.65,1203898.54,38649.0,0,0,0,0,0,1,0,0,0,0,0,0,0,0,0,0,0,0,0,0,0,0,0,0,0,0,0,0,0,0,0,0,0,0,0,0,0,0,0,0,1,0,0
banana republic factory,Affiliates | Conversion | Aff Loyalty,2025-10-26,57288.77,1061954.52,33274.0,0,0,0,0,0,2,0,0,0,0,0,0,0,0,1,0,0,0,0,0,0,0,0,0,0,0,0,0,0,0,0,0,0,0,0,0,0,1,0,0,2,0,0
banana republic factory,Affiliates | Conversion | Aff Loyalty,2025-11-02,61059.51,1111235.65,34814.0,0,0,0,0,0,0,0,0,0,0,0,0,0,0,2,0,0,0,0,0,0,0,0,0,0,0,0,0,0,0,0,0,0,0,0,0,0,2,0,0,0,0,0
banana republic factory,Affiliates | Conversion | Aff Loyalty,2025-11-09,54036.94,1095189.42,34891.0,0,0,0,0,0,0,0,0,0,0,0,0,0,0,1,0,0,0,0,0,0,0,0,0,0,0,0,0,0,0,0,0,0,0,0,0,0,1,0,0,0,0,0
banana republic factory,Affiliates | Conversion | Aff Loyalty,2025-11-16,99841.06,1800105.28,52911.0,0,0,0,0,0,0,0,0,0,0,0,0,0,0,0,2,0,0,0,0,0,0,0,0,0,0,0,0,0,0,0,0,0,0,0,0,0,0,0,0,2,0,0
banana republic factory,Affiliates | Conversion | Aff Loyalty,2025-11-23,136020.88,2916443.56,84753.0,0,0,0,0,0,0,0,0,0,0,0,0,0,0,0,1,2,0,0,0,0,0,0,0,0,0,0,0,0,0,0,0,0,0,0,0,0,0,0,0,2,0,0
banana republic factory,Affiliates | Conversion | Aff Loyalty,2025-11-30,81655.13,1883339.06,62943.0,0,0,0,0,0,0,0,0,0,0,0,0,0,0,0,0,0,2,0,0,0,0,0,0,0,0,0,0,0,0,0,0,0,0,0,0,0,0,0,0,2,0,0
banana republic factory,Affiliates | Conversion | Aff Loyalty,2025-12-07,46261.13,996481.4500000001,36175.0,0,0,0,0,0,0,0,0,0,0,0,0,0,0,0,0,0,0,2,0,0,0,0,0,0,0,0,0,0,0,0,0,0,0,0,0,0,0,0,2,0,0,0
banana republic factory,Affiliates | Conversion | Aff Loyalty,2025-12-14,31732.67,717995.79,26692.0,0,0,0,0,0,0,0,0,0,0,0,0,0,0,0,0,0,0,2,1,0,0,0,0,0,0,0,0,0,0,0,0,0,0,0,0,0,1,0,2,0,0,0
banana republic factory,Affiliates | Conversion | Aff Loyalty,2025-12-21,20184.04,451284.7,20866.0,0,0,0,0,0,0,0,0,0,0,0,0,0,0,0,0,0,0,0,2,1,0,0,0,0,0,0,0,0,0,0,0,0,0,0,0,0,2,0,0,0,0,0
banana republic factory,Affiliates | Conversion | Aff Loyalty,2025-12-28,21919.17,498960.48,22301.0,0,0,0,0,0,0,0,0,0,0,0,0,0,0,0,0,0,0,0,0,2,0,0,0,0,0,0,0,0,0,0,0,0,0,0,0,0,2,0,0,0,0,0
banana republic factory,Affiliates | Conversion | Aff Loyalty,2026-01-04,17746.03,412352.74,18235.0,0,0,0,0,0,0,0,0,0,0,0,0,0,0,0,0,0,0,0,0,1,0,0,0,0,0,0,0,0,0,0,0,0,0,0,0,0,1,0,0,0,0,0
banana republic factory,Affiliates | Conversion | Aff Loyalty,2026-01-11,23534.75,525287.46,20735.0,0,0,0,0,0,0,0,0,0,0,0,0,0,0,0,0,0,0,0,0,0,0,1,0,0,0,0,0,0,0,0,0,0,0,0,0,0,1,0,0,0,0,0
banana republic factory,Affiliates | Conversion | Aff Loyalty,2026-01-18,23046.19,492212.48,20661.0,0,0,0,0,0,0,0,0,0,0,0,0,0,0,0,0,0,0,0,0,0,0,1,0,0,0,0,0,0,0,0,0,0,0,0,0,0,1,0,0,0,0,0
banana republic factory,Affiliates | Conversion | Aff Loyalty,2026-01-25,21721.4,501965.57,19747.0,0,0,0,0,0,0,0,0,0,0,0,0,0,0,0,0,0,0,0,0,0,0,0,0,0,0,0,0,0,0,0,0,0,0,0,0,0,0,0,0,0,0,0
banana republic factory,Affiliates | Conversion | Aff Loyalty,2026-02-01,18739.5,474790.04,18305.0,0,0,0,0,0,0,0,0,0,0,0,0,0,0,0,0,0,0,0,0,0,0,0,0,0,0,0,0,0,0,0,0,0,0,0,0,0,0,0,0,0,0,0
banana republic factory,Affiliates | Conversion | Aff Loyalty,2026-02-08,20471.57,512145.44,19303.0,2,0,0,0,0,0,0,0,0,0,0,0,0,0,0,0,0,0,0,0,0,0,0,0,0,0,0,0,0,0,0,0,0,0,0,0,0,2,0,0,0,0,0
banana republic factory,Affiliates | Conversion | Aff Loyalty,2026-02-15,22018.68,538766.7,19209.0,1,0,0,0,0,0,0,0,0,0,0,0,0,0,0,0,0,0,0,0,0,0,0,0,0,0,0,0,0,0,0,0,0,0,0,0,0,1,0,0,0,0,0
banana republic factory,Affiliates | Conversion | Aff Loyalty,2026-02-22,27943.86,686625.13,22652.0,0,0,0,0,0,0,0,0,0,0,0,0,0,0,0,0,0,0,0,0,0,1,0,0,0,0,0,0,0,0,0,0,0,0,0,0,0,1,0,0,0,0,0
banana republic factory,Affiliates | Conversion | Aff Loyalty,2026-03-01,23680.99,601005.86,21204.0,0,0,0,0,0,0,0,0,0,0,0,0,0,0,0,0,0,0,0,0,0,0,0,0,0,0,0,0,0,0,0,0,0,0,0,0,0,0,0,0,0,0,0
banana republic factory,Affiliates | Conversion | Aff Loyalty,2026-03-08,37759.53,921584.98,26932.0,0,1,0,0,0,0,0,0,0,0,0,0,0,0,0,0,0,0,0,0,0,1,0,0,0,0,0,0,0,0,0,0,0,0,0,0,0,1,1,0,0,0,0
banana republic factory,Affiliates | Conversion | Aff Loyalty,2026-03-15,31313.39,776632.49,24855.0,0,1,0,0,0,0,0,0,0,0,0,0,0,0,0,0,0,0,0,0,0,0,0,0,0,0,0,0,0,0,0,0,0,0,0,0,0,1,0,0,0,0,0
banana republic factory,Affiliates | Conversion | Aff Loyalty,2026-03-22,40809.58,1019771.28,29826.0,0,0,2,0,0,0,0,0,0,0,0,0,0,0,0,0,0,0,0,0,0,1,0,0,0,0,0,0,0,0,0,0,0,0,0,0,0,2,1,0,0,0,0
banana republic factory,Affiliates | Conversion | Aff Loyalty,2026-03-29,33728.619999999995,856962.29,26859.0,0,0,1,2,0,0,0,0,0,0,0,0,0,0,0,0,0,0,0,0,0,0,0,0,0,0,0,0,0,0,0,0,0,0,0,0,0,1,0,2,0,0,0
banana republic factory,Affiliates | Conversion | Aff Loyalty,2026-04-05,25932.98,632523.6,21758.0,0,0,0,1,0,0,0,0,0,0,0,0,0,0,0,0,0,0,0,0,0,0,0,0,0,0,0,0,0,0,0,0,0,0,0,0,0,0,0,1,0,0,0
banana republic factory,Affiliates | Conversion | Aff Loyalty,2026-04-12,39457.13,937456.1100000001,27075.0,0,0,0,0,0,0,0,0,0,0,0,0,0,0,0,0,0,0,0,0,0,1,0,0,0,0,0,0,0,0,0,0,0,0,0,0,0,1,0,0,0,0,0
banana republic factory,Affiliates | Conversion | Aff Loyalty,2026-04-19,29837.52,732651.47,23737.0,0,0,0,0,0,0,0,0,0,0,0,0,0,0,0,0,0,0,0,0,0,0,0,0,0,0,0,0,0,0,0,0,0,0,0,0,0,0,0,0,0,0,0
banana republic factory,Affiliates | Conversion | Aff Loyalty,2026-04-26,35320.06,857177.41,27798.0,0,0,0,0,0,2,0,0,0,0,0,0,0,0,0,0,0,0,0,0,0,1,0,0,0,0,0,0,0,0,0,0,0,0,0,0,0,1,0,0,2,0,0
banana republic factory,Affiliates | Conversion | Aff Loyalty,2026-05-03,26160.61,644334.49,21457.0,0,0,0,0,0,1,0,0,0,0,0,0,0,0,0,0,0,0,0,0,0,0,0,0,0,0,0,0,0,0,0,0,0,0,0,0,0,0,0,0,1,0,0
banana republic factory,Affiliates | Conversion | Aff Loyalty,2026-05-10,42406.17,1047239.17,29167.0,0,0,0,0,0,0,1,0,0,0,0,0,0,0,0,0,0,0,0,0,0,1,0,0,0,0,0,0,0,0,0,0,0,0,0,0,0,1,0,0,0,0,0
banana republic factory,Affiliates | Conversion | Aff Loyalty,2026-05-17,47039.11,1153585.27,33992.0,0,0,0,0,0,0,1,2,0,0,0,0,0,0,0,0,0,0,0,0,0,0,0,0,0,0,0,0,0,0,0,0,0,0,0,0,0,1,0,2,0,0,0
banana republic factory,Affiliates | Conversion | Aff Loyalty,2026-05-24,39295.21,1152933.0,33667.0,0,0,0,0,0,0,0,2,0,0,0,0,0,0,0,0,0,0,0,0,0,0,0,0,0,0,0,0,0,0,0,0,0,0,0,0,0,0,0,2,0,0,0
banana republic factory,Affiliates | Conversion | Aff Loyalty,2026-05-31,29176.03,692585.12,25107.0,0,0,0,0,0,0,0,0,0,0,0,0,0,0,0,0,0,0,0,0,0,0,0,0,0,0,0,0,0,0,0,0,0,0,0,0,0,0,0,0,0,0,0
banana republic factory,Affiliates | Conversion | Aff Loyalty,2026-06-07,26743.780000000002,639765.77,24476.0,0,0,0,0,0,0,0,0,0,0,0,0,0,0,0,0,0,0,0,0,0,0,0,0,0,0,0,0,0,0,0,0,0,0,0,0,0,0,0,0,0,0,0
banana republic factory,Affiliates | Conversion | Aff Loyalty,2026-06-14,26849.48,651382.99,23434.0,0,0,0,0,0,0,0,0,1,0,0,0,0,0,0,0,0,0,0,0,0,0,0,0,0,0,0,0,0,0,0,0,0,0,0,0,0,1,0,0,0,0,0
banana republic factory,Affiliates | Conversion | Aff Loyalty,2026-06-21,29138.17,691756.81,23730.0,0,0,0,0,0,0,0,0,2,1,0,0,0,0,0,0,0,0,0,0,0,0,0,0,0,0,0,0,0,0,0,0,0,0,0,0,0,2,0,1,0,0,0
banana republic factory,Affiliates | Conversion | Aff Loyalty,2026-06-28,39922.4,848792.33,28846.0,0,0,0,0,0,0,0,0,0,2,0,0,0,0,0,0,0,0,0,0,0,0,0,0,0,0,0,0,0,0,0,0,0,0,0,0,0,0,0,2,0,0,0
banana republic factory,Affiliates | Conversion | Aff Loyalty,2026-07-05,24425.9,578969.33,22642.0,0,0,0,0,0,0,0,0,0,1,2,0,0,0,0,0,0,0,0,0,0,0,0,0,0,0,0,0,0,0,0,0,0,0,0,0,0,0,0,1,2,0,0
banana republic factory,Affiliates | Conversion | Aff Loyalty,2026-07-12,24979.29,585610.87,21117.0,0,0,0,0,0,0,0,0,0,0,1,0,0,0,0,0,0,0,0,0,0,0,0,0,0,0,0,0,0,0,0,0,0,0,0,0,0,0,0,0,1,0,0
banana republic factory,Affiliates | Conversion | Aff Loyalty,2026-07-19,29816.23,574988.07,20524.0,0,0,0,0,0,0,0,0,0,0,0,0,0,0,0,0,0,0,0,0,0,0,0,0,0,0,0,0,0,0,0,0,0,0,0,0,0,0,0,0,0,0,0
banana republic factory,Affiliates | Conversion | Aff Loyalty,2026-07-26,37448.54,754137.42,26002.0,0,0,0,0,0,0,0,0,0,0,0,0,0,0,0,0,0,0,0,0,0,1,0,0,0,0,0,0,0,0,0,0,0,0,0,0,0,1,0,0,0,0,0
banana republic factory,Affiliates | Conversion | Aff Loyalty,2026-08-02,22962.82,545364.23,20643.0,0,0,0,0,0,0,0,0,0,0,0,0,0,0,0,0,0,0,0,0,0,0,0,0,0,0,0,0,0,0,0,0,0,0,0,0,0,0,0,0,0,0,0
banana republic factory,Affiliates | Conversion | Aff Loyalty,2026-08-09,24139.16,572045.47,19869.0,0,0,0,0,0,0,0,0,0,0,0,0,0,0,0,0,0,0,0,0,0,0,0,0,0,0,0,0,0,0,0,0,0,0,0,0,0,0,0,0,0,0,0
banana republic factory,Affiliates | Conversion | Aff Loyalty,2026-08-16,23695.3,565562.6,19594.0,0,0,0,0,0,0,0,0,0,0,0,0,0,0,0,0,0,0,0,0,0,0,0,0,0,0,0,0,0,0,0,0,0,0,0,0,0,0,0,0,0,0,0
banana republic factory,Affiliates | Conversion | Not Applicable,2024-07-28,16261.0,287060.57999999996,37441.0,0,0,0,0,0,0,0,0,0,0,0,0,0,0,0,0,0,0,0,0,0,0,0,0,0,0,0,0,0,0,0,0,0,0,0,0,0,0,0,0,0,0,0
banana republic factory,Affiliates | Conversion | Not Applicable,2024-08-04,32171.0,725098.84,77820.0,0,0,0,0,0,0,0,0,0,0,0,0,0,0,0,0,0,0,0,0,0,0,0,0,0,0,0,0,0,0,0,0,0,0,0,0,0,0,0,0,0,0,0
banana republic factory,Affiliates | Conversion | Not Applicable,2024-08-11,43373.0,931782.11,83020.0,0,0,0,0,0,0,0,0,0,0,0,0,0,0,0,0,0,0,0,0,0,0,0,0,0,0,0,0,0,0,0,0,0,0,0,0,0,0,0,0,0,0,0
banana republic factory,Affiliates | Conversion | Not Applicable,2024-08-18,74575.0,1545531.53,139476.0,0,0,0,0,0,0,0,0,0,0,0,2,0,0,0,0,0,0,0,0,0,0,0,0,0,0,0,0,0,0,0,0,0,0,0,0,0,2,0,0,0,0,0
banana republic factory,Affiliates | Conversion | Not Applicable,2024-08-25,78421.0,1595347.6400000001,135757.0,0,0,0,0,0,0,0,0,0,0,0,1,2,0,0,0,0,0,0,0,0,0,0,0,0,0,0,0,0,0,0,0,0,0,0,0,0,2,0,0,0,0,0
banana republic factory,Affiliates | Conversion | Not Applicable,2024-09-01,90162.0,1507333.78,117676.0,0,0,0,0,0,0,0,0,0,0,0,0,1,0,0,0,0,0,0,0,0,0,0,0,0,0,0,0,0,0,0,0,0,0,0,0,0,1,0,0,0,0,0
banana republic factory,Affiliates | Conversion | Not Applicable,2024-09-08,42897.0,1119683.92,110730.0,0,0,0,0,0,0,0,0,0,0,0,0,0,0,0,0,0,0,0,0,0,0,0,0,0,0,0,0,0,0,0,0,0,0,0,0,0,0,0,0,0,0,0
banana republic factory,Affiliates | Conversion | Not Applicable,2024-09-15,73696.0,1575214.26,150864.0,0,2,0,0,0,0,0,0,0,0,0,0,0,0,0,0,0,0,0,0,0,0,0,0,0,0,0,0,0,0,0,0,0,0,0,0,0,2,0,0,0,0,0
banana republic factory,Affiliates | Conversion | Not Applicable,2024-09-22,61346.0,1312175.24,111406.0,0,1,0,0,0,0,0,0,0,0,0,0,0,1,0,0,0,0,0,0,0,0,0,0,0,0,0,0,0,0,0,0,0,0,0,0,0,1,0,0,0,0,0
banana republic factory,Affiliates | Conversion | Not Applicable,2024-09-29,71804.0,1406504.1,109677.0,0,0,0,0,0,0,0,0,0,0,0,0,0,2,0,0,0,0,0,0,0,0,0,0,0,0,0,0,0,0,0,0,0,0,0,0,0,2,0,0,0,0,0
banana republic factory,Affiliates | Conversion | Not Applicable,2024-10-06,55935.0,1123570.7,87822.0,0,0,0,0,0,0,0,0,0,0,0,0,0,1,0,0,0,0,0,0,0,0,0,0,0,0,0,0,0,0,0,0,0,0,0,0,0,1,0,0,0,0,0
banana republic factory,Affiliates | Conversion | Not Applicable,2024-10-13,70184.16,1441589.54,120022.0,0,0,0,0,0,0,0,0,0,0,0,0,0,0,0,0,0,0,0,0,0,0,0,0,0,0,0,0,0,0,0,0,0,0,0,0,0,0,0,0,0,0,0
banana republic factory,Affiliates | Conversion | Not Applicable,2024-10-20,59172.68,1249997.53,110736.0,0,0,0,0,0,1,0,0,0,0,0,0,0,0,0,0,0,0,0,0,0,0,0,0,0,0,0,0,0,0,0,0,0,0,0,0,0,0,0,0,1,0,0
banana republic factory,Affiliates | Conversion | Not Applicable,2024-10-27,65685.01000000001,1471397.67,127749.0,0,0,0,0,0,2,0,0,0,0,0,0,0,0,1,0,0,0,0,0,0,0,0,0,0,0,0,0,0,0,0,0,0,0,0,0,0,1,0,0,2,0,0
banana republic factory,Affiliates | Conversion | Not Applicable,2024-11-03,76591.44,1548380.22,134096.0,0,0,0,0,0,0,0,0,0,0,0,0,0,0,2,0,0,0,0,0,0,0,0,0,0,0,0,0,0,0,0,0,0,0,0,0,0,2,0,0,0,0,0
banana republic factory,Affiliates | Conversion | Not Applicable,2024-11-10,93216.84,1655827.96,153437.0,0,0,0,0,0,0,0,0,0,0,0,0,0,0,1,0,0,0,0,0,0,0,0,0,0,0,0,0,0,0,0,0,0,0,0,0,0,1,0,0,0,0,0
banana republic factory,Affiliates | Conversion | Not Applicable,2024-11-17,159334.32,2945088.21,245990.0,0,0,0,0,0,0,0,0,0,0,0,0,0,0,0,2,0,0,0,0,0,0,0,0,0,0,0,0,0,0,0,0,0,0,0,0,0,0,0,0,2,0,0
banana republic factory,Affiliates | Conversion | Not Applicable,2024-11-24,223084.44,4313109.18,273332.0,0,0,0,0,0,0,0,0,0,0,0,0,0,0,0,1,2,0,0,0,0,0,0,0,0,0,0,0,0,0,0,0,0,0,0,0,0,0,0,0,2,0,0
banana republic factory,Affiliates | Conversion | Not Applicable,2024-12-01,151231.11,2884879.06,209331.0,0,0,0,0,0,0,0,0,0,0,0,0,0,0,0,0,0,2,0,0,0,0,0,0,0,0,0,0,0,0,0,0,0,0,0,0,0,0,0,0,2,0,0
banana republic factory,Affiliates | Conversion | Not Applicable,2024-12-08,28244.63,1395578.1400000001,117540.0,0,0,0,0,0,0,0,0,0,0,0,0,0,0,0,0,0,0,2,0,0,0,0,0,0,0,0,0,0,0,0,0,0,0,0,0,0,0,0,2,0,0,0
banana republic factory,Affiliates | Conversion | Not Applicable,2024-12-15,15001.44,1048545.04,89099.0,0,0,0,0,0,0,0,0,0,0,0,0,0,0,0,0,0,0,2,1,0,0,0,0,0,0,0,0,0,0,0,0,0,0,0,0,0,1,0,2,0,0,0
banana republic factory,Affiliates | Conversion | Not Applicable,2024-12-22,40603.0,1081552.0,172753.0,0,0,0,0,0,0,0,0,0,0,0,0,0,0,0,0,0,0,0,2,1,0,0,0,0,0,0,0,0,0,0,0,0,0,0,0,0,2,0,0,0,0,0
banana republic factory,Affiliates | Conversion | Not Applicable,2024-12-29,28159.98,873173.8099999999,93787.0,0,0,0,0,0,0,0,0,0,0,0,0,0,0,0,0,0,0,0,0,2,0,0,0,0,0,0,0,0,0,0,0,0,0,0,0,0,2,0,0,0,0,0
banana republic factory,Affiliates | Conversion | Not Applicable,2025-01-05,26384.489999999998,636668.77,68902.0,0,0,0,0,0,0,0,0,0,0,0,0,0,0,0,0,0,0,0,0,0,0,0,0,0,0,0,0,0,0,0,0,0,0,0,0,0,0,0,0,0,0,0
banana republic factory,Affiliates | Conversion | Not Applicable,2025-01-12,40173.87,836353.78,104312.0,0,0,0,0,0,0,0,0,0,0,0,0,0,0,0,0,0,0,0,0,0,0,0,0,0,0,0,0,0,0,0,0,0,0,0,0,0,0,0,0,0,0,0
banana republic factory,Affiliates | Conversion | Not Applicable,2025-01-19,26831.23,684647.64,95736.0,0,0,0,0,0,0,0,0,0,0,0,0,0,0,0,0,0,0,0,0,0,0,0,0,0,0,0,0,0,0,0,0,0,0,0,0,0,0,0,0,0,0,0
banana republic factory,Affiliates | Conversion | Not Applicable,2025-01-26,33731.009999999995,762419.25,84729.0,0,0,0,0,0,0,0,0,0,0,0,0,0,0,0,0,0,0,0,0,0,0,0,0,0,0,0,0,0,0,0,0,0,0,0,0,0,0,0,0,0,0,0
banana republic factory,Affiliates | Conversion | Not Applicable,2025-02-02,32514.09,722025.92,116279.0,0,0,0,0,0,0,0,0,0,0,0,0,0,0,0,0,0,0,0,0,0,0,0,0,0,0,0,0,0,0,0,0,0,0,0,0,0,0,0,0,0,0,0
banana republic factory,Affiliates | Conversion | Not Applicable,2025-02-09,46234.14,970627.58,126766.0,2,0,0,0,0,0,0,0,0,0,0,0,0,0,0,0,0,0,0,0,0,0,0,0,0,0,0,0,0,0,0,0,0,0,0,0,0,2,0,0,0,0,0
banana republic factory,Affiliates | Conversion | Not Applicable,2025-02-16,37627.21,807556.6900000001,97418.0,1,0,0,0,0,0,0,0,0,0,0,0,0,0,0,0,0,0,0,0,0,0,0,0,0,0,0,0,0,0,0,0,0,0,0,0,0,1,0,0,0,0,0
banana republic factory,Affiliates | Conversion | Not Applicable,2025-02-23,48182.26,1012500.1799999999,149425.0,0,0,0,0,0,0,0,0,0,0,0,0,0,0,0,0,0,0,0,0,0,0,0,0,0,0,0,0,0,0,0,0,0,0,0,0,0,0,0,0,0,0,0
banana republic factory,Affiliates | Conversion | Not Applicable,2025-03-02,43673.590000000004,914918.5700000001,88903.0,0,0,0,0,0,0,0,0,0,0,0,0,0,0,0,0,0,0,0,0,0,0,0,0,0,0,0,0,0,0,0,0,0,0,0,0,0,0,0,0,0,0,0
banana republic factory,Affiliates | Conversion | Not Applicable,2025-03-09,52681.840000000004,1068855.18,123379.0,0,0,0,0,0,0,0,0,0,0,0,0,0,0,0,0,0,0,0,0,0,0,0,0,0,0,0,0,0,0,0,0,0,0,0,0,0,0,0,0,0,0,0
banana republic factory,Affiliates | Conversion | Not Applicable,2025-03-16,45421.01,904310.64,107118.0,0,0,0,0,0,0,0,0,0,0,0,0,0,0,0,0,0,0,0,0,0,0,0,0,0,0,0,0,0,0,0,0,0,0,0,0,0,0,0,0,0,0,0
banana republic factory,Affiliates | Conversion | Not Applicable,2025-03-23,72165.53,1427979.23,118758.0,0,2,0,0,0,0,0,0,0,0,0,0,0,0,0,0,0,0,0,0,0,0,0,0,0,0,0,0,0,0,0,0,0,0,0,0,0,2,0,0,0,0,0
banana republic factory,Affiliates | Conversion | Not Applicable,2025-03-30,58167.29,1156629.0,119169.0,0,1,0,0,0,0,0,0,0,0,0,0,0,0,0,0,0,0,0,0,0,0,0,0,0,0,0,0,0,0,0,0,0,0,0,0,0,1,0,0,0,0,0
banana republic factory,Affiliates | Conversion | Not Applicable,2025-04-06,70109.03,1403738.1,126343.0,0,0,2,1,0,0,0,0,0,0,0,0,0,0,0,0,0,0,0,0,0,0,0,0,0,0,0,0,0,0,0,0,0,0,0,0,0,2,0,1,0,0,0
banana republic factory,Affiliates | Conversion | Not Applicable,2025-04-13,66983.22,1306238.57,134458.0,0,0,0,2,0,0,0,0,0,0,0,0,0,0,0,0,0,0,0,0,0,0,0,0,0,0,0,0,0,0,0,0,0,0,0,0,0,0,0,2,0,0,0
banana republic factory,Affiliates | Conversion | Not Applicable,2025-04-20,60439.06,1145339.8,107818.0,0,0,0,1,0,0,0,0,0,0,0,0,0,0,0,0,0,0,0,0,0,0,0,0,0,0,0,0,0,0,0,0,0,0,0,0,0,0,0,1,0,0,0
banana republic factory,Affiliates | Conversion | Not Applicable,2025-04-27,77158.11,1461862.3900000001,164234.0,0,0,0,0,0,1,0,0,0,0,0,0,0,0,0,0,0,0,0,0,0,0,0,0,0,0,0,0,0,0,0,0,0,0,0,0,0,0,0,0,1,0,0
banana republic factory,Search | Conversion | Brand,2024-07-28,1547.3899999999999,211798.85,39262.0,0,0,0,0,0,0,0,0,0,0,0,0,0,0,0,0,0,0,0,0,0,0,0,0,0,0,0,0,0,0,0,0,0,0,0,0,0,0,0,0,0,0,0
banana republic factory,Search | Conversion | Brand,2024-08-04,5928.0599999999995,663754.5700000001,98170.0,0,0,0,0,0,0,0,0,0,0,0,0,0,0,0,0,0,0,0,0,0,0,0,0,0,0,0,0,0,0,0,0,0,0,0,0,0,0,0,0,0,0,0
banana republic factory,Search | Conversion | Brand,2024-08-11,4525.58,768572.96,100517.0,0,0,0,0,0,0,0,0,0,0,0,0,0,0,0,0,0,0,0,0,0,0,0,0,0,0,0,0,0,0,0,0,0,0,0,0,0,0,0,0,0,0,0
banana republic factory,Search | Conversion | Brand,2024-08-18,4135.12,1150219.55,126907.0,0,0,0,0,0,0,0,0,0,0,0,2,0,0,0,0,0,0,0,0,0,0,0,0,0,0,0,0,0,0,0,0,0,0,0,0,0,2,0,0,0,0,0
banana republic factory,Search | Conversion | Brand,2024-08-25,5110.88,1327402.85,153121.0,0,0,0,0,0,0,0,0,0,0,0,1,2,0,0,0,0,0,0,0,0,0,0,0,0,0,0,0,0,0,0,0,0,0,0,0,0,2,0,0,0,0,0
banana republic factory,Search | Conversion | Brand,2024-09-01,6215.42,1334057.67,149367.0,0,0,0,0,0,0,0,0,0,0,0,0,1,0,0,0,0,0,0,0,0,0,0,0,0,0,0,0,0,0,0,0,0,0,0,0,0,1,0,0,0,0,0
banana republic factory,Search | Conversion | Brand,2024-09-08,4636.84,1053701.77,135864.0,0,0,0,0,0,0,0,0,0,0,0,0,0,0,0,0,0,0,0,0,0,0,0,0,0,0,0,0,0,0,0,0,0,0,0,0,0,0,0,0,0,0,0
banana republic factory,Search | Conversion | Brand,2024-09-15,8033.57,1517728.11,159165.0,0,2,0,0,0,0,0,0,0,0,0,0,0,0,0,0,0,0,0,0,0,0,0,0,0,0,0,0,0,0,0,0,0,0,0,0,0,2,0,0,0,0,0
banana republic factory,Search | Conversion | Brand,2024-09-22,7816.2,1315027.72,151787.0,0,1,0,0,0,0,0,0,0,0,0,0,0,1,0,0,0,0,0,0,0,0,0,0,0,0,0,0,0,0,0,0,0,0,0,0,0,1,0,0,0,0,0
banana republic factory,Search | Conversion | Brand,2024-09-29,6293.9400000000005,1249913.4,137850.0,0,0,0,0,0,0,0,0,0,0,0,0,0,2,0,0,0,0,0,0,0,0,0,0,0,0,0,0,0,0,0,0,0,0,0,0,0,2,0,0,0,0,0
banana republic factory,Search | Conversion | Brand,2024-10-06,5865.94,997074.78,115230.0,0,0,0,0,0,0,0,0,0,0,0,0,0,1,0,0,0,0,0,0,0,0,0,0,0,0,0,0,0,0,0,0,0,0,0,0,0,1,0,0,0,0,0
banana republic factory,Search | Conversion | Brand,2024-10-13,7789.11,1224186.11,162243.0,0,0,0,0,0,0,0,0,0,0,0,0,0,0,0,0,0,0,0,0,0,0,0,0,0,0,0,0,0,0,0,0,0,0,0,0,0,0,0,0,0,0,0
banana republic factory,Search | Conversion | Brand,2024-10-20,5127.26,1180093.13,129303.0,0,0,0,0,0,1,0,0,0,0,0,0,0,0,0,0,0,0,0,0,0,0,0,0,0,0,0,0,0,0,0,0,0,0,0,0,0,0,0,0,1,0,0
banana republic factory,Search | Conversion | Brand,2024-10-27,11997.92,1340677.4,137441.0,0,0,0,0,0,2,0,0,0,0,0,0,0,0,1,0,0,0,0,0,0,0,0,0,0,0,0,0,0,0,0,0,0,0,0,0,0,1,0,0,2,0,0
banana republic factory,Search | Conversion | Brand,2024-11-03,4254.8099999999995,1484456.83,147000.0,0,0,0,0,0,0,0,0,0,0,0,0,0,0,2,0,0,0,0,0,0,0,0,0,0,0,0,0,0,0,0,0,0,0,0,0,0,2,0,0,0,0,0
banana republic factory,Search | Conversion | Brand,2024-11-10,5760.86,1455690.72,157375.0,0,0,0,0,0,0,0,0,0,0,0,0,0,0,1,0,0,0,0,0,0,0,0,0,0,0,0,0,0,0,0,0,0,0,0,0,0,1,0,0,0,0,0
banana republic factory,Search | Conversion | Brand,2024-11-17,10469.64,2326772.88,215262.0,0,0,0,0,0,0,0,0,0,0,0,0,0,0,0,2,0,0,0,0,0,0,0,0,0,0,0,0,0,0,0,0,0,0,0,0,0,0,0,0,2,0,0
banana republic factory,Search | Conversion | Brand,2024-11-24,20254.33,4103351.7,355643.0,0,0,0,0,0,0,0,0,0,0,0,0,0,0,0,1,2,0,0,0,0,0,0,0,0,0,0,0,0,0,0,0,0,0,0,0,0,0,0,0,2,0,0
banana republic factory,Search | Conversion | Brand,2024-12-01,15279.0,2592062.14,264243.0,0,0,0,0,0,0,0,0,0,0,0,0,0,0,0,0,0,2,0,0,0,0,0,0,0,0,0,0,0,0,0,0,0,0,0,0,0,0,0,0,2,0,0
banana republic factory,Search | Conversion | Brand,2024-12-08,7797.65,1387619.68,165796.0,0,0,0,0,0,0,0,0,0,0,0,0,0,0,0,0,0,0,2,0,0,0,0,0,0,0,0,0,0,0,0,0,0,0,0,0,0,0,0,2,0,0,0
banana republic factory,Search | Conversion | Brand,2024-12-15,3867.32,1108874.82,135416.0,0,0,0,0,0,0,0,0,0,0,0,0,0,0,0,0,0,0,2,1,0,0,0,0,0,0,0,0,0,0,0,0,0,0,0,0,0,1,0,2,0,0,0
banana republic factory,Search | Conversion | Brand,2024-12-22,3964.24,985194.78,138799.0,0,0,0,0,0,0,0,0,0,0,0,0,0,0,0,0,0,0,0,2,1,0,0,0,0,0,0,0,0,0,0,0,0,0,0,0,0,2,0,0,0,0,0
banana republic factory,Search | Conversion | Brand,2024-12-29,3740.84,986456.5900000001,143845.0,0,0,0,0,0,0,0,0,0,0,0,0,0,0,0,0,0,0,0,0,2,0,0,0,0,0,0,0,0,0,0,0,0,0,0,0,0,2,0,0,0,0,0
banana republic factory,Search | Conversion | Brand,2025-01-05,4246.03,765955.53,114607.0,0,0,0,0,0,0,0,0,0,0,0,0,0,0,0,0,0,0,0,0,0,0,0,0,0,0,0,0,0,0,0,0,0,0,0,0,0,0,0,0,0,0,0
banana republic factory,Search | Conversion | Brand,2025-01-12,4160.66,896785.9,126495.0,0,0,0,0,0,0,0,0,0,0,0,0,0,0,0,0,0,0,0,0,0,0,0,0,0,0,0,0,0,0,0,0,0,0,0,0,0,0,0,0,0,0,0
banana republic factory,Search | Conversion | Brand,2025-01-19,3918.25,714273.1,102717.0,0,0,0,0,0,0,0,0,0,0,0,0,0,0,0,0,0,0,0,0,0,0,0,0,0,0,0,0,0,0,0,0,0,0,0,0,0,0,0,0,0,0,0
banana republic factory,Search | Conversion | Brand,2025-01-26,4296.04,796276.16,107163.0,0,0,0,0,0,0,0,0,0,0,0,0,0,0,0,0,0,0,0,0,0,0,0,0,0,0,0,0,0,0,0,0,0,0,0,0,0,0,0,0,0,0,0
banana republic factory,Search | Conversion | Brand,2025-02-02,3737.3199999999997,677309.75,96732.0,0,0,0,0,0,0,0,0,0,0,0,0,0,0,0,0,0,0,0,0,0,0,0,0,0,0,0,0,0,0,0,0,0,0,0,0,0,0,0,0,0,0,0
banana republic factory,Search | Conversion | Brand,2025-02-09,3896.6,921781.5800000001,129680.0,2,0,0,0,0,0,0,0,0,0,0,0,0,0,0,0,0,0,0,0,0,0,0,0,0,0,0,0,0,0,0,0,0,0,0,0,0,2,0,0,0,0,0
banana republic factory,Search | Conversion | Brand,2025-02-16,3951.06,777919.98,109664.0,1,0,0,0,0,0,0,0,0,0,0,0,0,0,0,0,0,0,0,0,0,0,0,0,0,0,0,0,0,0,0,0,0,0,0,0,0,1,0,0,0,0,0
banana republic factory,Search | Conversion | Brand,2025-02-23,4045.96,939390.28,129052.0,0,0,0,0,0,0,0,0,0,0,0,0,0,0,0,0,0,0,0,0,0,0,0,0,0,0,0,0,0,0,0,0,0,0,0,0,0,0,0,0,0,0,0
banana republic factory,Search | Conversion | Brand,2025-03-02,4523.89,877014.48,108640.0,0,0,0,0,0,0,0,0,0,0,0,0,0,0,0,0,0,0,0,0,0,0,0,0,0,0,0,0,0,0,0,0,0,0,0,0,0,0,0,0,0,0,0
banana republic factory,Search | Conversion | Brand,2025-03-09,5162.82,1009697.16,117916.0,0,0,0,0,0,0,0,0,0,0,0,0,0,0,0,0,0,0,0,0,0,0,0,0,0,0,0,0,0,0,0,0,0,0,0,0,0,0,0,0,0,0,0
banana republic factory,Search | Conversion | Brand,2025-03-16,4126.4800000000005,956784.72,118698.0,0,0,0,0,0,0,0,0,0,0,0,0,0,0,0,0,0,0,0,0,0,0,0,0,0,0,0,0,0,0,0,0,0,0,0,0,0,0,0,0,0,0,0
banana republic factory,Search | Conversion | Brand,2025-03-23,5189.9400000000005,1345008.97,137019.0,0,2,0,0,0,0,0,0,0,0,0,0,0,0,0,0,0,0,0,0,0,0,0,0,0,0,0,0,0,0,0,0,0,0,0,0,0,2,0,0,0,0,0
banana republic factory,Search | Conversion | Brand,2025-03-30,5201.35,1116884.56,123814.0,0,1,0,0,0,0,0,0,0,0,0,0,0,0,0,0,0,0,0,0,0,0,0,0,0,0,0,0,0,0,0,0,0,0,0,0,0,1,0,0,0,0,0
banana republic factory,Search | Conversion | Brand,2025-04-06,5527.8,1315257.55,129448.0,0,0,2,1,0,0,0,0,0,0,0,0,0,0,0,0,0,0,0,0,0,0,0,0,0,0,0,0,0,0,0,0,0,0,0,0,0,2,0,1,0,0,0
banana republic factory,Search | Conversion | Brand,2025-04-13,6595.01,1198330.53,138817.0,0,0,0,2,0,0,0,0,0,0,0,0,0,0,0,0,0,0,0,0,0,0,0,0,0,0,0,0,0,0,0,0,0,0,0,0,0,0,0,2,0,0,0
banana republic factory,Search | Conversion | Brand,2025-04-20,5475.3,1108586.65,129421.0,0,0,0,1,0,0,0,0,0,0,0,0,0,0,0,0,0,0,0,0,0,0,0,0,0,0,0,0,0,0,0,0,0,0,0,0,0,0,0,1,0,0,0
banana republic factory,Search | Conversion | Brand,2025-04-27,4744.22,1281149.65,141035.0,0,0,0,0,0,1,0,0,0,0,0,0,0,0,0,0,0,0,0,0,0,0,0,0,0,0,0,0,0,0,0,0,0,0,0,0,0,0,0,0,1,0,0
banana republic factory,Search | Conversion | Brand,2025-05-04,4727.91,911772.22,110845.0,0,0,0,0,0,2,0,0,0,0,0,0,0,0,0,0,0,0,0,0,0,0,0,0,0,0,0,0,0,0,0,0,0,0,0,0,0,0,0,0,2,0,0
banana republic factory,Search | Conversion | Brand,2025-05-11,6123.639999999999,1284371.69,141334.0,0,0,0,0,0,0,1,0,0,0,0,0,0,0,0,0,0,0,0,0,0,1,0,0,0,0,0,0,0,0,0,0,0,0,0,0,0,1,0,0,0,0,0
banana republic factory,Search | Conversion | Brand,2025-05-18,7492.200000000001,1480177.3900000001,153258.0,0,0,0,0,0,0,1,2,0,0,0,0,0,0,0,0,0,0,0,0,0,0,0,0,0,0,0,0,0,0,0,0,0,0,0,0,0,1,0,2,0,0,0
banana republic factory,Search | Conversion | Brand,2025-05-25,7383.66,1451977.75,149777.0,0,0,0,0,0,0,0,2,0,0,0,0,0,0,0,0,0,0,0,0,0,0,0,0,0,0,0,0,0,0,0,0,0,0,0,0,0,0,0,2,0,0,0
banana republic factory,Search | Conversion | Brand,2025-06-01,4783.64,878024.75,118196.0,0,0,0,0,0,0,0,1,0,0,0,0,0,0,0,0,0,0,0,0,0,0,0,0,0,0,0,0,0,0,0,0,0,0,0,0,0,0,0,1,0,0,0
banana republic factory,Search | Conversion | Brand,2025-06-08,3550.19,819133.42,105247.0,0,0,0,0,0,0,0,0,0,0,0,0,0,0,0,0,0,0,0,0,0,0,0,0,0,0,0,0,0,0,0,0,0,0,0,0,0,0,0,0,0,0,0
banana republic factory,Search | Conversion | Brand,2025-06-15,3669.72,943419.44,117007.0,0,0,0,0,0,0,0,0,1,0,0,0,0,0,0,0,0,0,0,0,0,0,0,0,0,0,0,0,0,0,0,0,0,0,0,0,0,1,0,0,0,0,0
banana republic factory,Search | Conversion | Brand,2025-06-22,4108.48,1082901.17,123326.0,0,0,0,0,0,0,0,0,2,1,0,0,0,0,0,0,0,0,0,0,0,0,0,0,0,0,0,0,0,0,0,0,0,0,0,0,0,2,0,1,0,0,0
banana republic factory,Search | Conversion | Brand,2025-06-29,3580.18,1074805.58,122401.0,0,0,0,0,0,0,0,0,0,2,0,0,0,0,0,0,0,0,0,0,0,0,0,0,0,0,0,0,0,0,0,0,0,0,0,0,0,0,0,2,0,0,0
banana republic factory,Search | Conversion | Brand,2025-07-06,3341.05,801176.75,102706.0,0,0,0,0,0,0,0,0,0,1,2,0,0,0,0,0,0,0,0,0,0,0,0,0,0,0,0,0,0,0,0,0,0,0,0,0,0,0,0,1,2,0,0
banana republic factory,Search | Conversion | Brand,2025-07-13,3012.17,712650.56,100019.0,0,0,0,0,0,0,0,0,0,0,1,0,0,0,0,0,0,0,0,0,0,0,0,0,0,0,0,0,0,0,0,0,0,0,0,0,0,0,0,0,1,0,0
banana republic factory,Search | Conversion | Brand,2025-07-20,4503.57,729076.5700000001,101909.0,0,0,0,0,0,0,0,0,0,0,0,0,0,0,0,0,0,0,0,0,0,0,0,0,0,0,0,0,0,0,0,0,0,0,0,0,0,0,0,0,0,0,0
banana republic factory,Search | Conversion | Brand,2025-07-27,5037.93,818410.35,107243.0,0,0,0,0,0,0,0,0,0,0,0,0,0,0,0,0,0,0,0,0,0,1,0,0,0,0,0,0,0,0,0,0,0,0,0,0,0,1,0,0,0,0,0
banana republic factory,Search | Conversion | Brand,2025-08-03,3868.33,797449.9199999999,108680.0,0,0,0,0,0,0,0,0,0,0,0,0,0,0,0,0,0,0,0,0,0,0,0,0,0,0,0,0,0,0,0,0,0,0,0,0,0,0,0,0,0,0,0
banana republic factory,Search | Conversion | Brand,2025-08-10,4375.63,944264.84,116936.0,0,0,0,0,0,0,0,0,0,0,0,0,0,0,0,0,0,0,0,0,0,0,0,0,0,0,0,0,0,0,0,0,0,0,0,0,0,0,0,0,0,0,0
banana republic factory,Search | Conversion | Brand,2025-08-17,5424.82,1316379.0,131756.0,0,0,0,0,0,0,0,0,0,0,0,2,0,0,0,0,0,0,0,0,0,0,0,0,0,0,0,0,0,0,0,0,0,0,0,0,0,2,0,0,0,0,0
banana republic factory,Search | Conversion | Brand,2025-08-24,6882.7,1474160.0899999999,142282.0,0,0,0,0,0,0,0,0,0,0,0,1,2,0,0,0,0,0,0,0,0,0,0,0,0,0,0,0,0,0,0,0,0,0,0,0,0,1,0,2,0,0,0
banana republic factory,Search | Conversion | Brand,2025-08-31,6617.07,1237846.95,136042.0,0,0,0,0,0,0,0,0,0,0,0,0,1,0,0,0,0,0,0,0,0,0,0,0,0,0,0,0,0,0,0,0,0,0,0,0,0,0,0,1,0,0,0
banana republic factory,Search | Conversion | Brand,2025-09-07,6179.0,1258354.52,134271.0,0,1,0,0,0,0,0,0,0,0,0,0,0,0,0,0,0,0,0,0,0,0,0,0,0,0,0,0,0,0,0,0,0,0,0,0,0,1,0,0,0,0,0
banana republic factory,Search | Conversion | Brand,2025-09-14,6401.53,1437641.59,142363.0,0,2,0,0,0,0,0,0,0,0,0,0,0,0,0,0,0,0,0,0,0,0,0,0,0,0,0,0,0,0,0,0,0,0,0,0,0,2,0,0,0,0,0
banana republic factory,Search | Conversion | Brand,2025-09-21,5703.39,1044458.35,119392.0,0,1,0,0,0,0,0,0,0,0,0,0,0,0,0,0,0,0,0,0,0,0,0,0,0,0,0,0,0,0,0,0,0,0,0,0,0,1,0,0,0,0,0
banana republic factory,Search | Conversion | Brand,2025-09-28,4506.17,944910.84,113437.0,0,0,0,0,0,0,0,0,0,0,0,0,0,0,0,0,0,0,0,0,0,0,0,0,0,0,0,0,0,0,0,0,0,0,0,0,0,0,0,0,0,0,0
banana republic factory,Search | Conversion | Brand,2025-10-05,6486.12,1289040.93,133448.0,0,0,0,0,0,0,0,0,0,0,0,0,0,2,0,0,0,0,0,0,0,0,0,0,0,0,0,0,0,0,0,0,0,0,0,0,0,2,0,0,0,0,0
banana republic factory,Search | Conversion | Brand,2025-10-12,8365.79,1302936.8599999999,138634.0,0,0,0,0,0,0,0,0,0,0,0,0,0,1,0,0,0,0,0,0,0,0,0,0,0,0,0,0,0,0,0,0,0,0,0,0,0,1,0,0,0,0,0
banana republic factory,Search | Conversion | Brand,2025-10-19,8631.82,1438085.08,143003.0,0,0,0,0,0,1,0,0,0,0,0,0,0,0,0,0,0,0,0,0,0,0,0,0,0,0,0,0,0,0,0,0,0,0,0,0,0,0,0,0,1,0,0
banana republic factory,Search | Conversion | Brand,2025-10-26,7940.34,1359245.75,143001.0,0,0,0,0,0,2,0,0,0,0,0,0,0,0,1,0,0,0,0,0,0,0,0,0,0,0,0,0,0,0,0,0,0,0,0,0,0,1,0,0,2,0,0
banana republic factory,Search | Conversion | Brand,2025-11-02,7709.05,1624254.71,162653.0,0,0,0,0,0,0,0,0,0,0,0,0,0,0,2,0,0,0,0,0,0,0,0,0,0,0,0,0,0,0,0,0,0,0,0,0,0,2,0,0,0,0,0
banana republic factory,Search | Conversion | Brand,2025-11-09,7681.68,1650322.16,168111.0,0,0,0,0,0,0,0,0,0,0,0,0,0,0,1,0,0,0,0,0,0,0,0,0,0,0,0,0,0,0,0,0,0,0,0,0,0,1,0,0,0,0,0
banana republic factory,Search | Conversion | Brand,2025-11-16,11537.69,2380241.6,209016.0,0,0,0,0,0,0,0,0,0,0,0,0,0,0,0,2,0,0,0,0,0,0,0,0,0,0,0,0,0,0,0,0,0,0,0,0,0,0,0,0,2,0,0
banana republic factory,Search | Conversion | Brand,2025-11-23,21370.73,3973392.2800000003,326300.0,0,0,0,0,0,0,0,0,0,0,0,0,0,0,0,1,2,0,0,0,0,0,0,0,0,0,0,0,0,0,0,0,0,0,0,0,0,0,0,0,2,0,0
banana republic factory,Search | Conversion | Brand,2025-11-30,15616.02,2470672.81,234384.0,0,0,0,0,0,0,0,0,0,0,0,0,0,0,0,0,0,2,0,0,0,0,0,0,0,0,0,0,0,0,0,0,0,0,0,0,0,0,0,0,2,0,0
banana republic factory,Search | Conversion | Brand,2025-12-07,7449.13,1549398.02,168209.0,0,0,0,0,0,0,0,0,0,0,0,0,0,0,0,0,0,0,2,0,0,0,0,0,0,0,0,0,0,0,0,0,0,0,0,0,0,0,0,2,0,0,0
banana republic factory,Search | Conversion | Brand,2025-12-14,6093.89,1206238.03,140517.0,0,0,0,0,0,0,0,0,0,0,0,0,0,0,0,0,0,0,2,1,0,0,0,0,0,0,0,0,0,0,0,0,0,0,0,0,0,1,0,2,0,0,0
banana republic factory,Search | Conversion | Brand,2025-12-21,4156.38,767428.98,118859.0,0,0,0,0,0,0,0,0,0,0,0,0,0,0,0,0,0,0,0,2,1,0,0,0,0,0,0,0,0,0,0,0,0,0,0,0,0,2,0,0,0,0,0
banana republic factory,Search | Conversion | Brand,2025-12-28,4322.4,816691.22,127248.0,0,0,0,0,0,0,0,0,0,0,0,0,0,0,0,0,0,0,0,0,2,0,0,0,0,0,0,0,0,0,0,0,0,0,0,0,0,2,0,0,0,0,0
banana republic factory,Search | Conversion | Brand,2026-01-04,3742.14,730340.49,107421.0,0,0,0,0,0,0,0,0,0,0,0,0,0,0,0,0,0,0,0,0,1,0,0,0,0,0,0,0,0,0,0,0,0,0,0,0,0,1,0,0,0,0,0
banana republic factory,Search | Conversion | Brand,2026-01-11,4181.6900000000005,823452.9199999999,108324.0,0,0,0,0,0,0,0,0,0,0,0,0,0,0,0,0,0,0,0,0,0,0,1,0,0,0,0,0,0,0,0,0,0,0,0,0,0,1,0,0,0,0,0
banana republic factory,Search | Conversion | Brand,2026-01-18,5103.66,808851.24,106706.0,0,0,0,0,0,0,0,0,0,0,0,0,0,0,0,0,0,0,0,0,0,0,1,0,0,0,0,0,0,0,0,0,0,0,0,0,0,1,0,0,0,0,0
banana republic factory,Search | Conversion | Brand,2026-01-25,4008.18,764478.89,102070.0,0,0,0,0,0,0,0,0,0,0,0,0,0,0,0,0,0,0,0,0,0,0,0,0,0,0,0,0,0,0,0,0,0,0,0,0,0,0,0,0,0,0,0
banana republic factory,Search | Conversion | Brand,2026-02-01,4594.75,745176.86,104651.0,0,0,0,0,0,0,0,0,0,0,0,0,0,0,0,0,0,0,0,0,0,0,0,0,0,0,0,0,0,0,0,0,0,0,0,0,0,0,0,0,0,0,0
banana republic factory,Search | Conversion | Brand,2026-02-08,4553.34,736107.32,99882.0,2,0,0,0,0,0,0,0,0,0,0,0,0,0,0,0,0,0,0,0,0,0,0,0,0,0,0,0,0,0,0,0,0,0,0,0,0,2,0,0,0,0,0
banana republic factory,Search | Conversion | Brand,2026-02-15,4899.139999999999,870700.42,110758.0,1,0,0,0,0,0,0,0,0,0,0,0,0,0,0,0,0,0,0,0,0,0,0,0,0,0,0,0,0,0,0,0,0,0,0,0,0,1,0,0,0,0,0
banana republic factory,Search | Conversion | Brand,2026-02-22,6462.69,1016170.8,114716.0,0,0,0,0,0,0,0,0,0,0,0,0,0,0,0,0,0,0,0,0,0,1,0,0,0,0,0,0,0,0,0,0,0,0,0,0,0,1,0,0,0,0,0
banana republic factory,Search | Conversion | Brand,2026-03-01,5419.77,929543.3200000001,119021.0,0,0,0,0,0,0,0,0,0,0,0,0,0,0,0,0,0,0,0,0,0,0,0,0,0,0,0,0,0,0,0,0,0,0,0,0,0,0,0,0,0,0,0
banana republic factory,Search | Conversion | Brand,2026-03-08,5370.98,1375225.85,144496.0,0,1,0,0,0,0,0,0,0,0,0,0,0,0,0,0,0,0,0,0,0,1,0,0,0,0,0,0,0,0,0,0,0,0,0,0,0,1,1,0,0,0,0
banana republic factory,Search | Conversion | Brand,2026-03-15,5919.7,1242529.19,144782.0,0,1,0,0,0,0,0,0,0,0,0,0,0,0,0,0,0,0,0,0,0,0,0,0,0,0,0,0,0,0,0,0,0,0,0,0,0,1,0,0,0,0,0
banana republic factory,Search | Conversion | Brand,2026-03-22,6707.98,1463806.45,148907.0,0,0,2,0,0,0,0,0,0,0,0,0,0,0,0,0,0,0,0,0,0,1,0,0,0,0,0,0,0,0,0,0,0,0,0,0,0,2,1,0,0,0,0
banana republic factory,Search | Conversion | Brand,2026-03-29,8041.32,1262046.6,143440.0,0,0,1,2,0,0,0,0,0,0,0,0,0,0,0,0,0,0,0,0,0,0,0,0,0,0,0,0,0,0,0,0,0,0,0,0,0,1,0,2,0,0,0
banana republic factory,Search | Conversion | Brand,2026-04-05,5820.41,944794.09,123338.0,0,0,0,1,0,0,0,0,0,0,0,0,0,0,0,0,0,0,0,0,0,0,0,0,0,0,0,0,0,0,0,0,0,0,0,0,0,0,0,1,0,0,0
banana republic factory,Search | Conversion | Brand,2026-04-12,6381.61,1249812.8,130315.0,0,0,0,0,0,0,0,0,0,0,0,0,0,0,0,0,0,0,0,0,0,1,0,0,0,0,0,0,0,0,0,0,0,0,0,0,0,1,0,0,0,0,0
banana republic factory,Search | Conversion | Brand,2026-04-19,6690.72,1011288.51,121505.0,0,0,0,0,0,0,0,0,0,0,0,0,0,0,0,0,0,0,0,0,0,0,0,0,0,0,0,0,0,0,0,0,0,0,0,0,0,0,0,0,0,0,0
banana republic factory,Search | Conversion | Brand,2026-04-26,6088.59,1096753.51,129502.0,0,0,0,0,0,2,0,0,0,0,0,0,0,0,0,0,0,0,0,0,0,1,0,0,0,0,0,0,0,0,0,0,0,0,0,0,0,1,0,0,2,0,0
banana republic factory,Search | Conversion | Brand,2026-05-03,5883.83,1011898.75,126273.0,0,0,0,0,0,1,0,0,0,0,0,0,0,0,0,0,0,0,0,0,0,0,0,0,0,0,0,0,0,0,0,0,0,0,0,0,0,0,0,0,1,0,0
banana republic factory,Search | Conversion | Brand,2026-05-10,8307.529999999999,1566539.5,151037.0,0,0,0,0,0,0,1,0,0,0,0,0,0,0,0,0,0,0,0,0,0,1,0,0,0,0,0,0,0,0,0,0,0,0,0,0,0,1,0,0,0,0,0
banana republic factory,Search | Conversion | Brand,2026-05-17,9075.92,1678080.57,167635.0,0,0,0,0,0,0,1,2,0,0,0,0,0,0,0,0,0,0,0,0,0,0,0,0,0,0,0,0,0,0,0,0,0,0,0,0,0,1,0,2,0,0,0
banana republic factory,Search | Conversion | Brand,2026-05-24,8274.36,1648780.98,168029.0,0,0,0,0,0,0,0,2,0,0,0,0,0,0,0,0,0,0,0,0,0,0,0,0,0,0,0,0,0,0,0,0,0,0,0,0,0,0,0,2,0,0,0
banana republic factory,Search | Conversion | Brand,2026-05-31,5693.1,1076393.38,137134.0,0,0,0,0,0,0,0,0,0,0,0,0,0,0,0,0,0,0,0,0,0,0,0,0,0,0,0,0,0,0,0,0,0,0,0,0,0,0,0,0,0,0,0
banana republic factory,Search | Conversion | Brand,2026-06-07,6164.71,1047754.0700000001,129834.0,0,0,0,0,0,0,0,0,0,0,0,0,0,0,0,0,0,0,0,0,0,0,0,0,0,0,0,0,0,0,0,0,0,0,0,0,0,0,0,0,0,0,0
banana republic factory,Search | Conversion | Brand,2026-06-14,5697.3099999999995,1027755.55,124512.0,0,0,0,0,0,0,0,0,1,0,0,0,0,0,0,0,0,0,0,0,0,0,0,0,0,0,0,0,0,0,0,0,0,0,0,0,0,1,0,0,0,0,0
banana republic factory,Search | Conversion | Brand,2026-06-21,5067.57,1028447.8,121381.0,0,0,0,0,0,0,0,0,2,1,0,0,0,0,0,0,0,0,0,0,0,0,0,0,0,0,0,0,0,0,0,0,0,0,0,0,0,2,0,1,0,0,0
banana republic factory,Search | Conversion | Brand,2026-06-28,4897.9,1059864.38,124355.0,0,0,0,0,0,0,0,0,0,2,0,0,0,0,0,0,0,0,0,0,0,0,0,0,0,0,0,0,0,0,0,0,0,0,0,0,0,0,0,2,0,0,0
banana republic factory,Search | Conversion | Brand,2026-07-05,5102.99,880711.21,114840.0,0,0,0,0,0,0,0,0,0,1,2,0,0,0,0,0,0,0,0,0,0,0,0,0,0,0,0,0,0,0,0,0,0,0,0,0,0,0,0,1,2,0,0
banana republic factory,Search | Conversion | Brand,2026-07-12,5403.57,933981.11,115171.0,0,0,0,0,0,0,0,0,0,0,1,0,0,0,0,0,0,0,0,0,0,0,0,0,0,0,0,0,0,0,0,0,0,0,0,0,0,0,0,0,1,0,0
banana republic factory,Search | Conversion | Brand,2026-07-19,6147.6900000000005,942261.49,115577.0,0,0,0,0,0,0,0,0,0,0,0,0,0,0,0,0,0,0,0,0,0,0,0,0,0,0,0,0,0,0,0,0,0,0,0,0,0,0,0,0,0,0,0
banana republic factory,Search | Conversion | Brand,2026-07-26,5889.9800000000005,1064360.49,122026.0,0,0,0,0,0,0,0,0,0,0,0,0,0,0,0,0,0,0,0,0,0,1,0,0,0,0,0,0,0,0,0,0,0,0,0,0,0,1,0,0,0,0,0
banana republic factory,Search | Conversion | Brand,2026-08-02,5432.05,884778.8300000001,116070.0,0,0,0,0,0,0,0,0,0,0,0,0,0,0,0,0,0,0,0,0,0,0,0,0,0,0,0,0,0,0,0,0,0,0,0,0,0,0,0,0,0,0,0
banana republic factory,Search | Conversion | Brand,2026-08-09,4756.2,926756.05,112523.0,0,0,0,0,0,0,0,0,0,0,0,0,0,0,0,0,0,0,0,0,0,0,0,0,0,0,0,0,0,0,0,0,0,0,0,0,0,0,0,0,0,0,0
banana republic factory,Search | Conversion | Brand,2026-08-16,5249.1,919693.36,113181.0,0,0,0,0,0,0,0,0,0,0,0,0,0,0,0,0,0,0,0,0,0,0,0,0,0,0,0,0,0,0,0,0,0,0,0,0,0,0,0,0,0,0,0
banana republic factory,Search | Conversion | Non Brand,2024-07-28,6693.41,15214.61,4184.0,0,0,0,0,0,0,0,0,0,0,0,0,0,0,0,0,0,0,0,0,0,0,0,0,0,0,0,0,0,0,0,0,0,0,0,0,0,0,0,0,0,0,0
banana republic factory,Search | Conversion | Non Brand,2024-08-04,23270.56,52751.05,13889.0,0,0,0,0,0,0,0,0,0,0,0,0,0,0,0,0,0,0,0,0,0,0,0,0,0,0,0,0,0,0,0,0,0,0,0,0,0,0,0,0,0,0,0
banana republic factory,Search | Conversion | Non Brand,2024-08-11,32816.42,74449.56,19442.0,0,0,0,0,0,0,0,0,0,0,0,0,0,0,0,0,0,0,0,0,0,0,0,0,0,0,0,0,0,0,0,0,0,0,0,0,0,0,0,0,0,0,0
banana republic factory,Search | Conversion | Non Brand,2024-08-18,58705.1,109753.64,29655.0,0,0,0,0,0,0,0,0,0,0,0,2,0,0,0,0,0,0,0,0,0,0,0,0,0,0,0,0,0,0,0,0,0,0,0,0,0,2,0,0,0,0,0
banana republic factory,Search | Conversion | Non Brand,2024-08-25,54516.49,117166.5,27845.0,0,0,0,0,0,0,0,0,0,0,0,1,2,0,0,0,0,0,0,0,0,0,0,0,0,0,0,0,0,0,0,0,0,0,0,0,0,2,0,0,0,0,0
banana republic factory,Search | Conversion | Non Brand,2024-09-01,64072.74,131409.44,32465.0,0,0,0,0,0,0,0,0,0,0,0,0,1,0,0,0,0,0,0,0,0,0,0,0,0,0,0,0,0,0,0,0,0,0,0,0,0,1,0,0,0,0,0
banana republic factory,Search | Conversion | Non Brand,2024-09-08,34242.32,82583.79999999999,21924.0,0,0,0,0,0,0,0,0,0,0,0,0,0,0,0,0,0,0,0,0,0,0,0,0,0,0,0,0,0,0,0,0,0,0,0,0,0,0,0,0,0,0,0
banana republic factory,Search | Conversion | Non Brand,2024-09-15,78496.3,147809.44,42079.0,0,2,0,0,0,0,0,0,0,0,0,0,0,0,0,0,0,0,0,0,0,0,0,0,0,0,0,0,0,0,0,0,0,0,0,0,0,2,0,0,0,0,0
banana republic factory,Search | Conversion | Non Brand,2024-09-22,58470.51,118079.52,33855.0,0,1,0,0,0,0,0,0,0,0,0,0,0,1,0,0,0,0,0,0,0,0,0,0,0,0,0,0,0,0,0,0,0,0,0,0,0,1,0,0,0,0,0
banana republic factory,Search | Conversion | Non Brand,2024-09-29,64677.99,133154.43,37551.0,0,0,0,0,0,0,0,0,0,0,0,0,0,2,0,0,0,0,0,0,0,0,0,0,0,0,0,0,0,0,0,0,0,0,0,0,0,2,0,0,0,0,0
banana republic factory,Search | Conversion | Non Brand,2024-10-06,41006.06,80256.73,25831.0,0,0,0,0,0,0,0,0,0,0,0,0,0,1,0,0,0,0,0,0,0,0,0,0,0,0,0,0,0,0,0,0,0,0,0,0,0,1,0,0,0,0,0
banana republic factory,Search | Conversion | Non Brand,2024-10-13,41847.68,82461.9,26432.0,0,0,0,0,0,0,0,0,0,0,0,0,0,0,0,0,0,0,0,0,0,0,0,0,0,0,0,0,0,0,0,0,0,0,0,0,0,0,0,0,0,0,0
banana republic factory,Search | Conversion | Non Brand,2024-10-20,40608.340000000004,77410.57,25954.0,0,0,0,0,0,1,0,0,0,0,0,0,0,0,0,0,0,0,0,0,0,0,0,0,0,0,0,0,0,0,0,0,0,0,0,0,0,0,0,0,1,0,0
banana republic factory,Search | Conversion | Non Brand,2024-10-27,44966.51,80816.56999999999,29845.0,0,0,0,0,0,2,0,0,0,0,0,0,0,0,1,0,0,0,0,0,0,0,0,0,0,0,0,0,0,0,0,0,0,0,0,0,0,1,0,0,2,0,0
banana republic factory,Search | Conversion | Non Brand,2024-11-03,68217.03,123927.51,40364.0,0,0,0,0,0,0,0,0,0,0,0,0,0,0,2,0,0,0,0,0,0,0,0,0,0,0,0,0,0,0,0,0,0,0,0,0,0,2,0,0,0,0,0
banana republic factory,Search | Conversion | Non Brand,2024-11-10,64559.2,137691.07,38059.0,0,0,0,0,0,0,0,0,0,0,0,0,0,0,1,0,0,0,0,0,0,0,0,0,0,0,0,0,0,0,0,0,0,0,0,0,0,1,0,0,0,0,0
banana republic factory,Search | Conversion | Non Brand,2024-11-17,74739.38,156203.41,41742.0,0,0,0,0,0,0,0,0,0,0,0,0,0,0,0,2,0,0,0,0,0,0,0,0,0,0,0,0,0,0,0,0,0,0,0,0,0,0,0,0,2,0,0
banana republic factory,Search | Conversion | Non Brand,2024-11-24,149095.18,312011.06,63317.0,0,0,0,0,0,0,0,0,0,0,0,0,0,0,0,1,2,0,0,0,0,0,0,0,0,0,0,0,0,0,0,0,0,0,0,0,0,0,0,0,2,0,0
banana republic factory,Search | Conversion | Non Brand,2024-12-01,186412.67,286657.97,72863.0,0,0,0,0,0,0,0,0,0,0,0,0,0,0,0,0,0,2,0,0,0,0,0,0,0,0,0,0,0,0,0,0,0,0,0,0,0,0,0,0,2,0,0
banana republic factory,Search | Conversion | Non Brand,2024-12-08,70267.45,101034.43,36873.0,0,0,0,0,0,0,0,0,0,0,0,0,0,0,0,0,0,0,2,0,0,0,0,0,0,0,0,0,0,0,0,0,0,0,0,0,0,0,0,2,0,0,0
banana republic factory,Search | Conversion | Non Brand,2024-12-15,53177.61,106245.35,30721.0,0,0,0,0,0,0,0,0,0,0,0,0,0,0,0,0,0,0,2,1,0,0,0,0,0,0,0,0,0,0,0,0,0,0,0,0,0,1,0,2,0,0,0
banana republic factory,Search | Conversion | Non Brand,2024-12-22,41522.270000000004,81376.86,26572.0,0,0,0,0,0,0,0,0,0,0,0,0,0,0,0,0,0,0,0,2,1,0,0,0,0,0,0,0,0,0,0,0,0,0,0,0,0,2,0,0,0,0,0
banana republic factory,Search | Conversion | Non Brand,2024-12-29,42649.57,82377.86,25406.0,0,0,0,0,0,0,0,0,0,0,0,0,0,0,0,0,0,0,0,0,2,0,0,0,0,0,0,0,0,0,0,0,0,0,0,0,0,2,0,0,0,0,0
banana republic factory,Search | Conversion | Non Brand,2025-01-05,20126.2,52841.44,14804.0,0,0,0,0,0,0,0,0,0,0,0,0,0,0,0,0,0,0,0,0,0,0,0,0,0,0,0,0,0,0,0,0,0,0,0,0,0,0,0,0,0,0,0
banana republic factory,Search | Conversion | Non Brand,2025-01-12,38014.46,74804.42,22267.0,0,0,0,0,0,0,0,0,0,0,0,0,0,0,0,0,0,0,0,0,0,0,0,0,0,0,0,0,0,0,0,0,0,0,0,0,0,0,0,0,0,0,0
banana republic factory,Search | Conversion | Non Brand,2025-01-19,33409.4,59000.909999999996,19489.0,0,0,0,0,0,0,0,0,0,0,0,0,0,0,0,0,0,0,0,0,0,0,0,0,0,0,0,0,0,0,0,0,0,0,0,0,0,0,0,0,0,0,0
banana republic factory,Search | Conversion | Non Brand,2025-01-26,32181.09,65478.8,20658.0,0,0,0,0,0,0,0,0,0,0,0,0,0,0,0,0,0,0,0,0,0,0,0,0,0,0,0,0,0,0,0,0,0,0,0,0,0,0,0,0,0,0,0
banana republic factory,Search | Conversion | Non Brand,2025-02-02,25302.41,56336.11,18710.0,0,0,0,0,0,0,0,0,0,0,0,0,0,0,0,0,0,0,0,0,0,0,0,0,0,0,0,0,0,0,0,0,0,0,0,0,0,0,0,0,0,0,0
banana republic factory,Search | Conversion | Non Brand,2025-02-09,29526.11,61574.799999999996,21773.0,2,0,0,0,0,0,0,0,0,0,0,0,0,0,0,0,0,0,0,0,0,0,0,0,0,0,0,0,0,0,0,0,0,0,0,0,0,2,0,0,0,0,0
banana republic factory,Search | Conversion | Non Brand,2025-02-16,34274.16,65261.06,26263.0,1,0,0,0,0,0,0,0,0,0,0,0,0,0,0,0,0,0,0,0,0,0,0,0,0,0,0,0,0,0,0,0,0,0,0,0,0,1,0,0,0,0,0
banana republic factory,Search | Conversion | Non Brand,2025-02-23,36361.909999999996,72145.61,28417.0,0,0,0,0,0,0,0,0,0,0,0,0,0,0,0,0,0,0,0,0,0,0,0,0,0,0,0,0,0,0,0,0,0,0,0,0,0,0,0,0,0,0,0
banana republic factory,Search | Conversion | Non Brand,2025-03-02,27907.49,58640.04,25847.0,0,0,0,0,0,0,0,0,0,0,0,0,0,0,0,0,0,0,0,0,0,0,0,0,0,0,0,0,0,0,0,0,0,0,0,0,0,0,0,0,0,0,0
banana republic factory,Search | Conversion | Non Brand,2025-03-09,32491.92,58075.98,31404.0,0,0,0,0,0,0,0,0,0,0,0,0,0,0,0,0,0,0,0,0,0,0,0,0,0,0,0,0,0,0,0,0,0,0,0,0,0,0,0,0,0,0,0
banana republic factory,Search | Conversion | Non Brand,2025-03-16,29811.84,44920.770000000004,41215.0,0,0,0,0,0,0,0,0,0,0,0,0,0,0,0,0,0,0,0,0,0,0,0,0,0,0,0,0,0,0,0,0,0,0,0,0,0,0,0,0,0,0,0
banana republic factory,Search | Conversion | Non Brand,2025-03-23,61969.3,95843.83,77076.0,0,2,0,0,0,0,0,0,0,0,0,0,0,0,0,0,0,0,0,0,0,0,0,0,0,0,0,0,0,0,0,0,0,0,0,0,0,2,0,0,0,0,0
banana republic factory,Search | Conversion | Non Brand,2025-03-30,39903.340000000004,79589.32,87332.0,0,1,0,0,0,0,0,0,0,0,0,0,0,0,0,0,0,0,0,0,0,0,0,0,0,0,0,0,0,0,0,0,0,0,0,0,0,1,0,0,0,0,0
banana republic factory,Search | Conversion | Non Brand,2025-04-06,41601.01,94459.61,34228.0,0,0,2,1,0,0,0,0,0,0,0,0,0,0,0,0,0,0,0,0,0,0,0,0,0,0,0,0,0,0,0,0,0,0,0,0,0,2,0,1,0,0,0
banana republic factory,Search | Conversion | Non Brand,2025-04-13,55880.47,124710.21,35821.0,0,0,0,2,0,0,0,0,0,0,0,0,0,0,0,0,0,0,0,0,0,0,0,0,0,0,0,0,0,0,0,0,0,0,0,0,0,0,0,2,0,0,0
banana republic factory,Search | Conversion | Non Brand,2025-04-20,55114.71,131890.02000000002,41523.0,0,0,0,1,0,0,0,0,0,0,0,0,0,0,0,0,0,0,0,0,0,0,0,0,0,0,0,0,0,0,0,0,0,0,0,0,0,0,0,1,0,0,0
banana republic factory,Search | Conversion | Non Brand,2025-04-27,59471.83,107466.72,40478.0,0,0,0,0,0,1,0,0,0,0,0,0,0,0,0,0,0,0,0,0,0,0,0,0,0,0,0,0,0,0,0,0,0,0,0,0,0,0,0,0,1,0,0
banana republic factory,Search | Conversion | Non Brand,2025-05-04,31390.73,54542.82,19644.0,0,0,0,0,0,2,0,0,0,0,0,0,0,0,0,0,0,0,0,0,0,0,0,0,0,0,0,0,0,0,0,0,0,0,0,0,0,0,0,0,2,0,0
banana republic factory,Search | Conversion | Non Brand,2025-05-11,51520.45,119766.73000000001,35052.0,0,0,0,0,0,0,1,0,0,0,0,0,0,0,0,0,0,0,0,0,0,1,0,0,0,0,0,0,0,0,0,0,0,0,0,0,0,1,0,0,0,0,0
banana republic factory,Search | Conversion | Non Brand,2025-05-18,75566.29000000001,166956.68,52247.0,0,0,0,0,0,0,1,2,0,0,0,0,0,0,0,0,0,0,0,0,0,0,0,0,0,0,0,0,0,0,0,0,0,0,0,0,0,1,0,2,0,0,0
banana republic factory,Search | Conversion | Non Brand,2025-05-25,82420.63,209143.02,52686.0,0,0,0,0,0,0,0,2,0,0,0,0,0,0,0,0,0,0,0,0,0,0,0,0,0,0,0,0,0,0,0,0,0,0,0,0,0,0,0,2,0,0,0
banana republic factory,Search | Conversion | Non Brand,2025-06-01,58305.9,129604.92,38837.0,0,0,0,0,0,0,0,1,0,0,0,0,0,0,0,0,0,0,0,0,0,0,0,0,0,0,0,0,0,0,0,0,0,0,0,0,0,0,0,1,0,0,0
banana republic factory,Search | Conversion | Non Brand,2025-06-08,65765.41,133876.86000000002,43844.0,0,0,0,0,0,0,0,0,0,0,0,0,0,0,0,0,0,0,0,0,0,0,0,0,0,0,0,0,0,0,0,0,0,0,0,0,0,0,0,0,0,0,0
banana republic factory,Search | Conversion | Non Brand,2025-06-15,51358.91,124828.19,37726.0,0,0,0,0,0,0,0,0,1,0,0,0,0,0,0,0,0,0,0,0,0,0,0,0,0,0,0,0,0,0,0,0,0,0,0,0,0,1,0,0,0,0,0
banana republic factory,Search | Conversion | Non Brand,2025-06-22,78182.63,162775.41,53479.0,0,0,0,0,0,0,0,0,2,1,0,0,0,0,0,0,0,0,0,0,0,0,0,0,0,0,0,0,0,0,0,0,0,0,0,0,0,2,0,1,0,0,0
banana republic factory,Search | Conversion | Non Brand,2025-06-29,99831.36,177201.01,80348.0,0,0,0,0,0,0,0,0,0,2,0,0,0,0,0,0,0,0,0,0,0,0,0,0,0,0,0,0,0,0,0,0,0,0,0,0,0,0,0,2,0,0,0
banana republic factory,Search | Conversion | Non Brand,2025-07-06,38000.24,95288.51,30601.0,0,0,0,0,0,0,0,0,0,1,2,0,0,0,0,0,0,0,0,0,0,0,0,0,0,0,0,0,0,0,0,0,0,0,0,0,0,0,0,1,2,0,0
banana republic factory,Search | Conversion | Non Brand,2025-07-13,55641.18,117136.63,42800.0,0,0,0,0,0,0,0,0,0,0,1,0,0,0,0,0,0,0,0,0,0,0,0,0,0,0,0,0,0,0,0,0,0,0,0,0,0,0,0,0,1,0,0
banana republic factory,Search | Conversion | Non Brand,2025-07-20,51580.66,114212.33,41696.0,0,0,0,0,0,0,0,0,0,0,0,0,0,0,0,0,0,0,0,0,0,0,0,0,0,0,0,0,0,0,0,0,0,0,0,0,0,0,0,0,0,0,0
banana republic factory,Search | Conversion | Non Brand,2025-07-27,37364.07,102113.97,30640.0,0,0,0,0,0,0,0,0,0,0,0,0,0,0,0,0,0,0,0,0,0,1,0,0,0,0,0,0,0,0,0,0,0,0,0,0,0,1,0,0,0,0,0
banana republic factory,Search | Conversion | Non Brand,2025-08-03,43099.31,100397.57,30879.0,0,0,0,0,0,0,0,0,0,0,0,0,0,0,0,0,0,0,0,0,0,0,0,0,0,0,0,0,0,0,0,0,0,0,0,0,0,0,0,0,0,0,0
banana republic factory,Search | Conversion | Non Brand,2025-08-10,47286.71,131149.99,34898.0,0,0,0,0,0,0,0,0,0,0,0,0,0,0,0,0,0,0,0,0,0,0,0,0,0,0,0,0,0,0,0,0,0,0,0,0,0,0,0,0,0,0,0
banana republic factory,Search | Conversion | Non Brand,2025-08-17,74931.84,191431.26,49881.0,0,0,0,0,0,0,0,0,0,0,0,2,0,0,0,0,0,0,0,0,0,0,0,0,0,0,0,0,0,0,0,0,0,0,0,0,0,2,0,0,0,0,0
banana republic factory,Search | Conversion | Non Brand,2025-08-24,77226.48,226106.3,52623.0,0,0,0,0,0,0,0,0,0,0,0,1,2,0,0,0,0,0,0,0,0,0,0,0,0,0,0,0,0,0,0,0,0,0,0,0,0,1,0,2,0,0,0
banana republic factory,Search | Conversion | Non Brand,2025-08-31,72402.78,201465.3,48709.0,0,0,0,0,0,0,0,0,0,0,0,0,1,0,0,0,0,0,0,0,0,0,0,0,0,0,0,0,0,0,0,0,0,0,0,0,0,0,0,1,0,0,0
banana republic factory,Search | Conversion | Non Brand,2025-09-07,55947.33,150022.38,37468.0,0,1,0,0,0,0,0,0,0,0,0,0,0,0,0,0,0,0,0,0,0,0,0,0,0,0,0,0,0,0,0,0,0,0,0,0,0,1,0,0,0,0,0
banana republic factory,Search | Conversion | Non Brand,2025-09-14,72744.61,165321.56,45462.0,0,2,0,0,0,0,0,0,0,0,0,0,0,0,0,0,0,0,0,0,0,0,0,0,0,0,0,0,0,0,0,0,0,0,0,0,0,2,0,0,0,0,0
banana republic factory,Search | Conversion | Non Brand,2025-09-21,48045.35,103741.04000000001,31576.0,0,1,0,0,0,0,0,0,0,0,0,0,0,0,0,0,0,0,0,0,0,0,0,0,0,0,0,0,0,0,0,0,0,0,0,0,0,1,0,0,0,0,0
banana republic factory,Search | Conversion | Non Brand,2025-09-28,58283.99,128706.77,38370.0,0,0,0,0,0,0,0,0,0,0,0,0,0,0,0,0,0,0,0,0,0,0,0,0,0,0,0,0,0,0,0,0,0,0,0,0,0,0,0,0,0,0,0
banana republic factory,Search | Conversion | Non Brand,2025-10-05,89913.07,220949.51,58269.0,0,0,0,0,0,0,0,0,0,0,0,0,0,2,0,0,0,0,0,0,0,0,0,0,0,0,0,0,0,0,0,0,0,0,0,0,0,2,0,0,0,0,0
banana republic factory,Search | Conversion | Non Brand,2025-10-12,104236.52,246750.89,64732.0,0,0,0,0,0,0,0,0,0,0,0,0,0,1,0,0,0,0,0,0,0,0,0,0,0,0,0,0,0,0,0,0,0,0,0,0,0,1,0,0,0,0,0
banana republic factory,Search | Conversion | Non Brand,2025-10-19,109282.36,238273.47,64592.0,0,0,0,0,0,1,0,0,0,0,0,0,0,0,0,0,0,0,0,0,0,0,0,0,0,0,0,0,0,0,0,0,0,0,0,0,0,0,0,0,1,0,0
banana republic factory,Search | Conversion | Non Brand,2025-10-26,67736.97,155853.78,43992.0,0,0,0,0,0,2,0,0,0,0,0,0,0,0,1,0,0,0,0,0,0,0,0,0,0,0,0,0,0,0,0,0,0,0,0,0,0,1,0,0,2,0,0
banana republic factory,Search | Conversion | Non Brand,2025-11-02,84124.53,210755.03,54988.0,0,0,0,0,0,0,0,0,0,0,0,0,0,0,2,0,0,0,0,0,0,0,0,0,0,0,0,0,0,0,0,0,0,0,0,0,0,2,0,0,0,0,0
banana republic factory,Search | Conversion | Non Brand,2025-11-09,69170.29000000001,204834.37,51238.0,0,0,0,0,0,0,0,0,0,0,0,0,0,0,1,0,0,0,0,0,0,0,0,0,0,0,0,0,0,0,0,0,0,0,0,0,0,1,0,0,0,0,0
banana republic factory,Search | Conversion | Non Brand,2025-11-16,108794.42,302251.06,72322.0,0,0,0,0,0,0,0,0,0,0,0,0,0,0,0,2,0,0,0,0,0,0,0,0,0,0,0,0,0,0,0,0,0,0,0,0,0,0,0,0,2,0,0
banana republic factory,Search | Conversion | Non Brand,2025-11-23,230389.51,544555.97,116798.0,0,0,0,0,0,0,0,0,0,0,0,0,0,0,0,1,2,0,0,0,0,0,0,0,0,0,0,0,0,0,0,0,0,0,0,0,0,0,0,0,2,0,0
banana republic factory,Search | Conversion | Non Brand,2025-11-30,151376.03,362461.84,81953.0,0,0,0,0,0,0,0,0,0,0,0,0,0,0,0,0,0,2,0,0,0,0,0,0,0,0,0,0,0,0,0,0,0,0,0,0,0,0,0,0,2,0,0
banana republic factory,Search | Conversion | Non Brand,2025-12-07,66855.08,183179.22,45851.0,0,0,0,0,0,0,0,0,0,0,0,0,0,0,0,0,0,0,2,0,0,0,0,0,0,0,0,0,0,0,0,0,0,0,0,0,0,0,0,2,0,0,0
banana republic factory,Search | Conversion | Non Brand,2025-12-14,83367.6,205440.04,54405.0,0,0,0,0,0,0,0,0,0,0,0,0,0,0,0,0,0,0,2,1,0,0,0,0,0,0,0,0,0,0,0,0,0,0,0,0,0,1,0,2,0,0,0
banana republic factory,Search | Conversion | Non Brand,2025-12-21,51150.83,113165.93,40586.0,0,0,0,0,0,0,0,0,0,0,0,0,0,0,0,0,0,0,0,2,1,0,0,0,0,0,0,0,0,0,0,0,0,0,0,0,0,2,0,0,0,0,0
banana republic factory,Search | Conversion | Non Brand,2025-12-28,61261.96,145678.7,45631.0,0,0,0,0,0,0,0,0,0,0,0,0,0,0,0,0,0,0,0,0,2,0,0,0,0,0,0,0,0,0,0,0,0,0,0,0,0,2,0,0,0,0,0
banana republic factory,Search | Conversion | Non Brand,2026-01-04,66555.86,158100.1,47777.0,0,0,0,0,0,0,0,0,0,0,0,0,0,0,0,0,0,0,0,0,1,0,0,0,0,0,0,0,0,0,0,0,0,0,0,0,0,1,0,0,0,0,0
banana republic factory,Search | Conversion | Non Brand,2026-01-11,74291.9,180735.74,53808.0,0,0,0,0,0,0,0,0,0,0,0,0,0,0,0,0,0,0,0,0,0,0,1,0,0,0,0,0,0,0,0,0,0,0,0,0,0,1,0,0,0,0,0
banana republic factory,Search | Conversion | Non Brand,2026-01-18,57989.35,153749.09,46124.0,0,0,0,0,0,0,0,0,0,0,0,0,0,0,0,0,0,0,0,0,0,0,1,0,0,0,0,0,0,0,0,0,0,0,0,0,0,1,0,0,0,0,0
banana republic factory,Search | Conversion | Non Brand,2026-01-25,61655.17,179478.5,48904.0,0,0,0,0,0,0,0,0,0,0,0,0,0,0,0,0,0,0,0,0,0,0,0,0,0,0,0,0,0,0,0,0,0,0,0,0,0,0,0,0,0,0,0
banana republic factory,Search | Conversion | Non Brand,2026-02-01,50127.81,160084.83,41974.0,0,0,0,0,0,0,0,0,0,0,0,0,0,0,0,0,0,0,0,0,0,0,0,0,0,0,0,0,0,0,0,0,0,0,0,0,0,0,0,0,0,0,0
banana republic factory,Search | Conversion | Non Brand,2026-02-08,47601.770000000004,128555.32,37769.0,2,0,0,0,0,0,0,0,0,0,0,0,0,0,0,0,0,0,0,0,0,0,0,0,0,0,0,0,0,0,0,0,0,0,0,0,0,2,0,0,0,0,0
banana republic factory,Search | Conversion | Non Brand,2026-02-15,49113.97,146766.02,38736.0,1,0,0,0,0,0,0,0,0,0,0,0,0,0,0,0,0,0,0,0,0,0,0,0,0,0,0,0,0,0,0,0,0,0,0,0,0,1,0,0,0,0,0
banana republic factory,Search | Conversion | Non Brand,2026-02-22,41932.09,143968.42,35760.0,0,0,0,0,0,0,0,0,0,0,0,0,0,0,0,0,0,0,0,0,0,1,0,0,0,0,0,0,0,0,0,0,0,0,0,0,0,1,0,0,0,0,0
banana republic factory,Search | Conversion | Non Brand,2026-03-01,36187.35,122541.24,34035.0,0,0,0,0,0,0,0,0,0,0,0,0,0,0,0,0,0,0,0,0,0,0,0,0,0,0,0,0,0,0,0,0,0,0,0,0,0,0,0,0,0,0,0
banana republic factory,Search | Conversion | Non Brand,2026-03-08,65611.54,194543.74,50801.0,0,1,0,0,0,0,0,0,0,0,0,0,0,0,0,0,0,0,0,0,0,1,0,0,0,0,0,0,0,0,0,0,0,0,0,0,0,1,1,0,0,0,0
banana republic factory,Search | Conversion | Non Brand,2026-03-15,57693.53,147364.77,45799.0,0,1,0,0,0,0,0,0,0,0,0,0,0,0,0,0,0,0,0,0,0,0,0,0,0,0,0,0,0,0,0,0,0,0,0,0,0,1,0,0,0,0,0
banana republic factory,Search | Conversion | Non Brand,2026-03-22,74332.18,209560.63,56415.0,0,0,2,0,0,0,0,0,0,0,0,0,0,0,0,0,0,0,0,0,0,1,0,0,0,0,0,0,0,0,0,0,0,0,0,0,0,2,1,0,0,0,0
banana republic factory,Search | Conversion | Non Brand,2026-03-29,72369.29000000001,189897.57,56749.0,0,0,1,2,0,0,0,0,0,0,0,0,0,0,0,0,0,0,0,0,0,0,0,0,0,0,0,0,0,0,0,0,0,0,0,0,0,1,0,2,0,0,0
banana republic factory,Search | Conversion | Non Brand,2026-04-05,56018.93,170466.98,48179.0,0,0,0,1,0,0,0,0,0,0,0,0,0,0,0,0,0,0,0,0,0,0,0,0,0,0,0,0,0,0,0,0,0,0,0,0,0,0,0,1,0,0,0
banana republic factory,Search | Conversion | Non Brand,2026-04-12,72734.36,232361.21000000002,62854.0,0,0,0,0,0,0,0,0,0,0,0,0,0,0,0,0,0,0,0,0,0,1,0,0,0,0,0,0,0,0,0,0,0,0,0,0,0,1,0,0,0,0,0
banana republic factory,Search | Conversion | Non Brand,2026-04-19,80920.07,194751.36,64275.0,0,0,0,0,0,0,0,0,0,0,0,0,0,0,0,0,0,0,0,0,0,0,0,0,0,0,0,0,0,0,0,0,0,0,0,0,0,0,0,0,0,0,0
banana republic factory,Search | Conversion | Non Brand,2026-04-26,83000.87,192098.65,64455.0,0,0,0,0,0,2,0,0,0,0,0,0,0,0,0,0,0,0,0,0,0,1,0,0,0,0,0,0,0,0,0,0,0,0,0,0,0,1,0,0,2,0,0
banana republic factory,Search | Conversion | Non Brand,2026-05-03,46858.6,143530.2,42111.0,0,0,0,0,0,1,0,0,0,0,0,0,0,0,0,0,0,0,0,0,0,0,0,0,0,0,0,0,0,0,0,0,0,0,0,0,0,0,0,0,1,0,0
banana republic factory,Search | Conversion | Non Brand,2026-05-10,53517.85,199244.68,49225.0,0,0,0,0,0,0,1,0,0,0,0,0,0,0,0,0,0,0,0,0,0,1,0,0,0,0,0,0,0,0,0,0,0,0,0,0,0,1,0,0,0,0,0
banana republic factory,Search | Conversion | Non Brand,2026-05-17,74663.04,265943.51,68231.0,0,0,0,0,0,0,1,2,0,0,0,0,0,0,0,0,0,0,0,0,0,0,0,0,0,0,0,0,0,0,0,0,0,0,0,0,0,1,0,2,0,0,0
banana republic factory,Search | Conversion | Non Brand,2026-05-24,75906.48999999999,269101.34,68819.0,0,0,0,0,0,0,0,2,0,0,0,0,0,0,0,0,0,0,0,0,0,0,0,0,0,0,0,0,0,0,0,0,0,0,0,0,0,0,0,2,0,0,0
banana republic factory,Search | Conversion | Non Brand,2026-05-31,48267.240000000005,166812.31,50280.0,0,0,0,0,0,0,0,0,0,0,0,0,0,0,0,0,0,0,0,0,0,0,0,0,0,0,0,0,0,0,0,0,0,0,0,0,0,0,0,0,0,0,0
banana republic factory,Search | Conversion | Non Brand,2026-06-07,40899.91,150430.48,41138.0,0,0,0,0,0,0,0,0,0,0,0,0,0,0,0,0,0,0,0,0,0,0,0,0,0,0,0,0,0,0,0,0,0,0,0,0,0,0,0,0,0,0,0
banana republic factory,Search | Conversion | Non Brand,2026-06-14,45403.75,159769.1,44762.0,0,0,0,0,0,0,0,0,1,0,0,0,0,0,0,0,0,0,0,0,0,0,0,0,0,0,0,0,0,0,0,0,0,0,0,0,0,1,0,0,0,0,0
banana republic factory,Search | Conversion | Non Brand,2026-06-21,50559.55,157848.56,45086.0,0,0,0,0,0,0,0,0,2,1,0,0,0,0,0,0,0,0,0,0,0,0,0,0,0,0,0,0,0,0,0,0,0,0,0,0,0,2,0,1,0,0,0
banana republic factory,Search | Conversion | Non Brand,2026-06-28,74484.85,214847.06,60808.0,0,0,0,0,0,0,0,0,0,2,0,0,0,0,0,0,0,0,0,0,0,0,0,0,0,0,0,0,0,0,0,0,0,0,0,0,0,0,0,2,0,0,0
banana republic factory,Search | Conversion | Non Brand,2026-07-05,50568.43,166376.83,45318.0,0,0,0,0,0,0,0,0,0,1,2,0,0,0,0,0,0,0,0,0,0,0,0,0,0,0,0,0,0,0,0,0,0,0,0,0,0,0,0,1,2,0,0
banana republic factory,Search | Conversion | Non Brand,2026-07-12,54407.95,171519.71,51062.0,0,0,0,0,0,0,0,0,0,0,1,0,0,0,0,0,0,0,0,0,0,0,0,0,0,0,0,0,0,0,0,0,0,0,0,0,0,0,0,0,1,0,0
banana republic factory,Search | Conversion | Non Brand,2026-07-19,66468.02,207531.28,59282.0,0,0,0,0,0,0,0,0,0,0,0,0,0,0,0,0,0,0,0,0,0,0,0,0,0,0,0,0,0,0,0,0,0,0,0,0,0,0,0,0,0,0,0
banana republic factory,Search | Conversion | Non Brand,2026-07-26,72972.64,226532.45,58905.0,0,0,0,0,0,0,0,0,0,0,0,0,0,0,0,0,0,0,0,0,0,1,0,0,0,0,0,0,0,0,0,0,0,0,0,0,0,1,0,0,0,0,0
banana republic factory,Search | Conversion | Non Brand,2026-08-02,42880.15,157250.94,41416.0,0,0,0,0,0,0,0,0,0,0,0,0,0,0,0,0,0,0,0,0,0,0,0,0,0,0,0,0,0,0,0,0,0,0,0,0,0,0,0,0,0,0,0
banana republic factory,Search | Conversion | Non Brand,2026-08-09,54635.82,175203.16,48754.0,0,0,0,0,0,0,0,0,0,0,0,0,0,0,0,0,0,0,0,0,0,0,0,0,0,0,0,0,0,0,0,0,0,0,0,0,0,0,0,0,0,0,0
banana republic factory,Search | Conversion | Non Brand,2026-08-16,51992.04,168099.97,46467.0,0,0,0,0,0,0,0,0,0,0,0,0,0,0,0,0,0,0,0,0,0,0,0,0,0,0,0,0,0,0,0,0,0,0,0,0,0,0,0,0,0,0,0
banana republic factory,Search | Conversion | PLA,2024-07-28,127188.97,460920.95,159585.0,0,0,0,0,0,0,0,0,0,0,0,0,0,0,0,0,0,0,0,0,0,0,0,0,0,0,0,0,0,0,0,0,0,0,0,0,0,0,0,0,0,0,0
banana republic factory,Search | Conversion | PLA,2024-08-04,211830.94,1066471.41,321481.0,0,0,0,0,0,0,0,0,0,0,0,0,0,0,0,0,0,0,0,0,0,0,0,0,0,0,0,0,0,0,0,0,0,0,0,0,0,0,0,0,0,0,0
banana republic factory,Search | Conversion | PLA,2024-08-11,261961.33000000002,1218558.1,357081.0,0,0,0,0,0,0,0,0,0,0,0,0,0,0,0,0,0,0,0,0,0,0,0,0,0,0,0,0,0,0,0,0,0,0,0,0,0,0,0,0,0,0,0
banana republic factory,Search | Conversion | PLA,2024-08-18,400143.17000000004,1778335.23,505372.0,0,0,0,0,0,0,0,0,0,0,0,2,0,0,0,0,0,0,0,0,0,0,0,0,0,0,0,0,0,0,0,0,0,0,0,0,0,2,0,0,0,0,0
banana republic factory,Search | Conversion | PLA,2024-08-25,410271.85,1891937.14,520820.0,0,0,0,0,0,0,0,0,0,0,0,1,2,0,0,0,0,0,0,0,0,0,0,0,0,0,0,0,0,0,0,0,0,0,0,0,0,2,0,0,0,0,0
banana republic factory,Search | Conversion | PLA,2024-09-01,388932.14,1712394.41,468501.0,0,0,0,0,0,0,0,0,0,0,0,0,1,0,0,0,0,0,0,0,0,0,0,0,0,0,0,0,0,0,0,0,0,0,0,0,0,1,0,0,0,0,0
banana republic factory,Search | Conversion | PLA,2024-09-08,232104.5,1218606.18,345020.0,0,0,0,0,0,0,0,0,0,0,0,0,0,0,0,0,0,0,0,0,0,0,0,0,0,0,0,0,0,0,0,0,0,0,0,0,0,0,0,0,0,0,0
banana republic factory,Search | Conversion | PLA,2024-09-15,403214.03,1663881.21,478197.0,0,2,0,0,0,0,0,0,0,0,0,0,0,0,0,0,0,0,0,0,0,0,0,0,0,0,0,0,0,0,0,0,0,0,0,0,0,2,0,0,0,0,0
banana republic factory,Search | Conversion | PLA,2024-09-22,323829.17,1425823.73,384537.0,0,1,0,0,0,0,0,0,0,0,0,0,0,1,0,0,0,0,0,0,0,0,0,0,0,0,0,0,0,0,0,0,0,0,0,0,0,1,0,0,0,0,0
banana republic factory,Search | Conversion | PLA,2024-09-29,338811.70999999996,1868766.21,447760.0,0,0,0,0,0,0,0,0,0,0,0,0,0,2,0,0,0,0,0,0,0,0,0,0,0,0,0,0,0,0,0,0,0,0,0,0,0,2,0,0,0,0,0
banana republic factory,Search | Conversion | PLA,2024-10-06,235082.47999999998,1413660.5,349522.0,0,0,0,0,0,0,0,0,0,0,0,0,0,1,0,0,0,0,0,0,0,0,0,0,0,0,0,0,0,0,0,0,0,0,0,0,0,1,0,0,0,0,0
banana republic factory,Search | Conversion | PLA,2024-10-13,293439.33,1695004.51,423043.0,0,0,0,0,0,0,0,0,0,0,0,0,0,0,0,0,0,0,0,0,0,0,0,0,0,0,0,0,0,0,0,0,0,0,0,0,0,0,0,0,0,0,0
banana republic factory,Search | Conversion | PLA,2024-10-20,306758.11,1494313.24,420459.0,0,0,0,0,0,1,0,0,0,0,0,0,0,0,0,0,0,0,0,0,0,0,0,0,0,0,0,0,0,0,0,0,0,0,0,0,0,0,0,0,1,0,0
banana republic factory,Search | Conversion | PLA,2024-10-27,300911.02,1518922.15,401905.0,0,0,0,0,0,2,0,0,0,0,0,0,0,0,1,0,0,0,0,0,0,0,0,0,0,0,0,0,0,0,0,0,0,0,0,0,0,1,0,0,2,0,0
banana republic factory,Search | Conversion | PLA,2024-11-03,469707.77,2194710.33,555033.0,0,0,0,0,0,0,0,0,0,0,0,0,0,0,2,0,0,0,0,0,0,0,0,0,0,0,0,0,0,0,0,0,0,0,0,0,0,2,0,0,0,0,0
banana republic factory,Search | Conversion | PLA,2024-11-10,614669.36,2642068.19,687134.0,0,0,0,0,0,0,0,0,0,0,0,0,0,0,1,0,0,0,0,0,0,0,0,0,0,0,0,0,0,0,0,0,0,0,0,0,0,1,0,0,0,0,0
banana republic factory,Search | Conversion | PLA,2024-11-17,786393.65,3700191.52,936430.0,0,0,0,0,0,0,0,0,0,0,0,0,0,0,0,2,0,0,0,0,0,0,0,0,0,0,0,0,0,0,0,0,0,0,0,0,0,0,0,0,2,0,0
banana republic factory,Search | Conversion | PLA,2024-11-24,1223732.48,5102132.95,1136011.0,0,0,0,0,0,0,0,0,0,0,0,0,0,0,0,1,2,0,0,0,0,0,0,0,0,0,0,0,0,0,0,0,0,0,0,0,0,0,0,0,2,0,0
banana republic factory,Search | Conversion | PLA,2024-12-01,1026665.1599999999,3494204.55,865958.0,0,0,0,0,0,0,0,0,0,0,0,0,0,0,0,0,0,2,0,0,0,0,0,0,0,0,0,0,0,0,0,0,0,0,0,0,0,0,0,0,2,0,0
banana republic factory,Search | Conversion | PLA,2024-12-08,440379.45,2170249.82,576045.0,0,0,0,0,0,0,0,0,0,0,0,0,0,0,0,0,0,0,2,0,0,0,0,0,0,0,0,0,0,0,0,0,0,0,0,0,0,0,0,2,0,0,0
banana republic factory,Search | Conversion | PLA,2024-12-15,267971.97,1644699.68,422575.0,0,0,0,0,0,0,0,0,0,0,0,0,0,0,0,0,0,0,2,1,0,0,0,0,0,0,0,0,0,0,0,0,0,0,0,0,0,1,0,2,0,0,0
banana republic factory,Search | Conversion | PLA,2024-12-22,220235.94,1327492.84,392304.0,0,0,0,0,0,0,0,0,0,0,0,0,0,0,0,0,0,0,0,2,1,0,0,0,0,0,0,0,0,0,0,0,0,0,0,0,0,2,0,0,0,0,0
banana republic factory,Search | Conversion | PLA,2024-12-29,212984.39,1249582.34,369341.0,0,0,0,0,0,0,0,0,0,0,0,0,0,0,0,0,0,0,0,0,2,0,0,0,0,0,0,0,0,0,0,0,0,0,0,0,0,2,0,0,0,0,0
banana republic factory,Search | Conversion | PMAX,2025-01-26,15423.54,100048.88,26194.0,0,0,0,0,0,0,0,0,0,0,0,0,0,0,0,0,0,0,0,0,0,0,0,0,0,0,0,0,0,0,0,0,0,0,0,0,0,0,0,0,0,0,0
banana republic factory,Search | Conversion | PMAX,2025-02-02,67714.89,305341.74,85897.0,0,0,0,0,0,0,0,0,0,0,0,0,0,0,0,0,0,0,0,0,0,0,0,0,0,0,0,0,0,0,0,0,0,0,0,0,0,0,0,0,0,0,0
banana republic factory,Search | Conversion | PMAX,2025-02-09,97803.75,418231.99,113830.0,2,0,0,0,0,0,0,0,0,0,0,0,0,0,0,0,0,0,0,0,0,0,0,0,0,0,0,0,0,0,0,0,0,0,0,0,0,2,0,0,0,0,0
banana republic factory,Search | Conversion | PMAX,2025-02-16,100562.39,462796.43,120140.0,1,0,0,0,0,0,0,0,0,0,0,0,0,0,0,0,0,0,0,0,0,0,0,0,0,0,0,0,0,0,0,0,0,0,0,0,0,1,0,0,0,0,0
banana republic factory,Search | Conversion | PMAX,2025-02-23,77758.62,475164.44,112240.0,0,0,0,0,0,0,0,0,0,0,0,0,0,0,0,0,0,0,0,0,0,0,0,0,0,0,0,0,0,0,0,0,0,0,0,0,0,0,0,0,0,0,0
banana republic factory,Search | Conversion | PMAX,2025-03-02,92729.88,611735.68,143551.0,0,0,0,0,0,0,0,0,0,0,0,0,0,0,0,0,0,0,0,0,0,0,0,0,0,0,0,0,0,0,0,0,0,0,0,0,0,0,0,0,0,0,0
banana republic factory,Search | Conversion | PMAX,2025-03-09,108439.95999999999,696091.05,148494.0,0,0,0,0,0,0,0,0,0,0,0,0,0,0,0,0,0,0,0,0,0,0,0,0,0,0,0,0,0,0,0,0,0,0,0,0,0,0,0,0,0,0,0
banana republic factory,Search | Conversion | PMAX,2025-03-16,148209.41,807720.54,179396.0,0,0,0,0,0,0,0,0,0,0,0,0,0,0,0,0,0,0,0,0,0,0,0,0,0,0,0,0,0,0,0,0,0,0,0,0,0,0,0,0,0,0,0
banana republic factory,Search | Conversion | PMAX,2025-03-23,212737.26,1175041.03,252893.0,0,2,0,0,0,0,0,0,0,0,0,0,0,0,0,0,0,0,0,0,0,0,0,0,0,0,0,0,0,0,0,0,0,0,0,0,0,2,0,0,0,0,0
banana republic factory,Search | Conversion | PMAX,2025-03-30,172748.46,1063537.66,226812.0,0,1,0,0,0,0,0,0,0,0,0,0,0,0,0,0,0,0,0,0,0,0,0,0,0,0,0,0,0,0,0,0,0,0,0,0,0,1,0,0,0,0,0
banana republic factory,Search | Conversion | PMAX,2025-04-06,222198.05,1368595.34,261485.0,0,0,2,1,0,0,0,0,0,0,0,0,0,0,0,0,0,0,0,0,0,0,0,0,0,0,0,0,0,0,0,0,0,0,0,0,0,2,0,1,0,0,0
banana republic factory,Search | Conversion | PMAX,2025-04-13,169400.18,1205431.61,234030.0,0,0,0,2,0,0,0,0,0,0,0,0,0,0,0,0,0,0,0,0,0,0,0,0,0,0,0,0,0,0,0,0,0,0,0,0,0,0,0,2,0,0,0
banana republic factory,Search | Conversion | PMAX,2025-04-20,135282.07,1015605.71,191914.0,0,0,0,1,0,0,0,0,0,0,0,0,0,0,0,0,0,0,0,0,0,0,0,0,0,0,0,0,0,0,0,0,0,0,0,0,0,0,0,1,0,0,0
banana republic factory,Search | Conversion | PMAX,2025-04-27,245661.39,1258875.44,290361.0,0,0,0,0,0,1,0,0,0,0,0,0,0,0,0,0,0,0,0,0,0,0,0,0,0,0,0,0,0,0,0,0,0,0,0,0,0,0,0,0,1,0,0
banana republic factory,Search | Conversion | PMAX,2025-05-04,108463.83,876758.79,197504.0,0,0,0,0,0,2,0,0,0,0,0,0,0,0,0,0,0,0,0,0,0,0,0,0,0,0,0,0,0,0,0,0,0,0,0,0,0,0,0,0,2,0,0
banana republic factory,Search | Conversion | PMAX,2025-05-11,114726.88,880786.79,180912.0,0,0,0,0,0,0,1,0,0,0,0,0,0,0,0,0,0,0,0,0,0,1,0,0,0,0,0,0,0,0,0,0,0,0,0,0,0,1,0,0,0,0,0
banana republic factory,Search | Conversion | PMAX,2025-05-18,75838.08,853024.59,153530.0,0,0,0,0,0,0,1,2,0,0,0,0,0,0,0,0,0,0,0,0,0,0,0,0,0,0,0,0,0,0,0,0,0,0,0,0,0,1,0,2,0,0,0
banana republic factory,Search | Conversion | PMAX,2025-05-25,111530.27,950422.63,186350.0,0,0,0,0,0,0,0,2,0,0,0,0,0,0,0,0,0,0,0,0,0,0,0,0,0,0,0,0,0,0,0,0,0,0,0,0,0,0,0,2,0,0,0
banana republic factory,Search | Conversion | PMAX,2025-06-01,73193.94,654224.48,138252.0,0,0,0,0,0,0,0,1,0,0,0,0,0,0,0,0,0,0,0,0,0,0,0,0,0,0,0,0,0,0,0,0,0,0,0,0,0,0,0,1,0,0,0
banana republic factory,Search | Conversion | PMAX,2025-06-08,48609.990000000005,474507.37,97306.0,0,0,0,0,0,0,0,0,0,0,0,0,0,0,0,0,0,0,0,0,0,0,0,0,0,0,0,0,0,0,0,0,0,0,0,0,0,0,0,0,0,0,0
banana republic factory,Search | Conversion | PMAX,2025-06-15,61836.68,611880.05,121090.0,0,0,0,0,0,0,0,0,1,0,0,0,0,0,0,0,0,0,0,0,0,0,0,0,0,0,0,0,0,0,0,0,0,0,0,0,0,1,0,0,0,0,0
banana republic factory,Search | Conversion | PMAX,2025-06-22,89646.01,593705.0,119421.0,0,0,0,0,0,0,0,0,2,1,0,0,0,0,0,0,0,0,0,0,0,0,0,0,0,0,0,0,0,0,0,0,0,0,0,0,0,2,0,1,0,0,0
banana republic factory,Search | Conversion | PMAX,2025-06-29,93704.45999999999,583976.26,113566.0,0,0,0,0,0,0,0,0,0,2,0,0,0,0,0,0,0,0,0,0,0,0,0,0,0,0,0,0,0,0,0,0,0,0,0,0,0,0,0,2,0,0,0
banana republic factory,Search | Conversion | PMAX,2025-07-06,74810.19,408654.0,89117.0,0,0,0,0,0,0,0,0,0,1,2,0,0,0,0,0,0,0,0,0,0,0,0,0,0,0,0,0,0,0,0,0,0,0,0,0,0,0,0,1,2,0,0
banana republic factory,Search | Conversion | PMAX,2025-07-13,35321.01,227546.66,45193.0,0,0,0,0,0,0,0,0,0,0,1,0,0,0,0,0,0,0,0,0,0,0,0,0,0,0,0,0,0,0,0,0,0,0,0,0,0,0,0,0,1,0,0
banana republic factory,Search | Conversion | PMAX,2025-07-20,59746.869999999995,249967.35,58316.0,0,0,0,0,0,0,0,0,0,0,0,0,0,0,0,0,0,0,0,0,0,0,0,0,0,0,0,0,0,0,0,0,0,0,0,0,0,0,0,0,0,0,0
banana republic factory,Search | Conversion | PMAX,2025-07-27,48019.17,300428.51,55335.0,0,0,0,0,0,0,0,0,0,0,0,0,0,0,0,0,0,0,0,0,0,1,0,0,0,0,0,0,0,0,0,0,0,0,0,0,0,1,0,0,0,0,0
banana republic factory,Search | Conversion | PMAX,2025-08-03,59606.06,327719.63,65679.0,0,0,0,0,0,0,0,0,0,0,0,0,0,0,0,0,0,0,0,0,0,0,0,0,0,0,0,0,0,0,0,0,0,0,0,0,0,0,0,0,0,0,0
banana republic factory,Search | Conversion | PMAX,2025-08-10,66770.84,382954.55,74150.0,0,0,0,0,0,0,0,0,0,0,0,0,0,0,0,0,0,0,0,0,0,0,0,0,0,0,0,0,0,0,0,0,0,0,0,0,0,0,0,0,0,0,0
banana republic factory,Search | Conversion | PMAX,2025-08-17,88484.41,521321.31,95556.0,0,0,0,0,0,0,0,0,0,0,0,2,0,0,0,0,0,0,0,0,0,0,0,0,0,0,0,0,0,0,0,0,0,0,0,0,0,2,0,0,0,0,0
banana republic factory,Search | Conversion | PMAX,2025-08-24,110268.63,765172.88,139591.0,0,0,0,0,0,0,0,0,0,0,0,1,2,0,0,0,0,0,0,0,0,0,0,0,0,0,0,0,0,0,0,0,0,0,0,0,0,1,0,2,0,0,0
banana republic factory,Search | Conversion | PMAX,2025-08-31,106117.40000000001,667215.32,127279.0,0,0,0,0,0,0,0,0,0,0,0,0,1,0,0,0,0,0,0,0,0,0,0,0,0,0,0,0,0,0,0,0,0,0,0,0,0,0,0,1,0,0,0
banana republic factory,Search | Conversion | PMAX,2025-09-07,99967.89,571060.44,107326.0,0,1,0,0,0,0,0,0,0,0,0,0,0,0,0,0,0,0,0,0,0,0,0,0,0,0,0,0,0,0,0,0,0,0,0,0,0,1,0,0,0,0,0
banana republic factory,Search | Conversion | PMAX,2025-09-14,121335.12,717889.45,119571.0,0,2,0,0,0,0,0,0,0,0,0,0,0,0,0,0,0,0,0,0,0,0,0,0,0,0,0,0,0,0,0,0,0,0,0,0,0,2,0,0,0,0,0
banana republic factory,Search | Conversion | PMAX,2025-09-21,89487.62,551343.62,98663.0,0,1,0,0,0,0,0,0,0,0,0,0,0,0,0,0,0,0,0,0,0,0,0,0,0,0,0,0,0,0,0,0,0,0,0,0,0,1,0,0,0,0,0
banana republic factory,Search | Conversion | PMAX,2025-09-28,100724.89,526935.62,92911.0,0,0,0,0,0,0,0,0,0,0,0,0,0,0,0,0,0,0,0,0,0,0,0,0,0,0,0,0,0,0,0,0,0,0,0,0,0,0,0,0,0,0,0
banana republic factory,Search | Conversion | PMAX,2025-10-05,125740.51,731223.63,126339.0,0,0,0,0,0,0,0,0,0,0,0,0,0,2,0,0,0,0,0,0,0,0,0,0,0,0,0,0,0,0,0,0,0,0,0,0,0,2,0,0,0,0,0
banana republic factory,Search | Conversion | PMAX,2025-10-12,96220.44,653250.48,111802.0,0,0,0,0,0,0,0,0,0,0,0,0,0,1,0,0,0,0,0,0,0,0,0,0,0,0,0,0,0,0,0,0,0,0,0,0,0,1,0,0,0,0,0
banana republic factory,Search | Conversion | PMAX,2025-10-19,118374.42,807642.53,133340.0,0,0,0,0,0,1,0,0,0,0,0,0,0,0,0,0,0,0,0,0,0,0,0,0,0,0,0,0,0,0,0,0,0,0,0,0,0,0,0,0,1,0,0
banana republic factory,Search | Conversion | PMAX,2025-10-26,114577.61,748914.61,136725.0,0,0,0,0,0,2,0,0,0,0,0,0,0,0,1,0,0,0,0,0,0,0,0,0,0,0,0,0,0,0,0,0,0,0,0,0,0,1,0,0,2,0,0
banana republic factory,Search | Conversion | PMAX,2025-11-02,173122.46,977894.5700000001,188894.0,0,0,0,0,0,0,0,0,0,0,0,0,0,0,2,0,0,0,0,0,0,0,0,0,0,0,0,0,0,0,0,0,0,0,0,0,0,2,0,0,0,0,0
banana republic factory,Search | Conversion | PMAX,2025-11-09,155666.95,1054198.88,185346.0,0,0,0,0,0,0,0,0,0,0,0,0,0,0,1,0,0,0,0,0,0,0,0,0,0,0,0,0,0,0,0,0,0,0,0,0,0,1,0,0,0,0,0
banana republic factory,Search | Conversion | PMAX,2025-11-16,255033.11000000002,1597681.19,253664.0,0,0,0,0,0,0,0,0,0,0,0,0,0,0,0,2,0,0,0,0,0,0,0,0,0,0,0,0,0,0,0,0,0,0,0,0,0,0,0,0,2,0,0
banana republic factory,Search | Conversion | PMAX,2025-11-23,406441.25,2213647.62,297595.0,0,0,0,0,0,0,0,0,0,0,0,0,0,0,0,1,2,0,0,0,0,0,0,0,0,0,0,0,0,0,0,0,0,0,0,0,0,0,0,0,2,0,0
banana republic factory,Search | Conversion | PMAX,2025-11-30,275693.19,1362717.55,217522.0,0,0,0,0,0,0,0,0,0,0,0,0,0,0,0,0,0,2,0,0,0,0,0,0,0,0,0,0,0,0,0,0,0,0,0,0,0,0,0,0,2,0,0
banana republic factory,Search | Conversion | PMAX,2025-12-07,120567.69,798415.81,137086.0,0,0,0,0,0,0,0,0,0,0,0,0,0,0,0,0,0,0,2,0,0,0,0,0,0,0,0,0,0,0,0,0,0,0,0,0,0,0,0,2,0,0,0
banana republic factory,Search | Conversion | PMAX,2025-12-14,84718.83,614121.62,104877.0,0,0,0,0,0,0,0,0,0,0,0,0,0,0,0,0,0,0,2,1,0,0,0,0,0,0,0,0,0,0,0,0,0,0,0,0,0,1,0,2,0,0,0
banana republic factory,Search | Conversion | PMAX,2025-12-21,68887.94,410110.26,98862.0,0,0,0,0,0,0,0,0,0,0,0,0,0,0,0,0,0,0,0,2,1,0,0,0,0,0,0,0,0,0,0,0,0,0,0,0,0,2,0,0,0,0,0
banana republic factory,Search | Conversion | PMAX,2025-12-28,53241.4,390695.85,85085.0,0,0,0,0,0,0,0,0,0,0,0,0,0,0,0,0,0,0,0,0,2,0,0,0,0,0,0,0,0,0,0,0,0,0,0,0,0,2,0,0,0,0,0
banana republic factory,Search | Conversion | PMAX,2026-01-04,32261.89,286890.57,57640.0,0,0,0,0,0,0,0,0,0,0,0,0,0,0,0,0,0,0,0,0,1,0,0,0,0,0,0,0,0,0,0,0,0,0,0,0,0,1,0,0,0,0,0
banana republic factory,Search | Conversion | PMAX,2026-01-11,32162.04,316225.31,55912.0,0,0,0,0,0,0,0,0,0,0,0,0,0,0,0,0,0,0,0,0,0,0,1,0,0,0,0,0,0,0,0,0,0,0,0,0,0,1,0,0,0,0,0
banana republic factory,Search | Conversion | PMAX,2026-01-18,29209.55,295324.29,53711.0,0,0,0,0,0,0,0,0,0,0,0,0,0,0,0,0,0,0,0,0,0,0,1,0,0,0,0,0,0,0,0,0,0,0,0,0,0,1,0,0,0,0,0
banana republic factory,Search | Conversion | PMAX,2026-01-25,27099.39,288423.48,53066.0,0,0,0,0,0,0,0,0,0,0,0,0,0,0,0,0,0,0,0,0,0,0,0,0,0,0,0,0,0,0,0,0,0,0,0,0,0,0,0,0,0,0,0
banana republic factory,Search | Conversion | PMAX,2026-02-01,32018.120000000003,311944.20999999996,58621.0,0,0,0,0,0,0,0,0,0,0,0,0,0,0,0,0,0,0,0,0,0,0,0,0,0,0,0,0,0,0,0,0,0,0,0,0,0,0,0,0,0,0,0
banana republic factory,Search | Conversion | PMAX,2026-02-08,50002.009999999995,376886.42,77211.0,2,0,0,0,0,0,0,0,0,0,0,0,0,0,0,0,0,0,0,0,0,0,0,0,0,0,0,0,0,0,0,0,0,0,0,0,0,2,0,0,0,0,0
banana republic factory,Search | Conversion | PMAX,2026-02-15,41904.22,404936.27,75951.0,1,0,0,0,0,0,0,0,0,0,0,0,0,0,0,0,0,0,0,0,0,0,0,0,0,0,0,0,0,0,0,0,0,0,0,0,0,1,0,0,0,0,0
banana republic factory,Search | Conversion | PMAX,2026-02-22,46431.78,497729.7,80202.0,0,0,0,0,0,0,0,0,0,0,0,0,0,0,0,0,0,0,0,0,0,1,0,0,0,0,0,0,0,0,0,0,0,0,0,0,0,1,0,0,0,0,0
banana republic factory,Search | Conversion | PMAX,2026-03-01,71607.37,540859.18,105478.0,0,0,0,0,0,0,0,0,0,0,0,0,0,0,0,0,0,0,0,0,0,0,0,0,0,0,0,0,0,0,0,0,0,0,0,0,0,0,0,0,0,0,0
banana republic factory,Search | Conversion | PMAX,2026-03-08,114544.0,829854.2,153492.0,0,1,0,0,0,0,0,0,0,0,0,0,0,0,0,0,0,0,0,0,0,1,0,0,0,0,0,0,0,0,0,0,0,0,0,0,0,1,1,0,0,0,0
banana republic factory,Search | Conversion | PMAX,2026-03-15,88026.84,633205.6,131258.0,0,1,0,0,0,0,0,0,0,0,0,0,0,0,0,0,0,0,0,0,0,0,0,0,0,0,0,0,0,0,0,0,0,0,0,0,0,1,0,0,0,0,0
banana republic factory,Search | Conversion | PMAX,2026-03-22,111054.29,851980.5,161620.0,0,0,2,0,0,0,0,0,0,0,0,0,0,0,0,0,0,0,0,0,0,1,0,0,0,0,0,0,0,0,0,0,0,0,0,0,0,2,1,0,0,0,0
banana republic factory,Search | Conversion | PMAX,2026-03-29,128560.21,875951.9,188150.0,0,0,1,2,0,0,0,0,0,0,0,0,0,0,0,0,0,0,0,0,0,0,0,0,0,0,0,0,0,0,0,0,0,0,0,0,0,1,0,2,0,0,0
banana republic factory,Search | Conversion | PMAX,2026-04-05,83985.56999999999,575134.22,125566.0,0,0,0,1,0,0,0,0,0,0,0,0,0,0,0,0,0,0,0,0,0,0,0,0,0,0,0,0,0,0,0,0,0,0,0,0,0,0,0,1,0,0,0
banana republic factory,Search | Conversion | PMAX,2026-04-12,113044.57,834306.52,160242.0,0,0,0,0,0,0,0,0,0,0,0,0,0,0,0,0,0,0,0,0,0,1,0,0,0,0,0,0,0,0,0,0,0,0,0,0,0,1,0,0,0,0,0
banana republic factory,Search | Conversion | PMAX,2026-04-19,129049.17,749648.4,157042.0,0,0,0,0,0,0,0,0,0,0,0,0,0,0,0,0,0,0,0,0,0,0,0,0,0,0,0,0,0,0,0,0,0,0,0,0,0,0,0,0,0,0,0
banana republic factory,Search | Conversion | PMAX,2026-04-26,141679.85,750906.15,164666.0,0,0,0,0,0,2,0,0,0,0,0,0,0,0,0,0,0,0,0,0,0,1,0,0,0,0,0,0,0,0,0,0,0,0,0,0,0,1,0,0,2,0,0
banana republic factory,Search | Conversion | PMAX,2026-05-03,78532.26,586907.0900000001,117173.0,0,0,0,0,0,1,0,0,0,0,0,0,0,0,0,0,0,0,0,0,0,0,0,0,0,0,0,0,0,0,0,0,0,0,0,0,0,0,0,0,1,0,0
banana republic factory,Search | Conversion | PMAX,2026-05-10,134732.85,933511.29,179412.0,0,0,0,0,0,0,1,0,0,0,0,0,0,0,0,0,0,0,0,0,0,1,0,0,0,0,0,0,0,0,0,0,0,0,0,0,0,1,0,0,0,0,0
banana republic factory,Search | Conversion | PMAX,2026-05-17,131951.32,970437.77,188622.0,0,0,0,0,0,0,1,2,0,0,0,0,0,0,0,0,0,0,0,0,0,0,0,0,0,0,0,0,0,0,0,0,0,0,0,0,0,1,0,2,0,0,0
banana republic factory,Search | Conversion | PMAX,2026-05-24,118932.05,923529.75,163845.0,0,0,0,0,0,0,0,2,0,0,0,0,0,0,0,0,0,0,0,0,0,0,0,0,0,0,0,0,0,0,0,0,0,0,0,0,0,0,0,2,0,0,0
banana republic factory,Search | Conversion | PMAX,2026-05-31,54465.36,525848.48,104332.0,0,0,0,0,0,0,0,0,0,0,0,0,0,0,0,0,0,0,0,0,0,0,0,0,0,0,0,0,0,0,0,0,0,0,0,0,0,0,0,0,0,0,0
banana republic factory,Search | Conversion | PMAX,2026-06-07,59288.1,500586.31,105689.0,0,0,0,0,0,0,0,0,0,0,0,0,0,0,0,0,0,0,0,0,0,0,0,0,0,0,0,0,0,0,0,0,0,0,0,0,0,0,0,0,0,0,0
banana republic factory,Search | Conversion | PMAX,2026-06-14,70094.61,510567.17000000004,104656.0,0,0,0,0,0,0,0,0,1,0,0,0,0,0,0,0,0,0,0,0,0,0,0,0,0,0,0,0,0,0,0,0,0,0,0,0,0,1,0,0,0,0,0
banana republic factory,Search | Conversion | PMAX,2026-06-21,73332.23,530658.15,107333.0,0,0,0,0,0,0,0,0,2,1,0,0,0,0,0,0,0,0,0,0,0,0,0,0,0,0,0,0,0,0,0,0,0,0,0,0,0,2,0,1,0,0,0
banana republic factory,Search | Conversion | PMAX,2026-06-28,101330.4,632779.9,138269.0,0,0,0,0,0,0,0,0,0,2,0,0,0,0,0,0,0,0,0,0,0,0,0,0,0,0,0,0,0,0,0,0,0,0,0,0,0,0,0,2,0,0,0
banana republic factory,Search | Conversion | PMAX,2026-07-05,73646.01,514922.01,111604.0,0,0,0,0,0,0,0,0,0,1,2,0,0,0,0,0,0,0,0,0,0,0,0,0,0,0,0,0,0,0,0,0,0,0,0,0,0,0,0,1,2,0,0
banana republic factory,Search | Conversion | PMAX,2026-07-12,66366.95,505959.88,114985.0,0,0,0,0,0,0,0,0,0,0,1,0,0,0,0,0,0,0,0,0,0,0,0,0,0,0,0,0,0,0,0,0,0,0,0,0,0,0,0,0,1,0,0
banana republic factory,Search | Conversion | PMAX,2026-07-19,54782.59,459310.98,87028.0,0,0,0,0,0,0,0,0,0,0,0,0,0,0,0,0,0,0,0,0,0,0,0,0,0,0,0,0,0,0,0,0,0,0,0,0,0,0,0,0,0,0,0
banana republic factory,Search | Conversion | PMAX,2026-07-26,64267.03,584374.8200000001,108798.0,0,0,0,0,0,0,0,0,0,0,0,0,0,0,0,0,0,0,0,0,0,1,0,0,0,0,0,0,0,0,0,0,0,0,0,0,0,1,0,0,0,0,0
banana republic factory,Search | Conversion | PMAX,2026-08-02,81113.83,516189.45,122559.0,0,0,0,0,0,0,0,0,0,0,0,0,0,0,0,0,0,0,0,0,0,0,0,0,0,0,0,0,0,0,0,0,0,0,0,0,0,0,0,0,0,0,0
banana republic factory,Search | Conversion | PMAX,2026-08-09,76102.83,565649.73,116780.0,0,0,0,0,0,0,0,0,0,0,0,0,0,0,0,0,0,0,0,0,0,0,0,0,0,0,0,0,0,0,0,0,0,0,0,0,0,0,0,0,0,0,0
banana republic factory,Search | Conversion | PMAX,2026-08-16,84006.39,600188.89,123910.0,0,0,0,0,0,0,0,0,0,0,0,0,0,0,0,0,0,0,0,0,0,0,0,0,0,0,0,0,0,0,0,0,0,0,0,0,0,0,0,0,0,0,0
banana republic factory,Search | Conversion | RSC,2025-01-05,64646.13,671589.6699999999,178035.0,0,0,0,0,0,0,0,0,0,0,0,0,0,0,0,0,0,0,0,0,0,0,0,0,0,0,0,0,0,0,0,0,0,0,0,0,0,0,0,0,0,0,0
banana republic factory,Search | Conversion | RSC,2025-01-12,70089.03,703308.53,179533.0,0,0,0,0,0,0,0,0,0,0,0,0,0,0,0,0,0,0,0,0,0,0,0,0,0,0,0,0,0,0,0,0,0,0,0,0,0,0,0,0,0,0,0
banana republic factory,Search | Conversion | RSC,2025-01-19,86022.08,808094.64,210610.0,0,0,0,0,0,0,0,0,0,0,0,0,0,0,0,0,0,0,0,0,0,0,0,0,0,0,0,0,0,0,0,0,0,0,0,0,0,0,0,0,0,0,0
banana republic factory,Search | Conversion | RSC,2025-01-26,95098.59,852517.94,226359.0,0,0,0,0,0,0,0,0,0,0,0,0,0,0,0,0,0,0,0,0,0,0,0,0,0,0,0,0,0,0,0,0,0,0,0,0,0,0,0,0,0,0,0
banana republic factory,Search | Conversion | RSC,2025-02-02,62530.85,562491.13,173048.0,0,0,0,0,0,0,0,0,0,0,0,0,0,0,0,0,0,0,0,0,0,0,0,0,0,0,0,0,0,0,0,0,0,0,0,0,0,0,0,0,0,0,0
banana republic factory,Search | Conversion | RSC,2025-02-09,53408.92,490659.03,142659.0,2,0,0,0,0,0,0,0,0,0,0,0,0,0,0,0,0,0,0,0,0,0,0,0,0,0,0,0,0,0,0,0,0,0,0,0,0,2,0,0,0,0,0
banana republic factory,Search | Conversion | RSC,2025-02-16,72877.01,517675.32,161300.0,1,0,0,0,0,0,0,0,0,0,0,0,0,0,0,0,0,0,0,0,0,0,0,0,0,0,0,0,0,0,0,0,0,0,0,0,0,1,0,0,0,0,0
banana republic factory,Search | Conversion | RSC,2025-02-23,103358.07,678383.67,204219.0,0,0,0,0,0,0,0,0,0,0,0,0,0,0,0,0,0,0,0,0,0,0,0,0,0,0,0,0,0,0,0,0,0,0,0,0,0,0,0,0,0,0,0
banana republic factory,Search | Conversion | RSC,2025-03-02,128468.86,702467.68,224810.0,0,0,0,0,0,0,0,0,0,0,0,0,0,0,0,0,0,0,0,0,0,0,0,0,0,0,0,0,0,0,0,0,0,0,0,0,0,0,0,0,0,0,0
banana republic factory,Search | Conversion | RSC,2025-03-09,124265.8,765232.53,216907.0,0,0,0,0,0,0,0,0,0,0,0,0,0,0,0,0,0,0,0,0,0,0,0,0,0,0,0,0,0,0,0,0,0,0,0,0,0,0,0,0,0,0,0
banana republic factory,Search | Conversion | RSC,2025-03-16,125860.64,635107.4299999999,200071.0,0,0,0,0,0,0,0,0,0,0,0,0,0,0,0,0,0,0,0,0,0,0,0,0,0,0,0,0,0,0,0,0,0,0,0,0,0,0,0,0,0,0,0
banana republic factory,Search | Conversion | RSC,2025-03-23,191790.15,869471.55,269284.0,0,2,0,0,0,0,0,0,0,0,0,0,0,0,0,0,0,0,0,0,0,0,0,0,0,0,0,0,0,0,0,0,0,0,0,0,0,2,0,0,0,0,0
banana republic factory,Search | Conversion | RSC,2025-03-30,133467.45,685100.08,214953.0,0,1,0,0,0,0,0,0,0,0,0,0,0,0,0,0,0,0,0,0,0,0,0,0,0,0,0,0,0,0,0,0,0,0,0,0,0,1,0,0,0,0,0
banana republic factory,Search | Conversion | RSC,2025-04-06,197374.65,909427.56,273772.0,0,0,2,1,0,0,0,0,0,0,0,0,0,0,0,0,0,0,0,0,0,0,0,0,0,0,0,0,0,0,0,0,0,0,0,0,0,2,0,1,0,0,0
banana republic factory,Search | Conversion | RSC,2025-04-13,243592.31,944628.99,316055.0,0,0,0,2,0,0,0,0,0,0,0,0,0,0,0,0,0,0,0,0,0,0,0,0,0,0,0,0,0,0,0,0,0,0,0,0,0,0,0,2,0,0,0
banana republic factory,Search | Conversion | RSC,2025-04-20,140169.88,679027.05,223438.0,0,0,0,1,0,0,0,0,0,0,0,0,0,0,0,0,0,0,0,0,0,0,0,0,0,0,0,0,0,0,0,0,0,0,0,0,0,0,0,1,0,0,0
banana republic factory,Search | Conversion | RSC,2025-04-27,197148.28,767879.8,275873.0,0,0,0,0,0,1,0,0,0,0,0,0,0,0,0,0,0,0,0,0,0,0,0,0,0,0,0,0,0,0,0,0,0,0,0,0,0,0,0,0,1,0,0
banana republic factory,Search | Conversion | RSC,2025-05-04,170760.19,717861.77,234085.0,0,0,0,0,0,2,0,0,0,0,0,0,0,0,0,0,0,0,0,0,0,0,0,0,0,0,0,0,0,0,0,0,0,0,0,0,0,0,0,0,2,0,0
banana republic factory,Search | Conversion | RSC,2025-05-11,284984.94,1097753.16,312930.0,0,0,0,0,0,0,1,0,0,0,0,0,0,0,0,0,0,0,0,0,0,1,0,0,0,0,0,0,0,0,0,0,0,0,0,0,0,1,0,0,0,0,0
banana republic factory,Search | Conversion | RSC,2025-05-18,322434.11,1268036.21,351470.0,0,0,0,0,0,0,1,2,0,0,0,0,0,0,0,0,0,0,0,0,0,0,0,0,0,0,0,0,0,0,0,0,0,0,0,0,0,1,0,2,0,0,0
banana republic factory,Search | Conversion | RSC,2025-05-25,252878.16999999998,1158904.69,304176.0,0,0,0,0,0,0,0,2,0,0,0,0,0,0,0,0,0,0,0,0,0,0,0,0,0,0,0,0,0,0,0,0,0,0,0,0,0,0,0,2,0,0,0
banana republic factory,Search | Conversion | RSC,2025-06-01,154125.57,759417.38,215400.0,0,0,0,0,0,0,0,1,0,0,0,0,0,0,0,0,0,0,0,0,0,0,0,0,0,0,0,0,0,0,0,0,0,0,0,0,0,0,0,1,0,0,0
banana republic factory,Search | Conversion | RSC,2025-06-08,131377.21,687784.6900000001,198048.0,0,0,0,0,0,0,0,0,0,0,0,0,0,0,0,0,0,0,0,0,0,0,0,0,0,0,0,0,0,0,0,0,0,0,0,0,0,0,0,0,0,0,0
banana republic factory,Search | Conversion | RSC,2025-06-15,168266.58000000002,851119.24,251074.0,0,0,0,0,0,0,0,0,1,0,0,0,0,0,0,0,0,0,0,0,0,0,0,0,0,0,0,0,0,0,0,0,0,0,0,0,0,1,0,0,0,0,0
banana republic factory,Search | Conversion | RSC,2025-06-22,208644.18,1211168.66,350611.0,0,0,0,0,0,0,0,0,2,1,0,0,0,0,0,0,0,0,0,0,0,0,0,0,0,0,0,0,0,0,0,0,0,0,0,0,0,2,0,1,0,0,0
banana republic factory,Search | Conversion | RSC,2025-06-29,253870.51,1230235.32,346194.0,0,0,0,0,0,0,0,0,0,2,0,0,0,0,0,0,0,0,0,0,0,0,0,0,0,0,0,0,0,0,0,0,0,0,0,0,0,0,0,2,0,0,0
banana republic factory,Search | Conversion | RSC,2025-07-06,136482.05,847858.92,216310.0,0,0,0,0,0,0,0,0,0,1,2,0,0,0,0,0,0,0,0,0,0,0,0,0,0,0,0,0,0,0,0,0,0,0,0,0,0,0,0,1,2,0,0
banana republic factory,Search | Conversion | RSC,2025-07-13,171433.51,978730.4099999999,274544.0,0,0,0,0,0,0,0,0,0,0,1,0,0,0,0,0,0,0,0,0,0,0,0,0,0,0,0,0,0,0,0,0,0,0,0,0,0,0,0,0,1,0,0
banana republic factory,Search | Conversion | RSC,2025-07-20,176255.82,930980.7,265659.0,0,0,0,0,0,0,0,0,0,0,0,0,0,0,0,0,0,0,0,0,0,0,0,0,0,0,0,0,0,0,0,0,0,0,0,0,0,0,0,0,0,0,0
banana republic factory,Search | Conversion | RSC,2025-07-27,130921.49,816292.66,227810.0,0,0,0,0,0,0,0,0,0,0,0,0,0,0,0,0,0,0,0,0,0,1,0,0,0,0,0,0,0,0,0,0,0,0,0,0,0,1,0,0,0,0,0
banana republic factory,Search | Conversion | RSC,2025-08-03,157109.91999999998,870251.54,252690.0,0,0,0,0,0,0,0,0,0,0,0,0,0,0,0,0,0,0,0,0,0,0,0,0,0,0,0,0,0,0,0,0,0,0,0,0,0,0,0,0,0,0,0
banana republic factory,Search | Conversion | RSC,2025-08-10,163773.56,1025119.17,269325.0,0,0,0,0,0,0,0,0,0,0,0,0,0,0,0,0,0,0,0,0,0,0,0,0,0,0,0,0,0,0,0,0,0,0,0,0,0,0,0,0,0,0,0
banana republic factory,Search | Conversion | RSC,2025-08-17,270769.24,1529824.15,371971.0,0,0,0,0,0,0,0,0,0,0,0,2,0,0,0,0,0,0,0,0,0,0,0,0,0,0,0,0,0,0,0,0,0,0,0,0,0,2,0,0,0,0,0
banana republic factory,Search | Conversion | RSC,2025-08-24,300281.92,1818190.3,436354.0,0,0,0,0,0,0,0,0,0,0,0,1,2,0,0,0,0,0,0,0,0,0,0,0,0,0,0,0,0,0,0,0,0,0,0,0,0,1,0,2,0,0,0
banana republic factory,Search | Conversion | RSC,2025-08-31,233965.4,1458878.76,362293.0,0,0,0,0,0,0,0,0,0,0,0,0,1,0,0,0,0,0,0,0,0,0,0,0,0,0,0,0,0,0,0,0,0,0,0,0,0,0,0,1,0,0,0
banana republic factory,Search | Conversion | RSC,2025-09-07,234256.91999999998,1295494.28,329549.0,0,1,0,0,0,0,0,0,0,0,0,0,0,0,0,0,0,0,0,0,0,0,0,0,0,0,0,0,0,0,0,0,0,0,0,0,0,1,0,0,0,0,0
banana republic factory,Search | Conversion | RSC,2025-09-14,300758.98,1652492.97,437105.0,0,2,0,0,0,0,0,0,0,0,0,0,0,0,0,0,0,0,0,0,0,0,0,0,0,0,0,0,0,0,0,0,0,0,0,0,0,2,0,0,0,0,0
banana republic factory,Search | Conversion | RSC,2025-09-21,186392.38,1012295.1100000001,303434.0,0,1,0,0,0,0,0,0,0,0,0,0,0,0,0,0,0,0,0,0,0,0,0,0,0,0,0,0,0,0,0,0,0,0,0,0,0,1,0,0,0,0,0
banana republic factory,Search | Conversion | RSC,2025-09-28,254826.81,1199986.57,336793.0,0,0,0,0,0,0,0,0,0,0,0,0,0,0,0,0,0,0,0,0,0,0,0,0,0,0,0,0,0,0,0,0,0,0,0,0,0,0,0,0,0,0,0
banana republic factory,Search | Conversion | RSC,2025-10-05,240636.40000000002,1378352.04,371091.0,0,0,0,0,0,0,0,0,0,0,0,0,0,2,0,0,0,0,0,0,0,0,0,0,0,0,0,0,0,0,0,0,0,0,0,0,0,2,0,0,0,0,0
banana republic factory,Search | Conversion | RSC,2025-10-12,231566.45,1277387.01,350718.0,0,0,0,0,0,0,0,0,0,0,0,0,0,1,0,0,0,0,0,0,0,0,0,0,0,0,0,0,0,0,0,0,0,0,0,0,0,1,0,0,0,0,0
banana republic factory,Search | Conversion | RSC,2025-10-19,290732.36,1414536.47,391870.0,0,0,0,0,0,1,0,0,0,0,0,0,0,0,0,0,0,0,0,0,0,0,0,0,0,0,0,0,0,0,0,0,0,0,0,0,0,0,0,0,1,0,0
banana republic factory,Search | Conversion | RSC,2025-10-26,266570.89,1410098.74,406238.0,0,0,0,0,0,2,0,0,0,0,0,0,0,0,1,0,0,0,0,0,0,0,0,0,0,0,0,0,0,0,0,0,0,0,0,0,0,1,0,0,2,0,0
banana republic factory,Search | Conversion | RSC,2025-11-02,318333.33999999997,1716423.42,466220.0,0,0,0,0,0,0,0,0,0,0,0,0,0,0,2,0,0,0,0,0,0,0,0,0,0,0,0,0,0,0,0,0,0,0,0,0,0,2,0,0,0,0,0
banana republic factory,Search | Conversion | RSC,2025-11-09,350916.61,1912283.12,508776.0,0,0,0,0,0,0,0,0,0,0,0,0,0,0,1,0,0,0,0,0,0,0,0,0,0,0,0,0,0,0,0,0,0,0,0,0,0,1,0,0,0,0,0
banana republic factory,Search | Conversion | RSC,2025-11-16,544066.08,2804419.88,737947.0,0,0,0,0,0,0,0,0,0,0,0,0,0,0,0,2,0,0,0,0,0,0,0,0,0,0,0,0,0,0,0,0,0,0,0,0,0,0,0,0,2,0,0
banana republic factory,Search | Conversion | RSC,2025-11-23,817758.76,3176877.5300000003,752275.0,0,0,0,0,0,0,0,0,0,0,0,0,0,0,0,1,2,0,0,0,0,0,0,0,0,0,0,0,0,0,0,0,0,0,0,0,0,0,0,0,2,0,0
banana republic factory,Search | Conversion | RSC,2025-11-30,667961.01,2496505.45,621740.0,0,0,0,0,0,0,0,0,0,0,0,0,0,0,0,0,0,2,0,0,0,0,0,0,0,0,0,0,0,0,0,0,0,0,0,0,0,0,0,0,2,0,0
banana republic factory,Search | Conversion | RSC,2025-12-07,322452.31,1663360.28,444385.0,0,0,0,0,0,0,0,0,0,0,0,0,0,0,0,0,0,0,2,0,0,0,0,0,0,0,0,0,0,0,0,0,0,0,0,0,0,0,0,2,0,0,0
banana republic factory,Search | Conversion | RSC,2025-12-14,201279.82,1158597.6,316300.0,0,0,0,0,0,0,0,0,0,0,0,0,0,0,0,0,0,0,2,1,0,0,0,0,0,0,0,0,0,0,0,0,0,0,0,0,0,1,0,2,0,0,0
banana republic factory,Search | Conversion | RSC,2025-12-21,146900.72999999998,730437.46,271260.0,0,0,0,0,0,0,0,0,0,0,0,0,0,0,0,0,0,0,0,2,1,0,0,0,0,0,0,0,0,0,0,0,0,0,0,0,0,2,0,0,0,0,0
banana republic factory,Search | Conversion | RSC,2025-12-28,122215.49,735203.74,257104.0,0,0,0,0,0,0,0,0,0,0,0,0,0,0,0,0,0,0,0,0,2,0,0,0,0,0,0,0,0,0,0,0,0,0,0,0,0,2,0,0,0,0,0
banana republic factory,Search | Conversion | RSC,2026-01-04,62355.83,490200.13,161945.0,0,0,0,0,0,0,0,0,0,0,0,0,0,0,0,0,0,0,0,0,1,0,0,0,0,0,0,0,0,0,0,0,0,0,0,0,0,1,0,0,0,0,0
banana republic factory,Search | Conversion | RSC,2026-01-11,72641.47,537409.71,167618.0,0,0,0,0,0,0,0,0,0,0,0,0,0,0,0,0,0,0,0,0,0,0,1,0,0,0,0,0,0,0,0,0,0,0,0,0,0,1,0,0,0,0,0
banana republic factory,Search | Conversion | RSC,2026-01-18,74725.65,547608.56,171084.0,0,0,0,0,0,0,0,0,0,0,0,0,0,0,0,0,0,0,0,0,0,0,1,0,0,0,0,0,0,0,0,0,0,0,0,0,0,1,0,0,0,0,0
banana republic factory,Search | Conversion | RSC,2026-01-25,90143.23999999999,592165.75,194168.0,0,0,0,0,0,0,0,0,0,0,0,0,0,0,0,0,0,0,0,0,0,0,0,0,0,0,0,0,0,0,0,0,0,0,0,0,0,0,0,0,0,0,0
banana republic factory,Search | Conversion | RSC,2026-02-01,80041.05,535801.27,177447.0,0,0,0,0,0,0,0,0,0,0,0,0,0,0,0,0,0,0,0,0,0,0,0,0,0,0,0,0,0,0,0,0,0,0,0,0,0,0,0,0,0,0,0
banana republic factory,Search | Conversion | RSC,2026-02-08,76947.43,476217.53,156447.0,2,0,0,0,0,0,0,0,0,0,0,0,0,0,0,0,0,0,0,0,0,0,0,0,0,0,0,0,0,0,0,0,0,0,0,0,0,2,0,0,0,0,0
banana republic factory,Search | Conversion | RSC,2026-02-15,100803.87,608567.51,191826.0,1,0,0,0,0,0,0,0,0,0,0,0,0,0,0,0,0,0,0,0,0,0,0,0,0,0,0,0,0,0,0,0,0,0,0,0,0,1,0,0,0,0,0
banana republic factory,Search | Conversion | RSC,2026-02-22,104324.97,738444.4199999999,206406.0,0,0,0,0,0,0,0,0,0,0,0,0,0,0,0,0,0,0,0,0,0,1,0,0,0,0,0,0,0,0,0,0,0,0,0,0,0,1,0,0,0,0,0
banana republic factory,Search | Conversion | RSC,2026-03-01,160706.88,880529.72,258923.0,0,0,0,0,0,0,0,0,0,0,0,0,0,0,0,0,0,0,0,0,0,0,0,0,0,0,0,0,0,0,0,0,0,0,0,0,0,0,0,0,0,0,0
banana republic factory,Search | Conversion | RSC,2026-03-08,222676.71,1098821.55,304288.0,0,1,0,0,0,0,0,0,0,0,0,0,0,0,0,0,0,0,0,0,0,1,0,0,0,0,0,0,0,0,0,0,0,0,0,0,0,1,1,0,0,0,0
banana republic factory,Search | Conversion | RSC,2026-03-15,199007.31,900402.93,277022.0,0,1,0,0,0,0,0,0,0,0,0,0,0,0,0,0,0,0,0,0,0,0,0,0,0,0,0,0,0,0,0,0,0,0,0,0,0,1,0,0,0,0,0
banana republic factory,Search | Conversion | RSC,2026-03-22,299035.92,1339099.1099999999,391200.0,0,0,2,0,0,0,0,0,0,0,0,0,0,0,0,0,0,0,0,0,0,1,0,0,0,0,0,0,0,0,0,0,0,0,0,0,0,2,1,0,0,0,0
banana republic factory,Search | Conversion | RSC,2026-03-29,291261.4,1237531.44,382779.0,0,0,1,2,0,0,0,0,0,0,0,0,0,0,0,0,0,0,0,0,0,0,0,0,0,0,0,0,0,0,0,0,0,0,0,0,0,1,0,2,0,0,0
banana republic factory,Search | Conversion | RSC,2026-04-05,212436.62,899378.73,285178.0,0,0,0,1,0,0,0,0,0,0,0,0,0,0,0,0,0,0,0,0,0,0,0,0,0,0,0,0,0,0,0,0,0,0,0,0,0,0,0,1,0,0,0
banana republic factory,Search | Conversion | RSC,2026-04-12,250789.8,1137196.49,310828.0,0,0,0,0,0,0,0,0,0,0,0,0,0,0,0,0,0,0,0,0,0,1,0,0,0,0,0,0,0,0,0,0,0,0,0,0,0,1,0,0,0,0,0
banana republic factory,Search | Conversion | RSC,2026-04-19,243332.76,1008028.5,300509.0,0,0,0,0,0,0,0,0,0,0,0,0,0,0,0,0,0,0,0,0,0,0,0,0,0,0,0,0,0,0,0,0,0,0,0,0,0,0,0,0,0,0,0
banana republic factory,Search | Conversion | RSC,2026-04-26,296344.44,988992.81,326088.0,0,0,0,0,0,2,0,0,0,0,0,0,0,0,0,0,0,0,0,0,0,1,0,0,0,0,0,0,0,0,0,0,0,0,0,0,0,1,0,0,2,0,0
banana republic factory,Search | Conversion | RSC,2026-05-03,214695.43,892757.62,253305.0,0,0,0,0,0,1,0,0,0,0,0,0,0,0,0,0,0,0,0,0,0,0,0,0,0,0,0,0,0,0,0,0,0,0,0,0,0,0,0,0,1,0,0
banana republic factory,Search | Conversion | RSC,2026-05-10,255521.3,1204545.98,301279.0,0,0,0,0,0,0,1,0,0,0,0,0,0,0,0,0,0,0,0,0,0,1,0,0,0,0,0,0,0,0,0,0,0,0,0,0,0,1,0,0,0,0,0
banana republic factory,Search | Conversion | RSC,2026-05-17,301743.7,1405227.9,380193.0,0,0,0,0,0,0,1,2,0,0,0,0,0,0,0,0,0,0,0,0,0,0,0,0,0,0,0,0,0,0,0,0,0,0,0,0,0,1,0,2,0,0,0
banana republic factory,Search | Conversion | RSC,2026-05-24,266175.82,1295205.44,341463.0,0,0,0,0,0,0,0,2,0,0,0,0,0,0,0,0,0,0,0,0,0,0,0,0,0,0,0,0,0,0,0,0,0,0,0,0,0,0,0,2,0,0,0
banana republic factory,Search | Conversion | RSC,2026-05-31,159789.21,857328.14,241320.0,0,0,0,0,0,0,0,0,0,0,0,0,0,0,0,0,0,0,0,0,0,0,0,0,0,0,0,0,0,0,0,0,0,0,0,0,0,0,0,0,0,0,0
banana republic factory,Search | Conversion | RSC,2026-06-07,136837.65,807652.13,213010.0,0,0,0,0,0,0,0,0,0,0,0,0,0,0,0,0,0,0,0,0,0,0,0,0,0,0,0,0,0,0,0,0,0,0,0,0,0,0,0,0,0,0,0
banana republic factory,Search | Conversion | RSC,2026-06-14,152857.11,760399.22,215729.0,0,0,0,0,0,0,0,0,1,0,0,0,0,0,0,0,0,0,0,0,0,0,0,0,0,0,0,0,0,0,0,0,0,0,0,0,0,1,0,0,0,0,0
banana republic factory,Search | Conversion | RSC,2026-06-21,198274.27000000002,836574.97,262435.0,0,0,0,0,0,0,0,0,2,1,0,0,0,0,0,0,0,0,0,0,0,0,0,0,0,0,0,0,0,0,0,0,0,0,0,0,0,2,0,1,0,0,0
banana republic factory,Search | Conversion | RSC,2026-06-28,242024.92,980576.5,304260.0,0,0,0,0,0,0,0,0,0,2,0,0,0,0,0,0,0,0,0,0,0,0,0,0,0,0,0,0,0,0,0,0,0,0,0,0,0,0,0,2,0,0,0
banana republic factory,Search | Conversion | RSC,2026-07-05,116521.95,604793.3,183787.0,0,0,0,0,0,0,0,0,0,1,2,0,0,0,0,0,0,0,0,0,0,0,0,0,0,0,0,0,0,0,0,0,0,0,0,0,0,0,0,1,2,0,0
banana republic factory,Search | Conversion | RSC,2026-07-12,134185.91,709691.4299999999,203987.0,0,0,0,0,0,0,0,0,0,0,1,0,0,0,0,0,0,0,0,0,0,0,0,0,0,0,0,0,0,0,0,0,0,0,0,0,0,0,0,0,1,0,0
banana republic factory,Search | Conversion | RSC,2026-07-19,155518.34,705614.0,229251.0,0,0,0,0,0,0,0,0,0,0,0,0,0,0,0,0,0,0,0,0,0,0,0,0,0,0,0,0,0,0,0,0,0,0,0,0,0,0,0,0,0,0,0
banana republic factory,Search | Conversion | RSC,2026-07-26,203500.12,935449.9299999999,279953.0,0,0,0,0,0,0,0,0,0,0,0,0,0,0,0,0,0,0,0,0,0,1,0,0,0,0,0,0,0,0,0,0,0,0,0,0,0,1,0,0,0,0,0
banana republic factory,Search | Conversion | RSC,2026-08-02,149254.41,693700.51,199066.0,0,0,0,0,0,0,0,0,0,0,0,0,0,0,0,0,0,0,0,0,0,0,0,0,0,0,0,0,0,0,0,0,0,0,0,0,0,0,0,0,0,0,0
banana republic factory,Search | Conversion | RSC,2026-08-09,163208.44,757711.3200000001,204710.0,0,0,0,0,0,0,0,0,0,0,0,0,0,0,0,0,0,0,0,0,0,0,0,0,0,0,0,0,0,0,0,0,0,0,0,0,0,0,0,0,0,0,0
banana republic factory,Search | Conversion | RSC,2026-08-16,160534.75,671432.85,192593.0,0,0,0,0,0,0,0,0,0,0,0,0,0,0,0,0,0,0,0,0,0,0,0,0,0,0,0,0,0,0,0,0,0,0,0,0,0,0,0,0,0,0,0
banana republic factory,Social | Conversion | CVR,2024-09-01,6697.21,50457.18,11571.0,0,0,0,0,0,0,0,0,0,0,0,0,1,0,0,0,0,0,0,0,0,0,0,0,0,0,0,0,0,0,0,0,0,0,0,0,0,1,0,0,0,0,0
banana republic factory,Social | Conversion | CVR,2024-09-08,5937.7,28299.36,7925.0,0,0,0,0,0,0,0,0,0,0,0,0,0,0,0,0,0,0,0,0,0,0,0,0,0,0,0,0,0,0,0,0,0,0,0,0,0,0,0,0,0,0,0
banana republic factory,Social | Conversion | CVR,2024-09-15,27022.02,162441.96,31693.0,0,2,0,0,0,0,0,0,0,0,0,0,0,0,0,0,0,0,0,0,0,0,0,0,0,0,0,0,0,0,0,0,0,0,0,0,0,2,0,0,0,0,0
banana republic factory,Social | Conversion | CVR,2024-09-22,17545.16,127133.8,30316.0,0,1,0,0,0,0,0,0,0,0,0,0,0,1,0,0,0,0,0,0,0,0,0,0,0,0,0,0,0,0,0,0,0,0,0,0,0,1,0,0,0,0,0
banana republic factory,Social | Conversion | CVR,2024-09-29,17622.94,128722.56,30306.0,0,0,0,0,0,0,0,0,0,0,0,0,0,2,0,0,0,0,0,0,0,0,0,0,0,0,0,0,0,0,0,0,0,0,0,0,0,2,0,0,0,0,0
banana republic factory,Social | Conversion | CVR,2024-10-06,25061.7,117817.62,30686.0,0,0,0,0,0,0,0,0,0,0,0,0,0,1,0,0,0,0,0,0,0,0,0,0,0,0,0,0,0,0,0,0,0,0,0,0,0,1,0,0,0,0,0
banana republic factory,Social | Conversion | CVR,2024-10-13,26412.45,102051.67,27699.0,0,0,0,0,0,0,0,0,0,0,0,0,0,0,0,0,0,0,0,0,0,0,0,0,0,0,0,0,0,0,0,0,0,0,0,0,0,0,0,0,0,0,0
banana republic factory,Social | Conversion | CVR,2024-10-20,18021.09,81189.34000000001,19097.0,0,0,0,0,0,1,0,0,0,0,0,0,0,0,0,0,0,0,0,0,0,0,0,0,0,0,0,0,0,0,0,0,0,0,0,0,0,0,0,0,1,0,0
banana republic factory,Social | Conversion | CVR,2024-10-27,31672.37,154869.14,39126.0,0,0,0,0,0,2,0,0,0,0,0,0,0,0,1,0,0,0,0,0,0,0,0,0,0,0,0,0,0,0,0,0,0,0,0,0,0,1,0,0,2,0,0
banana republic factory,Social | Conversion | CVR,2024-11-03,13419.19,115719.7,24343.0,0,0,0,0,0,0,0,0,0,0,0,0,0,0,2,0,0,0,0,0,0,0,0,0,0,0,0,0,0,0,0,0,0,0,0,0,0,2,0,0,0,0,0
banana republic factory,Social | Conversion | CVR,2024-11-10,8343.21,56230.12,14344.0,0,0,0,0,0,0,0,0,0,0,0,0,0,0,1,0,0,0,0,0,0,0,0,0,0,0,0,0,0,0,0,0,0,0,0,0,0,1,0,0,0,0,0
banana republic factory,Social | Conversion | CVR,2024-11-17,11004.97,109218.39,22971.0,0,0,0,0,0,0,0,0,0,0,0,0,0,0,0,2,0,0,0,0,0,0,0,0,0,0,0,0,0,0,0,0,0,0,0,0,0,0,0,0,2,0,0
banana republic factory,Social | Conversion | CVR,2024-11-24,20312.899999999998,130992.17,25646.0,0,0,0,0,0,0,0,0,0,0,0,0,0,0,0,1,2,0,0,0,0,0,0,0,0,0,0,0,0,0,0,0,0,0,0,0,0,0,0,0,2,0,0
banana republic factory,Social | Conversion | CVR,2024-12-01,20008.95,84895.3,20272.0,0,0,0,0,0,0,0,0,0,0,0,0,0,0,0,0,0,2,0,0,0,0,0,0,0,0,0,0,0,0,0,0,0,0,0,0,0,0,0,0,2,0,0
banana republic factory,Social | Conversion | CVR,2024-12-08,6692.58,39371.2,12325.0,0,0,0,0,0,0,0,0,0,0,0,0,0,0,0,0,0,0,2,0,0,0,0,0,0,0,0,0,0,0,0,0,0,0,0,0,0,0,0,2,0,0,0
banana republic factory,Social | Conversion | CVR,2024-12-15,2285.2,10810.259999999998,2607.0,0,0,0,0,0,0,0,0,0,0,0,0,0,0,0,0,0,0,2,1,0,0,0,0,0,0,0,0,0,0,0,0,0,0,0,0,0,1,0,2,0,0,0
banana republic factory,Social | Conversion | CVR,2024-12-22,2052.6,15782.82,3753.0,0,0,0,0,0,0,0,0,0,0,0,0,0,0,0,0,0,0,0,2,1,0,0,0,0,0,0,0,0,0,0,0,0,0,0,0,0,2,0,0,0,0,0
banana republic factory,Social | Conversion | CVR,2024-12-29,1958.97,18235.760000000002,6396.0,0,0,0,0,0,0,0,0,0,0,0,0,0,0,0,0,0,0,0,0,2,0,0,0,0,0,0,0,0,0,0,0,0,0,0,0,0,2,0,0,0,0,0
banana republic factory,Social | Conversion | CVR,2025-01-05,2013.48,13498.619999999999,4963.0,0,0,0,0,0,0,0,0,0,0,0,0,0,0,0,0,0,0,0,0,0,0,0,0,0,0,0,0,0,0,0,0,0,0,0,0,0,0,0,0,0,0,0
banana republic factory,Social | Conversion | CVR,2025-01-12,979.76,10838.3,1864.0,0,0,0,0,0,0,0,0,0,0,0,0,0,0,0,0,0,0,0,0,0,0,0,0,0,0,0,0,0,0,0,0,0,0,0,0,0,0,0,0,0,0,0
banana republic factory,Social | Conversion | CVR,2025-01-19,1633.54,10891.4,2733.0,0,0,0,0,0,0,0,0,0,0,0,0,0,0,0,0,0,0,0,0,0,0,0,0,0,0,0,0,0,0,0,0,0,0,0,0,0,0,0,0,0,0,0
banana republic factory,Social | Conversion | CVR,2025-01-26,1713.55,17396.41,5614.0,0,0,0,0,0,0,0,0,0,0,0,0,0,0,0,0,0,0,0,0,0,0,0,0,0,0,0,0,0,0,0,0,0,0,0,0,0,0,0,0,0,0,0
banana republic factory,Social | Conversion | CVR,2025-02-02,3208.16,22258.760000000002,7661.0,0,0,0,0,0,0,0,0,0,0,0,0,0,0,0,0,0,0,0,0,0,0,0,0,0,0,0,0,0,0,0,0,0,0,0,0,0,0,0,0,0,0,0
banana republic factory,Social | Conversion | CVR,2025-02-09,6877.71,44428.520000000004,14674.0,2,0,0,0,0,0,0,0,0,0,0,0,0,0,0,0,0,0,0,0,0,0,0,0,0,0,0,0,0,0,0,0,0,0,0,0,0,2,0,0,0,0,0
banana republic factory,Social | Conversion | CVR,2025-02-16,8258.49,47603.61,15815.0,1,0,0,0,0,0,0,0,0,0,0,0,0,0,0,0,0,0,0,0,0,0,0,0,0,0,0,0,0,0,0,0,0,0,0,0,0,1,0,0,0,0,0
banana republic factory,Social | Conversion | CVR,2025-02-23,3147.02,20812.010000000002,5991.0,0,0,0,0,0,0,0,0,0,0,0,0,0,0,0,0,0,0,0,0,0,0,0,0,0,0,0,0,0,0,0,0,0,0,0,0,0,0,0,0,0,0,0
banana republic factory,Social | Conversion | CVR,2025-03-02,3273.06,24449.66,8084.0,0,0,0,0,0,0,0,0,0,0,0,0,0,0,0,0,0,0,0,0,0,0,0,0,0,0,0,0,0,0,0,0,0,0,0,0,0,0,0,0,0,0,0
banana republic factory,Social | Conversion | CVR,2025-03-09,5125.8,24732.949999999997,9910.0,0,0,0,0,0,0,0,0,0,0,0,0,0,0,0,0,0,0,0,0,0,0,0,0,0,0,0,0,0,0,0,0,0,0,0,0,0,0,0,0,0,0,0
banana republic factory,Social | Conversion | CVR,2025-03-16,6509.35,24520.370000000003,9261.0,0,0,0,0,0,0,0,0,0,0,0,0,0,0,0,0,0,0,0,0,0,0,0,0,0,0,0,0,0,0,0,0,0,0,0,0,0,0,0,0,0,0,0
banana republic factory,Social | Conversion | CVR,2025-03-23,9976.66,74082.56,17177.0,0,2,0,0,0,0,0,0,0,0,0,0,0,0,0,0,0,0,0,0,0,0,0,0,0,0,0,0,0,0,0,0,0,0,0,0,0,2,0,0,0,0,0
banana republic factory,Social | Conversion | CVR,2025-03-30,8632.8,54158.18,12591.0,0,1,0,0,0,0,0,0,0,0,0,0,0,0,0,0,0,0,0,0,0,0,0,0,0,0,0,0,0,0,0,0,0,0,0,0,0,1,0,0,0,0,0
banana republic factory,Social | Conversion | CVR,2025-04-06,11761.7,96188.56,21447.0,0,0,2,1,0,0,0,0,0,0,0,0,0,0,0,0,0,0,0,0,0,0,0,0,0,0,0,0,0,0,0,0,0,0,0,0,0,2,0,1,0,0,0
banana republic factory,Social | Conversion | CVR,2025-04-13,12799.76,95714.34,24881.0,0,0,0,2,0,0,0,0,0,0,0,0,0,0,0,0,0,0,0,0,0,0,0,0,0,0,0,0,0,0,0,0,0,0,0,0,0,0,0,2,0,0,0
banana republic factory,Social | Conversion | CVR,2025-04-20,4365.91,31862.36,8562.0,0,0,0,1,0,0,0,0,0,0,0,0,0,0,0,0,0,0,0,0,0,0,0,0,0,0,0,0,0,0,0,0,0,0,0,0,0,0,0,1,0,0,0
banana republic factory,Social | Conversion | CVR,2025-04-27,3205.44,20140.95,8628.0,0,0,0,0,0,1,0,0,0,0,0,0,0,0,0,0,0,0,0,0,0,0,0,0,0,0,0,0,0,0,0,0,0,0,0,0,0,0,0,0,1,0,0
banana republic factory,Social | Conversion | CVR,2025-05-04,4845.29,30185.2,11607.0,0,0,0,0,0,2,0,0,0,0,0,0,0,0,0,0,0,0,0,0,0,0,0,0,0,0,0,0,0,0,0,0,0,0,0,0,0,0,0,0,2,0,0
banana republic factory,Social | Conversion | CVR,2025-05-11,4571.73,36087.01,10169.0,0,0,0,0,0,0,1,0,0,0,0,0,0,0,0,0,0,0,0,0,0,1,0,0,0,0,0,0,0,0,0,0,0,0,0,0,0,1,0,0,0,0,0
banana republic factory,Social | Conversion | CVR,2025-05-18,6915.12,68644.6,14527.0,0,0,0,0,0,0,1,2,0,0,0,0,0,0,0,0,0,0,0,0,0,0,0,0,0,0,0,0,0,0,0,0,0,0,0,0,0,1,0,2,0,0,0
banana republic factory,Social | Conversion | CVR,2025-05-25,3008.6099999999997,32439.72,7099.0,0,0,0,0,0,0,0,2,0,0,0,0,0,0,0,0,0,0,0,0,0,0,0,0,0,0,0,0,0,0,0,0,0,0,0,0,0,0,0,2,0,0,0
banana republic factory,Social | Conversion | CVR,2025-06-01,3555.28,16911.13,6171.0,0,0,0,0,0,0,0,1,0,0,0,0,0,0,0,0,0,0,0,0,0,0,0,0,0,0,0,0,0,0,0,0,0,0,0,0,0,0,0,1,0,0,0
banana republic factory,Social | Conversion | CVR,2025-06-08,2791.84,19135.28,4341.0,0,0,0,0,0,0,0,0,0,0,0,0,0,0,0,0,0,0,0,0,0,0,0,0,0,0,0,0,0,0,0,0,0,0,0,0,0,0,0,0,0,0,0
banana republic factory,Social | Conversion | CVR,2025-06-15,3213.98,38660.19,10457.0,0,0,0,0,0,0,0,0,1,0,0,0,0,0,0,0,0,0,0,0,0,0,0,0,0,0,0,0,0,0,0,0,0,0,0,0,0,1,0,0,0,0,0
banana republic factory,Social | Conversion | CVR,2025-06-22,4383.9,53425.770000000004,15716.0,0,0,0,0,0,0,0,0,2,1,0,0,0,0,0,0,0,0,0,0,0,0,0,0,0,0,0,0,0,0,0,0,0,0,0,0,0,2,0,1,0,0,0
banana republic factory,Social | Conversion | CVR,2025-06-29,7267.38,65099.51,20941.0,0,0,0,0,0,0,0,0,0,2,0,0,0,0,0,0,0,0,0,0,0,0,0,0,0,0,0,0,0,0,0,0,0,0,0,0,0,0,0,2,0,0,0
banana republic factory,Social | Conversion | CVR,2025-07-06,3772.24,34266.01,11219.0,0,0,0,0,0,0,0,0,0,1,2,0,0,0,0,0,0,0,0,0,0,0,0,0,0,0,0,0,0,0,0,0,0,0,0,0,0,0,0,1,2,0,0
banana republic factory,Social | Conversion | CVR,2025-07-13,2053.45,14766.25,6695.0,0,0,0,0,0,0,0,0,0,0,1,0,0,0,0,0,0,0,0,0,0,0,0,0,0,0,0,0,0,0,0,0,0,0,0,0,0,0,0,0,1,0,0
banana republic factory,Social | Conversion | CVR,2025-07-20,6107.02,19953.14,10421.0,0,0,0,0,0,0,0,0,0,0,0,0,0,0,0,0,0,0,0,0,0,0,0,0,0,0,0,0,0,0,0,0,0,0,0,0,0,0,0,0,0,0,0
banana republic factory,Social | Conversion | CVR,2025-07-27,4154.07,34940.78,18908.0,0,0,0,0,0,0,0,0,0,0,0,0,0,0,0,0,0,0,0,0,0,1,0,0,0,0,0,0,0,0,0,0,0,0,0,0,0,1,0,0,0,0,0
banana republic factory,Social | Conversion | CVR,2025-08-03,3101.64,24197.260000000002,13299.0,0,0,0,0,0,0,0,0,0,0,0,0,0,0,0,0,0,0,0,0,0,0,0,0,0,0,0,0,0,0,0,0,0,0,0,0,0,0,0,0,0,0,0
banana republic factory,Social | Conversion | CVR,2025-08-10,2089.43,20530.55,9445.0,0,0,0,0,0,0,0,0,0,0,0,0,0,0,0,0,0,0,0,0,0,0,0,0,0,0,0,0,0,0,0,0,0,0,0,0,0,0,0,0,0,0,0
banana republic factory,Social | Conversion | CVR ASC,2024-07-28,1820.75,0.0,0.0,0,0,0,0,0,0,0,0,0,0,0,0,0,0,0,0,0,0,0,0,0,0,0,0,0,0,0,0,0,0,0,0,0,0,0,0,0,0,0,0,0,0,0
banana republic factory,Social | Conversion | CVR ASC,2024-08-04,44236.09,0.0,0.0,0,0,0,0,0,0,0,0,0,0,0,0,0,0,0,0,0,0,0,0,0,0,0,0,0,0,0,0,0,0,0,0,0,0,0,0,0,0,0,0,0,0,0
banana republic factory,Social | Conversion | CVR ASC,2024-08-11,61201.85,0.0,0.0,0,0,0,0,0,0,0,0,0,0,0,0,0,0,0,0,0,0,0,0,0,0,0,0,0,0,0,0,0,0,0,0,0,0,0,0,0,0,0,0,0,0,0
banana republic factory,Social | Conversion | CVR ASC,2024-08-18,87165.22,0.0,0.0,0,0,0,0,0,0,0,0,0,0,0,2,0,0,0,0,0,0,0,0,0,0,0,0,0,0,0,0,0,0,0,0,0,0,0,0,0,2,0,0,0,0,0
banana republic factory,Social | Conversion | CVR ASC,2024-08-25,110110.17,292196.31,107137.0,0,0,0,0,0,0,0,0,0,0,0,1,2,0,0,0,0,0,0,0,0,0,0,0,0,0,0,0,0,0,0,0,0,0,0,0,0,2,0,0,0,0,0
banana republic factory,Social | Conversion | CVR ASC,2024-09-01,74153.67,383979.19,145438.0,0,0,0,0,0,0,0,0,0,0,0,0,1,0,0,0,0,0,0,0,0,0,0,0,0,0,0,0,0,0,0,0,0,0,0,0,0,1,0,0,0,0,0
banana republic factory,Social | Conversion | CVR ASC,2024-09-08,53054.47,203934.85,77920.0,0,0,0,0,0,0,0,0,0,0,0,0,0,0,0,0,0,0,0,0,0,0,0,0,0,0,0,0,0,0,0,0,0,0,0,0,0,0,0,0,0,0,0
banana republic factory,Social | Conversion | CVR ASC,2024-09-15,93056.88,477467.1,188168.0,0,2,0,0,0,0,0,0,0,0,0,0,0,0,0,0,0,0,0,0,0,0,0,0,0,0,0,0,0,0,0,0,0,0,0,0,0,2,0,0,0,0,0
banana republic factory,Social | Conversion | CVR ASC,2024-09-22,24071.76,146352.82,53663.0,0,1,0,0,0,0,0,0,0,0,0,0,0,1,0,0,0,0,0,0,0,0,0,0,0,0,0,0,0,0,0,0,0,0,0,0,0,1,0,0,0,0,0
banana republic factory,Social | Conversion | CVR ASC,2024-09-29,69350.91,310635.32,125017.0,0,0,0,0,0,0,0,0,0,0,0,0,0,2,0,0,0,0,0,0,0,0,0,0,0,0,0,0,0,0,0,0,0,0,0,0,0,2,0,0,0,0,0
banana republic factory,Social | Conversion | CVR ASC,2024-10-06,61550.24,246322.6,114644.0,0,0,0,0,0,0,0,0,0,0,0,0,0,1,0,0,0,0,0,0,0,0,0,0,0,0,0,0,0,0,0,0,0,0,0,0,0,1,0,0,0,0,0
banana republic factory,Social | Conversion | CVR ASC,2024-10-13,65230.060000000005,334474.75,146433.0,0,0,0,0,0,0,0,0,0,0,0,0,0,0,0,0,0,0,0,0,0,0,0,0,0,0,0,0,0,0,0,0,0,0,0,0,0,0,0,0,0,0,0
banana republic factory,Social | Conversion | CVR ASC,2024-10-20,66897.77,305782.76,141368.0,0,0,0,0,0,1,0,0,0,0,0,0,0,0,0,0,0,0,0,0,0,0,0,0,0,0,0,0,0,0,0,0,0,0,0,0,0,0,0,0,1,0,0
banana republic factory,Social | Conversion | CVR ASC,2024-10-27,69697.37,325436.95,139744.0,0,0,0,0,0,2,0,0,0,0,0,0,0,0,1,0,0,0,0,0,0,0,0,0,0,0,0,0,0,0,0,0,0,0,0,0,0,1,0,0,2,0,0
banana republic factory,Social | Conversion | CVR ASC,2024-11-03,81531.0,464606.48,169829.0,0,0,0,0,0,0,0,0,0,0,0,0,0,0,2,0,0,0,0,0,0,0,0,0,0,0,0,0,0,0,0,0,0,0,0,0,0,2,0,0,0,0,0
banana republic factory,Social | Conversion | CVR ASC,2024-11-10,67552.57,404420.69,159103.0,0,0,0,0,0,0,0,0,0,0,0,0,0,0,1,0,0,0,0,0,0,0,0,0,0,0,0,0,0,0,0,0,0,0,0,0,0,1,0,0,0,0,0
banana republic factory,Social | Conversion | CVR ASC,2024-11-17,123064.48999999999,660440.99,224719.0,0,0,0,0,0,0,0,0,0,0,0,0,0,0,0,2,0,0,0,0,0,0,0,0,0,0,0,0,0,0,0,0,0,0,0,0,0,0,0,0,2,0,0
banana republic factory,Social | Conversion | CVR ASC,2024-11-24,221670.25,892033.28,262837.0,0,0,0,0,0,0,0,0,0,0,0,0,0,0,0,1,2,0,0,0,0,0,0,0,0,0,0,0,0,0,0,0,0,0,0,0,0,0,0,0,2,0,0
banana republic factory,Social | Conversion | CVR ASC,2024-12-01,220426.67,719777.0,257412.0,0,0,0,0,0,0,0,0,0,0,0,0,0,0,0,0,0,2,0,0,0,0,0,0,0,0,0,0,0,0,0,0,0,0,0,0,0,0,0,0,2,0,0
banana republic factory,Social | Conversion | CVR ASC,2024-12-08,99790.76,425319.31,194942.0,0,0,0,0,0,0,0,0,0,0,0,0,0,0,0,0,0,0,2,0,0,0,0,0,0,0,0,0,0,0,0,0,0,0,0,0,0,0,0,2,0,0,0
banana republic factory,Social | Conversion | CVR ASC,2024-12-15,52950.17,113633.92,45955.0,0,0,0,0,0,0,0,0,0,0,0,0,0,0,0,0,0,0,2,1,0,0,0,0,0,0,0,0,0,0,0,0,0,0,0,0,0,1,0,2,0,0,0
banana republic factory,Social | Conversion | CVR ASC,2024-12-22,47383.26,165879.79,74522.0,0,0,0,0,0,0,0,0,0,0,0,0,0,0,0,0,0,0,0,2,1,0,0,0,0,0,0,0,0,0,0,0,0,0,0,0,0,2,0,0,0,0,0
banana republic factory,Social | Conversion | CVR ASC,2024-12-29,45253.87,303818.65,148604.0,0,0,0,0,0,0,0,0,0,0,0,0,0,0,0,0,0,0,0,0,2,0,0,0,0,0,0,0,0,0,0,0,0,0,0,0,0,2,0,0,0,0,0
banana republic factory,Social | Conversion | CVR ASC,2025-01-05,23289.2,175304.82,92028.0,0,0,0,0,0,0,0,0,0,0,0,0,0,0,0,0,0,0,0,0,0,0,0,0,0,0,0,0,0,0,0,0,0,0,0,0,0,0,0,0,0,0,0
banana republic factory,Social | Conversion | CVR ASC,2025-01-12,23297.52,173515.76,86558.0,0,0,0,0,0,0,0,0,0,0,0,0,0,0,0,0,0,0,0,0,0,0,0,0,0,0,0,0,0,0,0,0,0,0,0,0,0,0,0,0,0,0,0
banana republic factory,Social | Conversion | CVR ASC,2025-01-19,25164.29,192036.75,87862.0,0,0,0,0,0,0,0,0,0,0,0,0,0,0,0,0,0,0,0,0,0,0,0,0,0,0,0,0,0,0,0,0,0,0,0,0,0,0,0,0,0,0,0
banana republic factory,Social | Conversion | CVR ASC,2025-01-26,25790.72,215109.99,91673.0,0,0,0,0,0,0,0,0,0,0,0,0,0,0,0,0,0,0,0,0,0,0,0,0,0,0,0,0,0,0,0,0,0,0,0,0,0,0,0,0,0,0,0
banana republic factory,Social | Conversion | CVR ASC,2025-02-02,29940.17,191211.29,94463.0,0,0,0,0,0,0,0,0,0,0,0,0,0,0,0,0,0,0,0,0,0,0,0,0,0,0,0,0,0,0,0,0,0,0,0,0,0,0,0,0,0,0,0
banana republic factory,Social | Conversion | CVR ASC,2025-02-09,36517.69,233102.72,99410.0,2,0,0,0,0,0,0,0,0,0,0,0,0,0,0,0,0,0,0,0,0,0,0,0,0,0,0,0,0,0,0,0,0,0,0,0,0,2,0,0,0,0,0
banana republic factory,Social | Conversion | CVR ASC,2025-02-16,47781.88,277825.0,119752.0,1,0,0,0,0,0,0,0,0,0,0,0,0,0,0,0,0,0,0,0,0,0,0,0,0,0,0,0,0,0,0,0,0,0,0,0,0,1,0,0,0,0,0
banana republic factory,Social | Conversion | CVR ASC,2025-02-23,47795.659999999996,321302.75,135270.0,0,0,0,0,0,0,0,0,0,0,0,0,0,0,0,0,0,0,0,0,0,0,0,0,0,0,0,0,0,0,0,0,0,0,0,0,0,0,0,0,0,0,0
banana republic factory,Social | Conversion | CVR ASC,2025-03-02,45263.54,296863.07,126197.0,0,0,0,0,0,0,0,0,0,0,0,0,0,0,0,0,0,0,0,0,0,0,0,0,0,0,0,0,0,0,0,0,0,0,0,0,0,0,0,0,0,0,0
banana republic factory,Social | Conversion | CVR ASC,2025-03-09,49820.37,287789.8,127969.0,0,0,0,0,0,0,0,0,0,0,0,0,0,0,0,0,0,0,0,0,0,0,0,0,0,0,0,0,0,0,0,0,0,0,0,0,0,0,0,0,0,0,0
banana republic factory,Social | Conversion | CVR ASC,2025-03-16,68186.35,353190.3,149755.0,0,0,0,0,0,0,0,0,0,0,0,0,0,0,0,0,0,0,0,0,0,0,0,0,0,0,0,0,0,0,0,0,0,0,0,0,0,0,0,0,0,0,0
banana republic factory,Social | Conversion | CVR ASC,2025-03-23,95500.16,571441.64,198894.0,0,2,0,0,0,0,0,0,0,0,0,0,0,0,0,0,0,0,0,0,0,0,0,0,0,0,0,0,0,0,0,0,0,0,0,0,0,2,0,0,0,0,0
banana republic factory,Social | Conversion | CVR ASC,2025-03-30,75472.08,455173.48,176444.0,0,1,0,0,0,0,0,0,0,0,0,0,0,0,0,0,0,0,0,0,0,0,0,0,0,0,0,0,0,0,0,0,0,0,0,0,0,1,0,0,0,0,0
banana republic factory,Social | Conversion | CVR ASC,2025-04-06,84503.04000000001,561911.44,180031.0,0,0,2,1,0,0,0,0,0,0,0,0,0,0,0,0,0,0,0,0,0,0,0,0,0,0,0,0,0,0,0,0,0,0,0,0,0,2,0,1,0,0,0
banana republic factory,Social | Conversion | CVR ASC,2025-04-13,76108.33,465736.93,177660.0,0,0,0,2,0,0,0,0,0,0,0,0,0,0,0,0,0,0,0,0,0,0,0,0,0,0,0,0,0,0,0,0,0,0,0,0,0,0,0,2,0,0,0
banana republic factory,Social | Conversion | CVR ASC,2025-04-20,80521.5,468675.33999999997,190507.0,0,0,0,1,0,0,0,0,0,0,0,0,0,0,0,0,0,0,0,0,0,0,0,0,0,0,0,0,0,0,0,0,0,0,0,0,0,0,0,1,0,0,0
banana republic factory,Social | Conversion | CVR ASC,2025-04-27,130222.6,721516.04,287163.0,0,0,0,0,0,1,0,0,0,0,0,0,0,0,0,0,0,0,0,0,0,0,0,0,0,0,0,0,0,0,0,0,0,0,0,0,0,0,0,0,1,0,0
banana republic factory,Social | Conversion | CVR ASC,2025-05-04,93969.20999999999,473752.2,208329.0,0,0,0,0,0,2,0,0,0,0,0,0,0,0,0,0,0,0,0,0,0,0,0,0,0,0,0,0,0,0,0,0,0,0,0,0,0,0,0,0,2,0,0
banana republic factory,Social | Conversion | CVR ASC,2025-05-11,106312.45,553085.6699999999,248920.0,0,0,0,0,0,0,1,0,0,0,0,0,0,0,0,0,0,0,0,0,0,1,0,0,0,0,0,0,0,0,0,0,0,0,0,0,0,1,0,0,0,0,0
banana republic factory,Social | Conversion | CVR ASC,2025-05-18,118355.24,753450.12,319271.0,0,0,0,0,0,0,1,2,0,0,0,0,0,0,0,0,0,0,0,0,0,0,0,0,0,0,0,0,0,0,0,0,0,0,0,0,0,1,0,2,0,0,0
banana republic factory,Social | Conversion | CVR ASC,2025-05-25,110480.58,690413.61,292260.0,0,0,0,0,0,0,0,2,0,0,0,0,0,0,0,0,0,0,0,0,0,0,0,0,0,0,0,0,0,0,0,0,0,0,0,0,0,0,0,2,0,0,0
banana republic factory,Social | Conversion | CVR ASC,2025-06-01,66350.67,327529.73,192084.0,0,0,0,0,0,0,0,1,0,0,0,0,0,0,0,0,0,0,0,0,0,0,0,0,0,0,0,0,0,0,0,0,0,0,0,0,0,0,0,1,0,0,0
banana republic factory,Social | Conversion | CVR ASC,2025-06-08,55026.630000000005,361647.03,166907.0,0,0,0,0,0,0,0,0,0,0,0,0,0,0,0,0,0,0,0,0,0,0,0,0,0,0,0,0,0,0,0,0,0,0,0,0,0,0,0,0,0,0,0
banana republic factory,Social | Conversion | CVR ASC,2025-06-15,55491.66,334570.80000000005,130805.0,0,0,0,0,0,0,0,0,1,0,0,0,0,0,0,0,0,0,0,0,0,0,0,0,0,0,0,0,0,0,0,0,0,0,0,0,0,1,0,0,0,0,0
banana republic factory,Social | Conversion | CVR ASC,2025-06-22,76361.61,485727.36,220060.0,0,0,0,0,0,0,0,0,2,1,0,0,0,0,0,0,0,0,0,0,0,0,0,0,0,0,0,0,0,0,0,0,0,0,0,0,0,2,0,1,0,0,0
banana republic factory,Social | Conversion | CVR ASC,2025-06-29,102820.57,594303.58,258851.0,0,0,0,0,0,0,0,0,0,2,0,0,0,0,0,0,0,0,0,0,0,0,0,0,0,0,0,0,0,0,0,0,0,0,0,0,0,0,0,2,0,0,0
banana republic factory,Social | Conversion | CVR ASC Omni,2025-07-06,13131.970000000001,68712.89,41215.0,0,0,0,0,0,0,0,0,0,1,2,0,0,0,0,0,0,0,0,0,0,0,0,0,0,0,0,0,0,0,0,0,0,0,0,0,0,0,0,1,2,0,0
banana republic factory,Social | Conversion | CVR ASC Omni,2025-07-13,12507.39,60246.5,35712.0,0,0,0,0,0,0,0,0,0,0,1,0,0,0,0,0,0,0,0,0,0,0,0,0,0,0,0,0,0,0,0,0,0,0,0,0,0,0,0,0,1,0,0
banana republic factory,Social | Conversion | CVR ASC Omni,2025-07-20,9745.48,22583.39,19904.0,0,0,0,0,0,0,0,0,0,0,0,0,0,0,0,0,0,0,0,0,0,0,0,0,0,0,0,0,0,0,0,0,0,0,0,0,0,0,0,0,0,0,0
banana republic factory,Social | Conversion | CVR ASC Omni,2025-07-27,13980.75,83381.71,51616.0,0,0,0,0,0,0,0,0,0,0,0,0,0,0,0,0,0,0,0,0,0,1,0,0,0,0,0,0,0,0,0,0,0,0,0,0,0,1,0,0,0,0,0
banana republic factory,Social | Conversion | CVR ASC Omni,2025-08-03,10300.92,62861.44,37742.0,0,0,0,0,0,0,0,0,0,0,0,0,0,0,0,0,0,0,0,0,0,0,0,0,0,0,0,0,0,0,0,0,0,0,0,0,0,0,0,0,0,0,0
banana republic factory,Social | Conversion | CVR ASC Omni,2025-08-10,16137.24,167979.63999999998,69939.0,0,0,0,0,0,0,0,0,0,0,0,0,0,0,0,0,0,0,0,0,0,0,0,0,0,0,0,0,0,0,0,0,0,0,0,0,0,0,0,0,0,0,0
banana republic factory,Social | Conversion | CVR ASC Omni,2025-08-17,55352.369999999995,523550.45999999996,189748.0,0,0,0,0,0,0,0,0,0,0,0,2,0,0,0,0,0,0,0,0,0,0,0,0,0,0,0,0,0,0,0,0,0,0,0,0,0,2,0,0,0,0,0
banana republic factory,Social | Conversion | CVR ASC Omni,2025-08-24,57176.25,339871.04,115502.0,0,0,0,0,0,0,0,0,0,0,0,1,2,0,0,0,0,0,0,0,0,0,0,0,0,0,0,0,0,0,0,0,0,0,0,0,0,1,0,2,0,0,0
banana republic factory,Social | Conversion | CVR ASC Omni,2025-08-31,34259.43,154283.16,66137.0,0,0,0,0,0,0,0,0,0,0,0,0,1,0,0,0,0,0,0,0,0,0,0,0,0,0,0,0,0,0,0,0,0,0,0,0,0,0,0,1,0,0,0
banana republic factory,Social | Conversion | CVR ASC Omni,2025-09-07,90455.85,701515.73,278893.0,0,1,0,0,0,0,0,0,0,0,0,0,0,0,0,0,0,0,0,0,0,0,0,0,0,0,0,0,0,0,0,0,0,0,0,0,0,1,0,0,0,0,0
banana republic factory,Social | Conversion | CVR ASC Omni,2025-09-14,85667.56,760049.91,254530.0,0,2,0,0,0,0,0,0,0,0,0,0,0,0,0,0,0,0,0,0,0,0,0,0,0,0,0,0,0,0,0,0,0,0,0,0,0,2,0,0,0,0,0
banana republic factory,Social | Conversion | CVR ASC Omni,2025-09-21,39211.46,256759.36,131351.0,0,1,0,0,0,0,0,0,0,0,0,0,0,0,0,0,0,0,0,0,0,0,0,0,0,0,0,0,0,0,0,0,0,0,0,0,0,1,0,0,0,0,0
banana republic factory,Social | Conversion | CVR ASC Omni,2025-09-28,39474.85,167999.7,90352.0,0,0,0,0,0,0,0,0,0,0,0,0,0,0,0,0,0,0,0,0,0,0,0,0,0,0,0,0,0,0,0,0,0,0,0,0,0,0,0,0,0,0,0
banana republic factory,Social | Conversion | CVR ASC Omni,2025-10-05,31751.36,188277.09,70243.0,0,0,0,0,0,0,0,0,0,0,0,0,0,2,0,0,0,0,0,0,0,0,0,0,0,0,0,0,0,0,0,0,0,0,0,0,0,2,0,0,0,0,0
banana republic factory,Social | Conversion | CVR ASC Omni,2025-10-12,49954.06,231489.15000000002,146862.0,0,0,0,0,0,0,0,0,0,0,0,0,0,1,0,0,0,0,0,0,0,0,0,0,0,0,0,0,0,0,0,0,0,0,0,0,0,1,0,0,0,0,0
banana republic factory,Social | Conversion | CVR ASC Omni,2025-10-19,58811.82,374198.32,174654.0,0,0,0,0,0,1,0,0,0,0,0,0,0,0,0,0,0,0,0,0,0,0,0,0,0,0,0,0,0,0,0,0,0,0,0,0,0,0,0,0,1,0,0
banana republic factory,Social | Conversion | CVR ASC Omni,2025-10-26,74933.41,488156.62,229663.0,0,0,0,0,0,2,0,0,0,0,0,0,0,0,1,0,0,0,0,0,0,0,0,0,0,0,0,0,0,0,0,0,0,0,0,0,0,1,0,0,2,0,0
banana republic factory,Social | Conversion | CVR ASC Omni,2025-11-02,80496.72,563462.25,266340.0,0,0,0,0,0,0,0,0,0,0,0,0,0,0,2,0,0,0,0,0,0,0,0,0,0,0,0,0,0,0,0,0,0,0,0,0,0,2,0,0,0,0,0
banana republic factory,Social | Conversion | CVR ASC Omni,2025-11-09,63540.1,395162.74,169464.0,0,0,0,0,0,0,0,0,0,0,0,0,0,0,1,0,0,0,0,0,0,0,0,0,0,0,0,0,0,0,0,0,0,0,0,0,0,1,0,0,0,0,0
banana republic factory,Social | Conversion | CVR ASC Omni,2025-11-16,60300.2,416978.67,142127.0,0,0,0,0,0,0,0,0,0,0,0,0,0,0,0,2,0,0,0,0,0,0,0,0,0,0,0,0,0,0,0,0,0,0,0,0,0,0,0,0,2,0,0
banana republic factory,Social | Conversion | CVR ASC Omni,2025-11-23,128343.39,556186.27,197230.0,0,0,0,0,0,0,0,0,0,0,0,0,0,0,0,1,2,0,0,0,0,0,0,0,0,0,0,0,0,0,0,0,0,0,0,0,0,0,0,0,2,0,0
banana republic factory,Social | Conversion | CVR ASC Omni,2025-11-30,191010.08000000002,648639.25,266634.0,0,0,0,0,0,0,0,0,0,0,0,0,0,0,0,0,0,2,0,0,0,0,0,0,0,0,0,0,0,0,0,0,0,0,0,0,0,0,0,0,2,0,0
banana republic factory,Social | Conversion | CVR ASC Omni,2025-12-07,71341.9,333493.05,153805.0,0,0,0,0,0,0,0,0,0,0,0,0,0,0,0,0,0,0,2,0,0,0,0,0,0,0,0,0,0,0,0,0,0,0,0,0,0,0,0,2,0,0,0
banana republic factory,Social | Conversion | CVR ASC Omni,2025-12-14,58650.340000000004,268821.23,129591.0,0,0,0,0,0,0,0,0,0,0,0,0,0,0,0,0,0,0,2,1,0,0,0,0,0,0,0,0,0,0,0,0,0,0,0,0,0,1,0,2,0,0,0
banana republic factory,Social | Conversion | CVR ASC Omni,2025-12-21,43314.32,214055.88,129262.0,0,0,0,0,0,0,0,0,0,0,0,0,0,0,0,0,0,0,0,2,1,0,0,0,0,0,0,0,0,0,0,0,0,0,0,0,0,2,0,0,0,0,0
banana republic factory,Social | Conversion | CVR ASC Omni,2025-12-28,37523.54,229071.88999999998,139393.0,0,0,0,0,0,0,0,0,0,0,0,0,0,0,0,0,0,0,0,0,2,0,0,0,0,0,0,0,0,0,0,0,0,0,0,0,0,2,0,0,0,0,0
banana republic factory,Social | Conversion | CVR ASC Omni,2026-01-04,15034.89,108549.91,60343.0,0,0,0,0,0,0,0,0,0,0,0,0,0,0,0,0,0,0,0,0,1,0,0,0,0,0,0,0,0,0,0,0,0,0,0,0,0,1,0,0,0,0,0
banana republic factory,Social | Conversion | CVR ASC Omni,2026-01-11,12478.25,112982.24,53550.0,0,0,0,0,0,0,0,0,0,0,0,0,0,0,0,0,0,0,0,0,0,0,1,0,0,0,0,0,0,0,0,0,0,0,0,0,0,1,0,0,0,0,0
banana republic factory,Social | Conversion | CVR ASC Omni,2026-01-18,10430.89,108408.48999999999,52405.0,0,0,0,0,0,0,0,0,0,0,0,0,0,0,0,0,0,0,0,0,0,0,1,0,0,0,0,0,0,0,0,0,0,0,0,0,0,1,0,0,0,0,0
banana republic factory,Social | Conversion | CVR ASC Omni,2026-01-25,11355.06,109447.54999999999,59167.0,0,0,0,0,0,0,0,0,0,0,0,0,0,0,0,0,0,0,0,0,0,0,0,0,0,0,0,0,0,0,0,0,0,0,0,0,0,0,0,0,0,0,0
banana republic factory,Social | Conversion | CVR ASC Omni,2026-02-01,22200.2,139911.47,81024.0,0,0,0,0,0,0,0,0,0,0,0,0,0,0,0,0,0,0,0,0,0,0,0,0,0,0,0,0,0,0,0,0,0,0,0,0,0,0,0,0,0,0,0
banana republic factory,Social | Conversion | CVR ASC Omni,2026-02-08,30143.11,176293.79,90566.0,2,0,0,0,0,0,0,0,0,0,0,0,0,0,0,0,0,0,0,0,0,0,0,0,0,0,0,0,0,0,0,0,0,0,0,0,0,2,0,0,0,0,0
banana republic factory,Social | Conversion | CVR ASC Omni,2026-02-15,25265.06,122952.48,68077.0,1,0,0,0,0,0,0,0,0,0,0,0,0,0,0,0,0,0,0,0,0,0,0,0,0,0,0,0,0,0,0,0,0,0,0,0,0,1,0,0,0,0,0
banana republic factory,Social | Conversion | CVR ASC Omni,2026-02-22,26434.0,248993.26,106926.0,0,0,0,0,0,0,0,0,0,0,0,0,0,0,0,0,0,0,0,0,0,1,0,0,0,0,0,0,0,0,0,0,0,0,0,0,0,1,0,0,0,0,0
banana republic factory,Social | Conversion | CVR ASC Omni,2026-03-01,27755.22,236685.56,102565.0,0,0,0,0,0,0,0,0,0,0,0,0,0,0,0,0,0,0,0,0,0,0,0,0,0,0,0,0,0,0,0,0,0,0,0,0,0,0,0,0,0,0,0
banana republic factory,Social | Conversion | CVR ASC Omni,2026-03-08,48472.75,324825.57,131919.0,0,1,0,0,0,0,0,0,0,0,0,0,0,0,0,0,0,0,0,0,0,1,0,0,0,0,0,0,0,0,0,0,0,0,0,0,0,1,1,0,0,0,0
banana republic factory,Social | Conversion | CVR ASC Omni,2026-03-15,44527.15,251169.84,127840.0,0,1,0,0,0,0,0,0,0,0,0,0,0,0,0,0,0,0,0,0,0,0,0,0,0,0,0,0,0,0,0,0,0,0,0,0,0,1,0,0,0,0,0
banana republic factory,Social | Conversion | CVR ASC Omni,2026-03-22,65263.909999999996,433569.08,205650.0,0,0,2,0,0,0,0,0,0,0,0,0,0,0,0,0,0,0,0,0,0,1,0,0,0,0,0,0,0,0,0,0,0,0,0,0,0,2,1,0,0,0,0
banana republic factory,Social | Conversion | CVR ASC Omni,2026-03-29,65375.97,360463.21,182229.0,0,0,1,2,0,0,0,0,0,0,0,0,0,0,0,0,0,0,0,0,0,0,0,0,0,0,0,0,0,0,0,0,0,0,0,0,0,1,0,2,0,0,0
banana republic factory,Social | Conversion | CVR ASC Omni,2026-04-05,39890.79,203505.69,128720.0,0,0,0,1,0,0,0,0,0,0,0,0,0,0,0,0,0,0,0,0,0,0,0,0,0,0,0,0,0,0,0,0,0,0,0,0,0,0,0,1,0,0,0
banana republic factory,Social | Conversion | CVR ASC Omni,2026-04-12,49447.74,314549.83999999997,172030.0,0,0,0,0,0,0,0,0,0,0,0,0,0,0,0,0,0,0,0,0,0,1,0,0,0,0,0,0,0,0,0,0,0,0,0,0,0,1,0,0,0,0,0
banana republic factory,Social | Conversion | CVR ASC Omni,2026-04-19,36091.090000000004,236022.56,141530.0,0,0,0,0,0,0,0,0,0,0,0,0,0,0,0,0,0,0,0,0,0,0,0,0,0,0,0,0,0,0,0,0,0,0,0,0,0,0,0,0,0,0,0
banana republic factory,Social | Conversion | CVR ASC Omni,2026-04-26,75754.33,300079.70999999996,223636.0,0,0,0,0,0,2,0,0,0,0,0,0,0,0,0,0,0,0,0,0,0,1,0,0,0,0,0,0,0,0,0,0,0,0,0,0,0,1,0,0,2,0,0
banana republic factory,Social | Conversion | CVR ASC Omni,2026-05-03,37404.51,159228.54,109709.0,0,0,0,0,0,1,0,0,0,0,0,0,0,0,0,0,0,0,0,0,0,0,0,0,0,0,0,0,0,0,0,0,0,0,0,0,0,0,0,0,1,0,0
banana republic factory,Social | Conversion | CVR ASC Omni,2026-05-10,51744.08,287234.79,157809.0,0,0,0,0,0,0,1,0,0,0,0,0,0,0,0,0,0,0,0,0,0,1,0,0,0,0,0,0,0,0,0,0,0,0,0,0,0,1,0,0,0,0,0
banana republic factory,Social | Conversion | CVR ASC Omni,2026-05-17,55259.36,378477.66,188659.0,0,0,0,0,0,0,1,2,0,0,0,0,0,0,0,0,0,0,0,0,0,0,0,0,0,0,0,0,0,0,0,0,0,0,0,0,0,1,0,2,0,0,0
banana republic factory,Social | Conversion | CVR ASC Omni,2026-05-24,58686.91,336038.81,186044.0,0,0,0,0,0,0,0,2,0,0,0,0,0,0,0,0,0,0,0,0,0,0,0,0,0,0,0,0,0,0,0,0,0,0,0,0,0,0,0,2,0,0,0
banana republic factory,Social | Conversion | CVR ASC Omni,2026-05-31,28354.24,144711.44,99007.0,0,0,0,0,0,0,0,0,0,0,0,0,0,0,0,0,0,0,0,0,0,0,0,0,0,0,0,0,0,0,0,0,0,0,0,0,0,0,0,0,0,0,0
banana republic factory,Social | Conversion | CVR ASC Omni,2026-06-07,29595.13,177877.38,114712.0,0,0,0,0,0,0,0,0,0,0,0,0,0,0,0,0,0,0,0,0,0,0,0,0,0,0,0,0,0,0,0,0,0,0,0,0,0,0,0,0,0,0,0
banana republic factory,Social | Conversion | CVR ASC Omni,2026-06-14,35412.7,183710.9,120273.0,0,0,0,0,0,0,0,0,1,0,0,0,0,0,0,0,0,0,0,0,0,0,0,0,0,0,0,0,0,0,0,0,0,0,0,0,0,1,0,0,0,0,0
banana republic factory,Social | Conversion | CVR ASC Omni,2026-06-21,54035.73,257013.36000000002,161084.0,0,0,0,0,0,0,0,0,2,1,0,0,0,0,0,0,0,0,0,0,0,0,0,0,0,0,0,0,0,0,0,0,0,0,0,0,0,2,0,1,0,0,0
banana republic factory,Social | Conversion | CVR ASC Omni,2026-06-28,53274.409999999996,258144.3,161883.0,0,0,0,0,0,0,0,0,0,2,0,0,0,0,0,0,0,0,0,0,0,0,0,0,0,0,0,0,0,0,0,0,0,0,0,0,0,0,0,2,0,0,0
banana republic factory,Social | Conversion | CVR ASC Omni,2026-07-05,33677.7,167790.7,125272.0,0,0,0,0,0,0,0,0,0,1,2,0,0,0,0,0,0,0,0,0,0,0,0,0,0,0,0,0,0,0,0,0,0,0,0,0,0,0,0,1,2,0,0
banana republic factory,Social | Conversion | CVR ASC Omni,2026-07-12,30503.75,217977.53,138261.0,0,0,0,0,0,0,0,0,0,0,1,0,0,0,0,0,0,0,0,0,0,0,0,0,0,0,0,0,0,0,0,0,0,0,0,0,0,0,0,0,1,0,0
banana republic factory,Social | Conversion | CVR ASC Omni,2026-07-19,32214.54,222311.75999999998,136826.0,0,0,0,0,0,0,0,0,0,0,0,0,0,0,0,0,0,0,0,0,0,0,0,0,0,0,0,0,0,0,0,0,0,0,0,0,0,0,0,0,0,0,0
banana republic factory,Social | Conversion | CVR ASC Omni,2026-07-26,50609.55,336387.97,196111.0,0,0,0,0,0,0,0,0,0,0,0,0,0,0,0,0,0,0,0,0,0,1,0,0,0,0,0,0,0,0,0,0,0,0,0,0,0,1,0,0,0,0,0
banana republic factory,Social | Conversion | CVR ASC Omni,2026-08-02,51028.509999999995,326868.93,208823.0,0,0,0,0,0,0,0,0,0,0,0,0,0,0,0,0,0,0,0,0,0,0,0,0,0,0,0,0,0,0,0,0,0,0,0,0,0,0,0,0,0,0,0
banana republic factory,Social | Conversion | CVR ASC Omni,2026-08-09,53670.4,351293.27,209570.0,0,0,0,0,0,0,0,0,0,0,0,0,0,0,0,0,0,0,0,0,0,0,0,0,0,0,0,0,0,0,0,0,0,0,0,0,0,0,0,0,0,0,0
banana republic factory,Social | Conversion | CVR ASC Omni,2026-08-16,46804.020000000004,285015.41000000003,169507.0,0,0,0,0,0,0,0,0,0,0,0,0,0,0,0,0,0,0,0,0,0,0,0,0,0,0,0,0,0,0,0,0,0,0,0,0,0,0,0,0,0,0,0
banana republic factory,Social | Conversion | CVR ASC Value,2025-07-06,32943.79,206303.18,80157.0,0,0,0,0,0,0,0,0,0,1,2,0,0,0,0,0,0,0,0,0,0,0,0,0,0,0,0,0,0,0,0,0,0,0,0,0,0,0,0,1,2,0,0
banana republic factory,Social | Conversion | CVR ASC Value,2025-07-13,33122.7,179038.65,72146.0,0,0,0,0,0,0,0,0,0,0,1,0,0,0,0,0,0,0,0,0,0,0,0,0,0,0,0,0,0,0,0,0,0,0,0,0,0,0,0,0,1,0,0
banana republic factory,Social | Conversion | CVR ASC Value,2025-07-20,32556.75,117836.28,51048.0,0,0,0,0,0,0,0,0,0,0,0,0,0,0,0,0,0,0,0,0,0,0,0,0,0,0,0,0,0,0,0,0,0,0,0,0,0,0,0,0,0,0,0
banana republic factory,Social | Conversion | CVR ASC Value,2025-07-27,33878.94,269933.78,93058.0,0,0,0,0,0,0,0,0,0,0,0,0,0,0,0,0,0,0,0,0,0,1,0,0,0,0,0,0,0,0,0,0,0,0,0,0,0,1,0,0,0,0,0
banana republic factory,Social | Conversion | CVR ASC Value,2025-08-03,28200.75,215640.19,73200.0,0,0,0,0,0,0,0,0,0,0,0,0,0,0,0,0,0,0,0,0,0,0,0,0,0,0,0,0,0,0,0,0,0,0,0,0,0,0,0,0,0,0,0
banana republic factory,Social | Conversion | CVR ASC Value,2025-08-10,32167.53,210920.61,83081.0,0,0,0,0,0,0,0,0,0,0,0,0,0,0,0,0,0,0,0,0,0,0,0,0,0,0,0,0,0,0,0,0,0,0,0,0,0,0,0,0,0,0,0
banana republic factory,Social | Conversion | CVR ASC Value,2025-08-17,39678.66,342001.63,100789.0,0,0,0,0,0,0,0,0,0,0,0,2,0,0,0,0,0,0,0,0,0,0,0,0,0,0,0,0,0,0,0,0,0,0,0,0,0,2,0,0,0,0,0
banana republic factory,Social | Conversion | CVR ASC Value,2025-08-24,57591.2,502695.77,141499.0,0,0,0,0,0,0,0,0,0,0,0,1,2,0,0,0,0,0,0,0,0,0,0,0,0,0,0,0,0,0,0,0,0,0,0,0,0,1,0,2,0,0,0
banana republic factory,Social | Conversion | CVR ASC Value,2025-08-31,67685.92,482202.43,165515.0,0,0,0,0,0,0,0,0,0,0,0,0,1,0,0,0,0,0,0,0,0,0,0,0,0,0,0,0,0,0,0,0,0,0,0,0,0,0,0,1,0,0,0
banana republic factory,Social | Conversion | CVR ASC Value,2025-09-07,32755.55,348488.19,110593.0,0,1,0,0,0,0,0,0,0,0,0,0,0,0,0,0,0,0,0,0,0,0,0,0,0,0,0,0,0,0,0,0,0,0,0,0,0,1,0,0,0,0,0
banana republic factory,Social | Conversion | CVR ASC Value,2025-09-14,42758.96,394581.53,93051.0,0,2,0,0,0,0,0,0,0,0,0,0,0,0,0,0,0,0,0,0,0,0,0,0,0,0,0,0,0,0,0,0,0,0,0,0,0,2,0,0,0,0,0
banana republic factory,Social | Conversion | CVR ASC Value,2025-09-21,54312.58,406909.47,129171.0,0,1,0,0,0,0,0,0,0,0,0,0,0,0,0,0,0,0,0,0,0,0,0,0,0,0,0,0,0,0,0,0,0,0,0,0,0,1,0,0,0,0,0
banana republic factory,Social | Conversion | CVR ASC Value,2025-09-28,58309.63,419810.13,131520.0,0,0,0,0,0,0,0,0,0,0,0,0,0,0,0,0,0,0,0,0,0,0,0,0,0,0,0,0,0,0,0,0,0,0,0,0,0,0,0,0,0,0,0
banana republic factory,Social | Conversion | CVR ASC Value,2025-10-05,84646.61,638695.15,179191.0,0,0,0,0,0,0,0,0,0,0,0,0,0,2,0,0,0,0,0,0,0,0,0,0,0,0,0,0,0,0,0,0,0,0,0,0,0,2,0,0,0,0,0
banana republic factory,Social | Conversion | CVR ASC Value,2025-10-12,56606.77,487526.19,153850.0,0,0,0,0,0,0,0,0,0,0,0,0,0,1,0,0,0,0,0,0,0,0,0,0,0,0,0,0,0,0,0,0,0,0,0,0,0,1,0,0,0,0,0
banana republic factory,Social | Conversion | CVR ASC Value,2025-10-19,95655.56,838797.51,224650.0,0,0,0,0,0,1,0,0,0,0,0,0,0,0,0,0,0,0,0,0,0,0,0,0,0,0,0,0,0,0,0,0,0,0,0,0,0,0,0,0,1,0,0
banana republic factory,Social | Conversion | CVR ASC Value,2025-10-26,87784.98,757160.2,191000.0,0,0,0,0,0,2,0,0,0,0,0,0,0,0,1,0,0,0,0,0,0,0,0,0,0,0,0,0,0,0,0,0,0,0,0,0,0,1,0,0,2,0,0
banana republic factory,Social | Conversion | CVR ASC Value,2025-11-02,109554.36,894586.65,221483.0,0,0,0,0,0,0,0,0,0,0,0,0,0,0,2,0,0,0,0,0,0,0,0,0,0,0,0,0,0,0,0,0,0,0,0,0,0,2,0,0,0,0,0
banana republic factory,Social | Conversion | CVR ASC Value,2025-11-09,89384.87,663516.5700000001,159675.0,0,0,0,0,0,0,0,0,0,0,0,0,0,0,1,0,0,0,0,0,0,0,0,0,0,0,0,0,0,0,0,0,0,0,0,0,0,1,0,0,0,0,0
banana republic factory,Social | Conversion | CVR ASC Value,2025-11-16,153983.67,1178048.12,267263.0,0,0,0,0,0,0,0,0,0,0,0,0,0,0,0,2,0,0,0,0,0,0,0,0,0,0,0,0,0,0,0,0,0,0,0,0,0,0,0,0,2,0,0
banana republic factory,Social | Conversion | CVR ASC Value,2025-11-23,340157.46,1762592.42,397437.0,0,0,0,0,0,0,0,0,0,0,0,0,0,0,0,1,2,0,0,0,0,0,0,0,0,0,0,0,0,0,0,0,0,0,0,0,0,0,0,0,2,0,0
banana republic factory,Social | Conversion | CVR ASC Value,2025-11-30,335159.70999999996,1285829.74,388477.0,0,0,0,0,0,0,0,0,0,0,0,0,0,0,0,0,0,2,0,0,0,0,0,0,0,0,0,0,0,0,0,0,0,0,0,0,0,0,0,0,2,0,0
banana republic factory,Social | Conversion | CVR ASC Value,2025-12-07,115283.69,696794.38,220568.0,0,0,0,0,0,0,0,0,0,0,0,0,0,0,0,0,0,0,2,0,0,0,0,0,0,0,0,0,0,0,0,0,0,0,0,0,0,0,0,2,0,0,0
banana republic factory,Social | Conversion | CVR ASC Value,2025-12-14,65284.45,456078.9,151485.0,0,0,0,0,0,0,0,0,0,0,0,0,0,0,0,0,0,0,2,1,0,0,0,0,0,0,0,0,0,0,0,0,0,0,0,0,0,1,0,2,0,0,0
banana republic factory,Social | Conversion | CVR ASC Value,2025-12-21,66998.11,441719.17,171057.0,0,0,0,0,0,0,0,0,0,0,0,0,0,0,0,0,0,0,0,2,1,0,0,0,0,0,0,0,0,0,0,0,0,0,0,0,0,2,0,0,0,0,0
banana republic factory,Social | Conversion | CVR ASC Value,2025-12-28,50392.85,418733.24,156390.0,0,0,0,0,0,0,0,0,0,0,0,0,0,0,0,0,0,0,0,0,2,0,0,0,0,0,0,0,0,0,0,0,0,0,0,0,0,2,0,0,0,0,0
banana republic factory,Social | Conversion | CVR ASC Value,2026-01-04,26275.33,236208.47,88966.0,0,0,0,0,0,0,0,0,0,0,0,0,0,0,0,0,0,0,0,0,1,0,0,0,0,0,0,0,0,0,0,0,0,0,0,0,0,1,0,0,0,0,0
banana republic factory,Social | Conversion | CVR ASC Value,2026-01-11,25038.1,271415.53,84755.0,0,0,0,0,0,0,0,0,0,0,0,0,0,0,0,0,0,0,0,0,0,0,1,0,0,0,0,0,0,0,0,0,0,0,0,0,0,1,0,0,0,0,0
banana republic factory,Social | Conversion | CVR ASC Value,2026-01-18,23043.36,296741.27,90655.0,0,0,0,0,0,0,0,0,0,0,0,0,0,0,0,0,0,0,0,0,0,0,1,0,0,0,0,0,0,0,0,0,0,0,0,0,0,1,0,0,0,0,0
banana republic factory,Social | Conversion | CVR ASC Value,2026-01-25,23351.13,286888.41,88137.0,0,0,0,0,0,0,0,0,0,0,0,0,0,0,0,0,0,0,0,0,0,0,0,0,0,0,0,0,0,0,0,0,0,0,0,0,0,0,0,0,0,0,0
banana republic factory,Social | Conversion | CVR ASC Value,2026-02-01,31398.73,278947.74,88390.0,0,0,0,0,0,0,0,0,0,0,0,0,0,0,0,0,0,0,0,0,0,0,0,0,0,0,0,0,0,0,0,0,0,0,0,0,0,0,0,0,0,0,0
banana republic factory,Social | Conversion | CVR ASC Value,2026-02-08,43910.35,334610.54000000004,108504.0,2,0,0,0,0,0,0,0,0,0,0,0,0,0,0,0,0,0,0,0,0,0,0,0,0,0,0,0,0,0,0,0,0,0,0,0,0,2,0,0,0,0,0
banana republic factory,Social | Conversion | CVR ASC Value,2026-02-15,41837.36,360613.28,130248.0,1,0,0,0,0,0,0,0,0,0,0,0,0,0,0,0,0,0,0,0,0,0,0,0,0,0,0,0,0,0,0,0,0,0,0,0,0,1,0,0,0,0,0
banana republic factory,Social | Conversion | CVR ASC Value,2026-02-22,55548.53,695909.95,193488.0,0,0,0,0,0,0,0,0,0,0,0,0,0,0,0,0,0,0,0,0,0,1,0,0,0,0,0,0,0,0,0,0,0,0,0,0,0,1,0,0,0,0,0
banana republic factory,Social | Conversion | CVR ASC Value,2026-03-01,57892.67,533911.04,170174.0,0,0,0,0,0,0,0,0,0,0,0,0,0,0,0,0,0,0,0,0,0,0,0,0,0,0,0,0,0,0,0,0,0,0,0,0,0,0,0,0,0,0,0
banana republic factory,Social | Conversion | CVR ASC Value,2026-03-08,90907.24,668886.81,196380.0,0,1,0,0,0,0,0,0,0,0,0,0,0,0,0,0,0,0,0,0,0,1,0,0,0,0,0,0,0,0,0,0,0,0,0,0,0,1,1,0,0,0,0
banana republic factory,Social | Conversion | CVR ASC Value,2026-03-15,81815.52,546620.26,159340.0,0,1,0,0,0,0,0,0,0,0,0,0,0,0,0,0,0,0,0,0,0,0,0,0,0,0,0,0,0,0,0,0,0,0,0,0,0,1,0,0,0,0,0
banana republic factory,Social | Conversion | CVR ASC Value,2026-03-22,129567.36,1034342.96,291576.0,0,0,2,0,0,0,0,0,0,0,0,0,0,0,0,0,0,0,0,0,0,1,0,0,0,0,0,0,0,0,0,0,0,0,0,0,0,2,1,0,0,0,0
banana republic factory,Social | Conversion | CVR ASC Value,2026-03-29,119532.31,793962.65,230135.0,0,0,1,2,0,0,0,0,0,0,0,0,0,0,0,0,0,0,0,0,0,0,0,0,0,0,0,0,0,0,0,0,0,0,0,0,0,1,0,2,0,0,0
banana republic factory,Social | Conversion | CVR ASC Value,2026-04-05,71568.02,408261.93,156797.0,0,0,0,1,0,0,0,0,0,0,0,0,0,0,0,0,0,0,0,0,0,0,0,0,0,0,0,0,0,0,0,0,0,0,0,0,0,0,0,1,0,0,0
banana republic factory,Social | Conversion | CVR ASC Value,2026-04-12,102726.16,636150.39,209913.0,0,0,0,0,0,0,0,0,0,0,0,0,0,0,0,0,0,0,0,0,0,1,0,0,0,0,0,0,0,0,0,0,0,0,0,0,0,1,0,0,0,0,0
banana republic factory,Social | Conversion | CVR ASC Value,2026-04-19,75256.20999999999,500011.55,161508.0,0,0,0,0,0,0,0,0,0,0,0,0,0,0,0,0,0,0,0,0,0,0,0,0,0,0,0,0,0,0,0,0,0,0,0,0,0,0,0,0,0,0,0
banana republic factory,Social | Conversion | CVR ASC Value,2026-04-26,150298.33000000002,695901.31,232887.0,0,0,0,0,0,2,0,0,0,0,0,0,0,0,0,0,0,0,0,0,0,1,0,0,0,0,0,0,0,0,0,0,0,0,0,0,0,1,0,0,2,0,0
banana republic factory,Social | Conversion | CVR ASC Value,2026-05-03,70525.68,374915.3,134092.0,0,0,0,0,0,1,0,0,0,0,0,0,0,0,0,0,0,0,0,0,0,0,0,0,0,0,0,0,0,0,0,0,0,0,0,0,0,0,0,0,1,0,0
banana republic factory,Social | Conversion | CVR ASC Value,2026-05-10,109746.81999999999,707843.0,213853.0,0,0,0,0,0,0,1,0,0,0,0,0,0,0,0,0,0,0,0,0,0,1,0,0,0,0,0,0,0,0,0,0,0,0,0,0,0,1,0,0,0,0,0
banana republic factory,Social | Conversion | CVR ASC Value,2026-05-17,108223.75,807954.4400000001,239551.0,0,0,0,0,0,0,1,2,0,0,0,0,0,0,0,0,0,0,0,0,0,0,0,0,0,0,0,0,0,0,0,0,0,0,0,0,0,1,0,2,0,0,0
banana republic factory,Social | Conversion | CVR ASC Value,2026-05-24,114065.17,640485.47,221444.0,0,0,0,0,0,0,0,2,0,0,0,0,0,0,0,0,0,0,0,0,0,0,0,0,0,0,0,0,0,0,0,0,0,0,0,0,0,0,0,2,0,0,0
banana republic factory,Social | Conversion | CVR ASC Value,2026-05-31,59790.75,314139.57,130813.0,0,0,0,0,0,0,0,0,0,0,0,0,0,0,0,0,0,0,0,0,0,0,0,0,0,0,0,0,0,0,0,0,0,0,0,0,0,0,0,0,0,0,0
banana republic factory,Social | Conversion | CVR ASC Value,2026-06-07,48861.020000000004,330133.74,107859.0,0,0,0,0,0,0,0,0,0,0,0,0,0,0,0,0,0,0,0,0,0,0,0,0,0,0,0,0,0,0,0,0,0,0,0,0,0,0,0,0,0,0,0
banana republic factory,Social | Conversion | CVR ASC Value,2026-06-14,63535.31,377136.31999999995,137439.0,0,0,0,0,0,0,0,0,1,0,0,0,0,0,0,0,0,0,0,0,0,0,0,0,0,0,0,0,0,0,0,0,0,0,0,0,0,1,0,0,0,0,0
banana republic factory,Social | Conversion | CVR ASC Value,2026-06-21,96706.11,502135.93000000005,181282.0,0,0,0,0,0,0,0,0,2,1,0,0,0,0,0,0,0,0,0,0,0,0,0,0,0,0,0,0,0,0,0,0,0,0,0,0,0,2,0,1,0,0,0
banana republic factory,Social | Conversion | CVR ASC Value,2026-06-28,113180.41,629984.67,199333.0,0,0,0,0,0,0,0,0,0,2,0,0,0,0,0,0,0,0,0,0,0,0,0,0,0,0,0,0,0,0,0,0,0,0,0,0,0,0,0,2,0,0,0
banana republic factory,Social | Conversion | CVR ASC Value,2026-07-05,54822.31,301003.8,101475.0,0,0,0,0,0,0,0,0,0,1,2,0,0,0,0,0,0,0,0,0,0,0,0,0,0,0,0,0,0,0,0,0,0,0,0,0,0,0,0,1,2,0,0
banana republic factory,Social | Conversion | CVR ASC Value,2026-07-12,53347.95,353196.98,113868.0,0,0,0,0,0,0,0,0,0,0,1,0,0,0,0,0,0,0,0,0,0,0,0,0,0,0,0,0,0,0,0,0,0,0,0,0,0,0,0,0,1,0,0
banana republic factory,Social | Conversion | CVR ASC Value,2026-07-19,60816.76,378211.51,127386.0,0,0,0,0,0,0,0,0,0,0,0,0,0,0,0,0,0,0,0,0,0,0,0,0,0,0,0,0,0,0,0,0,0,0,0,0,0,0,0,0,0,0,0
banana republic factory,Social | Conversion | CVR ASC Value,2026-07-26,87330.1,495256.58,167455.0,0,0,0,0,0,0,0,0,0,0,0,0,0,0,0,0,0,0,0,0,0,1,0,0,0,0,0,0,0,0,0,0,0,0,0,0,0,1,0,0,0,0,0
banana republic factory,Social | Conversion | CVR ASC Value,2026-08-02,53857.25,300174.17,109602.0,0,0,0,0,0,0,0,0,0,0,0,0,0,0,0,0,0,0,0,0,0,0,0,0,0,0,0,0,0,0,0,0,0,0,0,0,0,0,0,0,0,0,0
banana republic factory,Social | Conversion | CVR ASC Value,2026-08-09,51013.36,341201.23,116884.0,0,0,0,0,0,0,0,0,0,0,0,0,0,0,0,0,0,0,0,0,0,0,0,0,0,0,0,0,0,0,0,0,0,0,0,0,0,0,0,0,0,0,0
banana republic factory,Social | Conversion | CVR ASC Value,2026-08-16,55378.8,393521.03,116349.0,0,0,0,0,0,0,0,0,0,0,0,0,0,0,0,0,0,0,0,0,0,0,0,0,0,0,0,0,0,0,0,0,0,0,0,0,0,0,0,0,0,0,0
banana republic factory,Social | Conversion | CVR ASC Volume,2025-07-06,13146.79,70250.15,36919.0,0,0,0,0,0,0,0,0,0,1,2,0,0,0,0,0,0,0,0,0,0,0,0,0,0,0,0,0,0,0,0,0,0,0,0,0,0,0,0,1,2,0,0
banana republic factory,Social | Conversion | CVR ASC Volume,2025-07-13,8924.24,34960.3,22513.0,0,0,0,0,0,0,0,0,0,0,1,0,0,0,0,0,0,0,0,0,0,0,0,0,0,0,0,0,0,0,0,0,0,0,0,0,0,0,0,0,1,0,0
banana republic factory,Social | Conversion | CVR ASC Volume,2025-07-20,7287.2,24729.57,18942.0,0,0,0,0,0,0,0,0,0,0,0,0,0,0,0,0,0,0,0,0,0,0,0,0,0,0,0,0,0,0,0,0,0,0,0,0,0,0,0,0,0,0,0
banana republic factory,Social | Conversion | CVR ASC Volume,2025-07-27,14035.599999999999,111318.37,52856.0,0,0,0,0,0,0,0,0,0,0,0,0,0,0,0,0,0,0,0,0,0,1,0,0,0,0,0,0,0,0,0,0,0,0,0,0,0,1,0,0,0,0,0
banana republic factory,Social | Conversion | CVR ASC Volume,2025-08-03,10103.96,82423.41,40088.0,0,0,0,0,0,0,0,0,0,0,0,0,0,0,0,0,0,0,0,0,0,0,0,0,0,0,0,0,0,0,0,0,0,0,0,0,0,0,0,0,0,0,0
banana republic factory,Social | Conversion | CVR ASC Volume,2025-08-10,25250.87,154187.29,71276.0,0,0,0,0,0,0,0,0,0,0,0,0,0,0,0,0,0,0,0,0,0,0,0,0,0,0,0,0,0,0,0,0,0,0,0,0,0,0,0,0,0,0,0
banana republic factory,Social | Conversion | CVR ASC Volume,2025-08-17,69915.93,494574.64,198438.0,0,0,0,0,0,0,0,0,0,0,0,2,0,0,0,0,0,0,0,0,0,0,0,0,0,0,0,0,0,0,0,0,0,0,0,0,0,2,0,0,0,0,0
banana republic factory,Social | Conversion | CVR ASC Volume,2025-08-24,70125.49,619472.0,229435.0,0,0,0,0,0,0,0,0,0,0,0,1,2,0,0,0,0,0,0,0,0,0,0,0,0,0,0,0,0,0,0,0,0,0,0,0,0,1,0,2,0,0,0
banana republic factory,Social | Conversion | CVR ASC Volume,2025-08-31,68213.24,435099.27,193857.0,0,0,0,0,0,0,0,0,0,0,0,0,1,0,0,0,0,0,0,0,0,0,0,0,0,0,0,0,0,0,0,0,0,0,0,0,0,0,0,1,0,0,0
banana republic factory,Social | Conversion | CVR ASC Volume,2025-09-07,49692.25,349634.09,138006.0,0,1,0,0,0,0,0,0,0,0,0,0,0,0,0,0,0,0,0,0,0,0,0,0,0,0,0,0,0,0,0,0,0,0,0,0,0,1,0,0,0,0,0
banana republic factory,Social | Conversion | CVR ASC Volume,2025-09-14,65879.4,522287.59,178687.0,0,2,0,0,0,0,0,0,0,0,0,0,0,0,0,0,0,0,0,0,0,0,0,0,0,0,0,0,0,0,0,0,0,0,0,0,0,2,0,0,0,0,0
banana republic factory,Social | Conversion | CVR ASC Volume,2025-09-21,44727.49,291637.01,127905.0,0,1,0,0,0,0,0,0,0,0,0,0,0,0,0,0,0,0,0,0,0,0,0,0,0,0,0,0,0,0,0,0,0,0,0,0,0,1,0,0,0,0,0
banana republic factory,Social | Conversion | CVR ASC Volume,2025-09-28,43109.9,266159.58,119196.0,0,0,0,0,0,0,0,0,0,0,0,0,0,0,0,0,0,0,0,0,0,0,0,0,0,0,0,0,0,0,0,0,0,0,0,0,0,0,0,0,0,0,0
banana republic factory,Social | Conversion | CVR ASC Volume,2025-10-05,74506.92,554365.72,200502.0,0,0,0,0,0,0,0,0,0,0,0,0,0,2,0,0,0,0,0,0,0,0,0,0,0,0,0,0,0,0,0,0,0,0,0,0,0,2,0,0,0,0,0
banana republic factory,Social | Conversion | CVR ASC Volume,2025-10-12,51671.11,397886.71,166114.0,0,0,0,0,0,0,0,0,0,0,0,0,0,1,0,0,0,0,0,0,0,0,0,0,0,0,0,0,0,0,0,0,0,0,0,0,0,1,0,0,0,0,0
banana republic factory,Social | Conversion | CVR ASC Volume,2025-10-19,85241.61,633699.1,233162.0,0,0,0,0,0,1,0,0,0,0,0,0,0,0,0,0,0,0,0,0,0,0,0,0,0,0,0,0,0,0,0,0,0,0,0,0,0,0,0,0,1,0,0
banana republic factory,Social | Conversion | CVR ASC Volume,2025-10-26,78589.36,555835.44,208537.0,0,0,0,0,0,2,0,0,0,0,0,0,0,0,1,0,0,0,0,0,0,0,0,0,0,0,0,0,0,0,0,0,0,0,0,0,0,1,0,0,2,0,0
banana republic factory,Social | Conversion | CVR ASC Volume,2025-11-02,104790.55,719947.25,274462.0,0,0,0,0,0,0,0,0,0,0,0,0,0,0,2,0,0,0,0,0,0,0,0,0,0,0,0,0,0,0,0,0,0,0,0,0,0,2,0,0,0,0,0
banana republic factory,Social | Conversion | CVR ASC Volume,2025-11-09,76182.0,474057.29,172024.0,0,0,0,0,0,0,0,0,0,0,0,0,0,0,1,0,0,0,0,0,0,0,0,0,0,0,0,0,0,0,0,0,0,0,0,0,0,1,0,0,0,0,0
banana republic factory,Social | Conversion | CVR ASC Volume,2025-11-16,142274.25,954080.17,302544.0,0,0,0,0,0,0,0,0,0,0,0,0,0,0,0,2,0,0,0,0,0,0,0,0,0,0,0,0,0,0,0,0,0,0,0,0,0,0,0,0,2,0,0
banana republic factory,Social | Conversion | CVR ASC Volume,2025-11-23,300534.49,1294630.83,456693.0,0,0,0,0,0,0,0,0,0,0,0,0,0,0,0,1,2,0,0,0,0,0,0,0,0,0,0,0,0,0,0,0,0,0,0,0,0,0,0,0,2,0,0
banana republic factory,Social | Conversion | CVR ASC Volume,2025-11-30,92614.85,320346.54,132495.0,0,0,0,0,0,0,0,0,0,0,0,0,0,0,0,0,0,2,0,0,0,0,0,0,0,0,0,0,0,0,0,0,0,0,0,0,0,0,0,0,2,0,0
banana republic factory,Social | Conversion | CVR ASC Volume,2025-12-07,87544.44,432377.48,175411.0,0,0,0,0,0,0,0,0,0,0,0,0,0,0,0,0,0,0,2,0,0,0,0,0,0,0,0,0,0,0,0,0,0,0,0,0,0,0,0,2,0,0,0
banana republic factory,Social | Conversion | CVR ASC Volume,2025-12-14,48311.59,274055.35,112721.0,0,0,0,0,0,0,0,0,0,0,0,0,0,0,0,0,0,0,2,1,0,0,0,0,0,0,0,0,0,0,0,0,0,0,0,0,0,1,0,2,0,0,0
banana republic factory,Social | Conversion | CVR ASC Volume,2025-12-21,38531.7,231304.34,109606.0,0,0,0,0,0,0,0,0,0,0,0,0,0,0,0,0,0,0,0,2,1,0,0,0,0,0,0,0,0,0,0,0,0,0,0,0,0,2,0,0,0,0,0
banana republic factory,Social | Conversion | CVR ASC Volume,2025-12-28,30600.69,233587.98,103773.0,0,0,0,0,0,0,0,0,0,0,0,0,0,0,0,0,0,0,0,0,2,0,0,0,0,0,0,0,0,0,0,0,0,0,0,0,0,2,0,0,0,0,0
banana republic factory,Social | Conversion | CVR ASC Volume,2026-01-04,20886.170000000002,163375.09,79737.0,0,0,0,0,0,0,0,0,0,0,0,0,0,0,0,0,0,0,0,0,1,0,0,0,0,0,0,0,0,0,0,0,0,0,0,0,0,1,0,0,0,0,0
banana republic factory,Social | Conversion | CVR ASC Volume,2026-01-11,19071.59,177296.74,88672.0,0,0,0,0,0,0,0,0,0,0,0,0,0,0,0,0,0,0,0,0,0,0,1,0,0,0,0,0,0,0,0,0,0,0,0,0,0,1,0,0,0,0,0
banana republic factory,Social | Conversion | CVR ASC Volume,2026-01-18,18280.64,192363.72,97403.0,0,0,0,0,0,0,0,0,0,0,0,0,0,0,0,0,0,0,0,0,0,0,1,0,0,0,0,0,0,0,0,0,0,0,0,0,0,1,0,0,0,0,0
banana republic factory,Social | Conversion | CVR ASC Volume,2026-01-25,17609.02,199874.41,99876.0,0,0,0,0,0,0,0,0,0,0,0,0,0,0,0,0,0,0,0,0,0,0,0,0,0,0,0,0,0,0,0,0,0,0,0,0,0,0,0,0,0,0,0
banana republic factory,Social | Conversion | CVR ASC Volume,2026-02-01,25680.54,198688.42,99597.0,0,0,0,0,0,0,0,0,0,0,0,0,0,0,0,0,0,0,0,0,0,0,0,0,0,0,0,0,0,0,0,0,0,0,0,0,0,0,0,0,0,0,0
banana republic factory,Social | Conversion | CVR ASC Volume,2026-02-08,35139.99,221331.33000000002,114679.0,2,0,0,0,0,0,0,0,0,0,0,0,0,0,0,0,0,0,0,0,0,0,0,0,0,0,0,0,0,0,0,0,0,0,0,0,0,2,0,0,0,0,0
banana republic factory,Social | Conversion | CVR ASC Volume,2026-02-15,29488.02,180176.33,97948.0,1,0,0,0,0,0,0,0,0,0,0,0,0,0,0,0,0,0,0,0,0,0,0,0,0,0,0,0,0,0,0,0,0,0,0,0,0,1,0,0,0,0,0
banana republic factory,Social | Conversion | CVR ASC Volume,2026-02-22,39669.04,390819.81,161529.0,0,0,0,0,0,0,0,0,0,0,0,0,0,0,0,0,0,0,0,0,0,1,0,0,0,0,0,0,0,0,0,0,0,0,0,0,0,1,0,0,0,0,0
banana republic factory,Social | Conversion | CVR ASC Volume,2026-03-01,38987.15,335702.23,152096.0,0,0,0,0,0,0,0,0,0,0,0,0,0,0,0,0,0,0,0,0,0,0,0,0,0,0,0,0,0,0,0,0,0,0,0,0,0,0,0,0,0,0,0
banana republic factory,Social | Conversion | CVR ASC Volume,2026-03-08,66337.91,461996.18,192160.0,0,1,0,0,0,0,0,0,0,0,0,0,0,0,0,0,0,0,0,0,0,1,0,0,0,0,0,0,0,0,0,0,0,0,0,0,0,1,1,0,0,0,0
banana republic factory,Social | Conversion | CVR ASC Volume,2026-03-15,58907.369999999995,332704.44,152368.0,0,1,0,0,0,0,0,0,0,0,0,0,0,0,0,0,0,0,0,0,0,0,0,0,0,0,0,0,0,0,0,0,0,0,0,0,0,1,0,0,0,0,0
banana republic factory,Social | Conversion | CVR ASC Volume,2026-03-22,93367.6,634188.67,266471.0,0,0,2,0,0,0,0,0,0,0,0,0,0,0,0,0,0,0,0,0,0,1,0,0,0,0,0,0,0,0,0,0,0,0,0,0,0,2,1,0,0,0,0
banana republic factory,Social | Conversion | CVR ASC Volume,2026-03-29,83875.02,463274.2,209522.0,0,0,1,2,0,0,0,0,0,0,0,0,0,0,0,0,0,0,0,0,0,0,0,0,0,0,0,0,0,0,0,0,0,0,0,0,0,1,0,2,0,0,0
banana republic factory,Social | Conversion | CVR ASC Volume,2026-04-05,41175.22,228024.68,119394.0,0,0,0,1,0,0,0,0,0,0,0,0,0,0,0,0,0,0,0,0,0,0,0,0,0,0,0,0,0,0,0,0,0,0,0,0,0,0,0,1,0,0,0
banana republic factory,Social | Conversion | CVR ASC Volume,2026-04-12,68417.45,410848.68,189227.0,0,0,0,0,0,0,0,0,0,0,0,0,0,0,0,0,0,0,0,0,0,1,0,0,0,0,0,0,0,0,0,0,0,0,0,0,0,1,0,0,0,0,0
banana republic factory,Social | Conversion | CVR ASC Volume,2026-04-19,48624.06,303776.1,137880.0,0,0,0,0,0,0,0,0,0,0,0,0,0,0,0,0,0,0,0,0,0,0,0,0,0,0,0,0,0,0,0,0,0,0,0,0,0,0,0,0,0,0,0
banana republic factory,Social | Conversion | CVR ASC Volume,2026-04-26,104310.35,409111.01,206591.0,0,0,0,0,0,2,0,0,0,0,0,0,0,0,0,0,0,0,0,0,0,1,0,0,0,0,0,0,0,0,0,0,0,0,0,0,0,1,0,0,2,0,0
banana republic factory,Social | Conversion | CVR ASC Volume,2026-05-03,52255.979999999996,234862.78,114211.0,0,0,0,0,0,1,0,0,0,0,0,0,0,0,0,0,0,0,0,0,0,0,0,0,0,0,0,0,0,0,0,0,0,0,0,0,0,0,0,0,1,0,0
banana republic factory,Social | Conversion | CVR ASC Volume,2026-05-10,75134.13,458941.3,195152.0,0,0,0,0,0,0,1,0,0,0,0,0,0,0,0,0,0,0,0,0,0,1,0,0,0,0,0,0,0,0,0,0,0,0,0,0,0,1,0,0,0,0,0
banana republic factory,Social | Conversion | CVR ASC Volume,2026-05-17,79237.64,558148.22,245173.0,0,0,0,0,0,0,1,2,0,0,0,0,0,0,0,0,0,0,0,0,0,0,0,0,0,0,0,0,0,0,0,0,0,0,0,0,0,1,0,2,0,0,0
banana republic factory,Social | Conversion | CVR ASC Volume,2026-05-24,81633.51,485628.0,223009.0,0,0,0,0,0,0,0,2,0,0,0,0,0,0,0,0,0,0,0,0,0,0,0,0,0,0,0,0,0,0,0,0,0,0,0,0,0,0,0,2,0,0,0
banana republic factory,Social | Conversion | CVR ASC Volume,2026-05-31,42098.28,245425.72,123286.0,0,0,0,0,0,0,0,0,0,0,0,0,0,0,0,0,0,0,0,0,0,0,0,0,0,0,0,0,0,0,0,0,0,0,0,0,0,0,0,0,0,0,0
banana republic factory,Social | Conversion | CVR ASC Volume,2026-06-07,51272.89,323473.56,157974.0,0,0,0,0,0,0,0,0,0,0,0,0,0,0,0,0,0,0,0,0,0,0,0,0,0,0,0,0,0,0,0,0,0,0,0,0,0,0,0,0,0,0,0
banana republic factory,Social | Conversion | CVR ASC Volume,2026-06-14,51698.76,286644.04,146006.0,0,0,0,0,0,0,0,0,1,0,0,0,0,0,0,0,0,0,0,0,0,0,0,0,0,0,0,0,0,0,0,0,0,0,0,0,0,1,0,0,0,0,0
banana republic factory,Social | Conversion | CVR ASC Volume,2026-06-21,77093.45999999999,396582.98,194620.0,0,0,0,0,0,0,0,0,2,1,0,0,0,0,0,0,0,0,0,0,0,0,0,0,0,0,0,0,0,0,0,0,0,0,0,0,0,2,0,1,0,0,0
banana republic factory,Social | Conversion | CVR ASC Volume,2026-06-28,91435.26,453268.01,227460.0,0,0,0,0,0,0,0,0,0,2,0,0,0,0,0,0,0,0,0,0,0,0,0,0,0,0,0,0,0,0,0,0,0,0,0,0,0,0,0,2,0,0,0
banana republic factory,Social | Conversion | CVR ASC Volume,2026-07-05,54953.29,256123.79,136419.0,0,0,0,0,0,0,0,0,0,1,2,0,0,0,0,0,0,0,0,0,0,0,0,0,0,0,0,0,0,0,0,0,0,0,0,0,0,0,0,1,2,0,0
banana republic factory,Social | Conversion | CVR ASC Volume,2026-07-12,52768.07,298112.70999999996,145810.0,0,0,0,0,0,0,0,0,0,0,1,0,0,0,0,0,0,0,0,0,0,0,0,0,0,0,0,0,0,0,0,0,0,0,0,0,0,0,0,0,1,0,0
banana republic factory,Social | Conversion | CVR ASC Volume,2026-07-19,56647.95,298810.44,148561.0,0,0,0,0,0,0,0,0,0,0,0,0,0,0,0,0,0,0,0,0,0,0,0,0,0,0,0,0,0,0,0,0,0,0,0,0,0,0,0,0,0,0,0
banana republic factory,Social | Conversion | CVR ASC Volume,2026-07-26,62804.840000000004,320605.83,159049.0,0,0,0,0,0,0,0,0,0,0,0,0,0,0,0,0,0,0,0,0,0,1,0,0,0,0,0,0,0,0,0,0,0,0,0,0,0,1,0,0,0,0,0
banana republic factory,Social | Conversion | CVR ASC Volume,2026-08-02,23620.21,126418.64,60285.0,0,0,0,0,0,0,0,0,0,0,0,0,0,0,0,0,0,0,0,0,0,0,0,0,0,0,0,0,0,0,0,0,0,0,0,0,0,0,0,0,0,0,0
banana republic factory,Social | Conversion | CVR ASC Volume,2026-08-09,30998.510000000002,157141.23,74571.0,0,0,0,0,0,0,0,0,0,0,0,0,0,0,0,0,0,0,0,0,0,0,0,0,0,0,0,0,0,0,0,0,0,0,0,0,0,0,0,0,0,0,0
banana republic factory,Social | Conversion | CVR ASC Volume,2026-08-16,33047.34,168827.96,70657.0,0,0,0,0,0,0,0,0,0,0,0,0,0,0,0,0,0,0,0,0,0,0,0,0,0,0,0,0,0,0,0,0,0,0,0,0,0,0,0,0,0,0,0
banana republic factory,Social | Conversion | CVR DAB,2024-07-28,1526.79,0.0,0.0,0,0,0,0,0,0,0,0,0,0,0,0,0,0,0,0,0,0,0,0,0,0,0,0,0,0,0,0,0,0,0,0,0,0,0,0,0,0,0,0,0,0,0
banana republic factory,Social | Conversion | CVR DAB,2024-08-04,24204.39,0.0,0.0,0,0,0,0,0,0,0,0,0,0,0,0,0,0,0,0,0,0,0,0,0,0,0,0,0,0,0,0,0,0,0,0,0,0,0,0,0,0,0,0,0,0,0
banana republic factory,Social | Conversion | CVR DAB,2024-08-11,34150.54,0.0,0.0,0,0,0,0,0,0,0,0,0,0,0,0,0,0,0,0,0,0,0,0,0,0,0,0,0,0,0,0,0,0,0,0,0,0,0,0,0,0,0,0,0,0,0
banana republic factory,Social | Conversion | CVR DAB,2024-08-18,48311.51,0.0,0.0,0,0,0,0,0,0,0,0,0,0,0,2,0,0,0,0,0,0,0,0,0,0,0,0,0,0,0,0,0,0,0,0,0,0,0,0,0,2,0,0,0,0,0
banana republic factory,Social | Conversion | CVR DAB,2024-08-25,33699.43,26545.14,8113.0,0,0,0,0,0,0,0,0,0,0,0,1,2,0,0,0,0,0,0,0,0,0,0,0,0,0,0,0,0,0,0,0,0,0,0,0,0,2,0,0,0,0,0
banana republic factory,Social | Conversion | CVR DAB,2024-09-01,39887.479999999996,233838.28,98043.0,0,0,0,0,0,0,0,0,0,0,0,0,1,0,0,0,0,0,0,0,0,0,0,0,0,0,0,0,0,0,0,0,0,0,0,0,0,1,0,0,0,0,0
banana republic factory,Social | Conversion | CVR DAB,2024-09-08,29195.120000000003,168831.47999999998,84654.0,0,0,0,0,0,0,0,0,0,0,0,0,0,0,0,0,0,0,0,0,0,0,0,0,0,0,0,0,0,0,0,0,0,0,0,0,0,0,0,0,0,0,0
banana republic factory,Social | Conversion | CVR DAB,2024-09-15,87512.58,480597.35,171009.0,0,2,0,0,0,0,0,0,0,0,0,0,0,0,0,0,0,0,0,0,0,0,0,0,0,0,0,0,0,0,0,0,0,0,0,0,0,2,0,0,0,0,0
banana republic factory,Social | Conversion | CVR DAB,2024-09-22,81467.25,391781.41,142167.0,0,1,0,0,0,0,0,0,0,0,0,0,0,1,0,0,0,0,0,0,0,0,0,0,0,0,0,0,0,0,0,0,0,0,0,0,0,1,0,0,0,0,0
banana republic factory,Social | Conversion | CVR DAB,2024-09-29,35051.91,199988.84,70110.0,0,0,0,0,0,0,0,0,0,0,0,0,0,2,0,0,0,0,0,0,0,0,0,0,0,0,0,0,0,0,0,0,0,0,0,0,0,2,0,0,0,0,0
banana republic factory,Social | Conversion | CVR DAB,2024-10-06,29999.84,151856.48,56618.0,0,0,0,0,0,0,0,0,0,0,0,0,0,1,0,0,0,0,0,0,0,0,0,0,0,0,0,0,0,0,0,0,0,0,0,0,0,1,0,0,0,0,0
banana republic factory,Social | Conversion | CVR DAB,2024-10-13,34253.81,212520.33000000002,83075.0,0,0,0,0,0,0,0,0,0,0,0,0,0,0,0,0,0,0,0,0,0,0,0,0,0,0,0,0,0,0,0,0,0,0,0,0,0,0,0,0,0,0,0
banana republic factory,Social | Conversion | CVR DAB,2024-10-20,46218.83,246197.95,101581.0,0,0,0,0,0,1,0,0,0,0,0,0,0,0,0,0,0,0,0,0,0,0,0,0,0,0,0,0,0,0,0,0,0,0,0,0,0,0,0,0,1,0,0
banana republic factory,Social | Conversion | CVR DAB,2024-10-27,76363.54000000001,358226.67,153225.0,0,0,0,0,0,2,0,0,0,0,0,0,0,0,1,0,0,0,0,0,0,0,0,0,0,0,0,0,0,0,0,0,0,0,0,0,0,1,0,0,2,0,0
banana republic factory,Social | Conversion | CVR DAB,2024-11-03,130463.81,703045.54,270535.0,0,0,0,0,0,0,0,0,0,0,0,0,0,0,2,0,0,0,0,0,0,0,0,0,0,0,0,0,0,0,0,0,0,0,0,0,0,2,0,0,0,0,0
banana republic factory,Social | Conversion | CVR DAB,2024-11-10,59906.87,374407.38,130945.0,0,0,0,0,0,0,0,0,0,0,0,0,0,0,1,0,0,0,0,0,0,0,0,0,0,0,0,0,0,0,0,0,0,0,0,0,0,1,0,0,0,0,0
banana republic factory,Social | Conversion | CVR DAB,2024-11-17,91530.21,502639.87,164140.0,0,0,0,0,0,0,0,0,0,0,0,0,0,0,0,2,0,0,0,0,0,0,0,0,0,0,0,0,0,0,0,0,0,0,0,0,0,0,0,0,2,0,0
banana republic factory,Social | Conversion | CVR DAB,2024-11-24,122250.15,465836.73,151006.0,0,0,0,0,0,0,0,0,0,0,0,0,0,0,0,1,2,0,0,0,0,0,0,0,0,0,0,0,0,0,0,0,0,0,0,0,0,0,0,0,2,0,0
banana republic factory,Social | Conversion | CVR DAB,2024-12-01,120152.81,383699.35,149142.0,0,0,0,0,0,0,0,0,0,0,0,0,0,0,0,0,0,2,0,0,0,0,0,0,0,0,0,0,0,0,0,0,0,0,0,0,0,0,0,0,2,0,0
banana republic factory,Social | Conversion | CVR DAB,2024-12-08,48954.18,236378.22,94297.0,0,0,0,0,0,0,0,0,0,0,0,0,0,0,0,0,0,0,2,0,0,0,0,0,0,0,0,0,0,0,0,0,0,0,0,0,0,0,0,2,0,0,0
banana republic factory,Social | Conversion | CVR DAB,2024-12-15,24118.260000000002,147903.43,60879.0,0,0,0,0,0,0,0,0,0,0,0,0,0,0,0,0,0,0,2,1,0,0,0,0,0,0,0,0,0,0,0,0,0,0,0,0,0,1,0,2,0,0,0
banana republic factory,Social | Conversion | CVR DAB,2024-12-22,21767.1,131557.83,59505.0,0,0,0,0,0,0,0,0,0,0,0,0,0,0,0,0,0,0,0,2,1,0,0,0,0,0,0,0,0,0,0,0,0,0,0,0,0,2,0,0,0,0,0
banana republic factory,Social | Conversion | CVR DAB,2024-12-29,20713.97,117748.06999999999,54814.0,0,0,0,0,0,0,0,0,0,0,0,0,0,0,0,0,0,0,0,0,2,0,0,0,0,0,0,0,0,0,0,0,0,0,0,0,0,2,0,0,0,0,0
banana republic factory,Social | Conversion | CVR DAB,2025-01-05,8637.210000000001,55567.689999999995,26147.0,0,0,0,0,0,0,0,0,0,0,0,0,0,0,0,0,0,0,0,0,0,0,0,0,0,0,0,0,0,0,0,0,0,0,0,0,0,0,0,0,0,0,0
banana republic factory,Social | Conversion | CVR DAB,2025-01-12,8385.88,50894.8,26722.0,0,0,0,0,0,0,0,0,0,0,0,0,0,0,0,0,0,0,0,0,0,0,0,0,0,0,0,0,0,0,0,0,0,0,0,0,0,0,0,0,0,0,0
banana republic factory,Social | Conversion | CVR DAB,2025-01-19,9771.72,58680.82,29697.0,0,0,0,0,0,0,0,0,0,0,0,0,0,0,0,0,0,0,0,0,0,0,0,0,0,0,0,0,0,0,0,0,0,0,0,0,0,0,0,0,0,0,0
banana republic factory,Social | Conversion | CVR DAB,2025-01-26,8539.22,62930.8,28110.0,0,0,0,0,0,0,0,0,0,0,0,0,0,0,0,0,0,0,0,0,0,0,0,0,0,0,0,0,0,0,0,0,0,0,0,0,0,0,0,0,0,0,0
banana republic factory,Social | Conversion | CVR DAB,2025-02-02,12288.130000000001,68553.82,32076.0,0,0,0,0,0,0,0,0,0,0,0,0,0,0,0,0,0,0,0,0,0,0,0,0,0,0,0,0,0,0,0,0,0,0,0,0,0,0,0,0,0,0,0
banana republic factory,Social | Conversion | CVR DAB,2025-02-09,15357.55,89605.45999999999,40384.0,2,0,0,0,0,0,0,0,0,0,0,0,0,0,0,0,0,0,0,0,0,0,0,0,0,0,0,0,0,0,0,0,0,0,0,0,0,2,0,0,0,0,0
banana republic factory,Social | Conversion | CVR DAB,2025-02-16,15561.21,84928.52,36903.0,1,0,0,0,0,0,0,0,0,0,0,0,0,0,0,0,0,0,0,0,0,0,0,0,0,0,0,0,0,0,0,0,0,0,0,0,0,1,0,0,0,0,0
banana republic factory,Social | Conversion | CVR DAB,2025-02-23,15845.19,88181.52,44492.0,0,0,0,0,0,0,0,0,0,0,0,0,0,0,0,0,0,0,0,0,0,0,0,0,0,0,0,0,0,0,0,0,0,0,0,0,0,0,0,0,0,0,0
banana republic factory,Social | Conversion | CVR DAB,2025-03-02,16875.33,102774.36,43962.0,0,0,0,0,0,0,0,0,0,0,0,0,0,0,0,0,0,0,0,0,0,0,0,0,0,0,0,0,0,0,0,0,0,0,0,0,0,0,0,0,0,0,0
banana republic factory,Social | Conversion | CVR DAB,2025-03-09,19111.3,87992.54000000001,46971.0,0,0,0,0,0,0,0,0,0,0,0,0,0,0,0,0,0,0,0,0,0,0,0,0,0,0,0,0,0,0,0,0,0,0,0,0,0,0,0,0,0,0,0
banana republic factory,Social | Conversion | CVR DAB,2025-03-16,19443.79,83447.6,44190.0,0,0,0,0,0,0,0,0,0,0,0,0,0,0,0,0,0,0,0,0,0,0,0,0,0,0,0,0,0,0,0,0,0,0,0,0,0,0,0,0,0,0,0
banana republic factory,Social | Conversion | CVR DAB,2025-03-23,25421.34,125832.11,53801.0,0,2,0,0,0,0,0,0,0,0,0,0,0,0,0,0,0,0,0,0,0,0,0,0,0,0,0,0,0,0,0,0,0,0,0,0,0,2,0,0,0,0,0
banana republic factory,Social | Conversion | CVR DAB,2025-03-30,18856.73,90996.62,44723.0,0,1,0,0,0,0,0,0,0,0,0,0,0,0,0,0,0,0,0,0,0,0,0,0,0,0,0,0,0,0,0,0,0,0,0,0,0,1,0,0,0,0,0
banana republic factory,Social | Conversion | CVR DAB,2025-04-06,33362.020000000004,195450.71,79762.0,0,0,2,1,0,0,0,0,0,0,0,0,0,0,0,0,0,0,0,0,0,0,0,0,0,0,0,0,0,0,0,0,0,0,0,0,0,2,0,1,0,0,0
banana republic factory,Social | Conversion | CVR DAB,2025-04-13,32725.37,166245.25,86405.0,0,0,0,2,0,0,0,0,0,0,0,0,0,0,0,0,0,0,0,0,0,0,0,0,0,0,0,0,0,0,0,0,0,0,0,0,0,0,0,2,0,0,0
banana republic factory,Social | Conversion | CVR DAB,2025-04-20,31615.67,147008.98,84257.0,0,0,0,1,0,0,0,0,0,0,0,0,0,0,0,0,0,0,0,0,0,0,0,0,0,0,0,0,0,0,0,0,0,0,0,0,0,0,0,1,0,0,0
banana republic factory,Social | Conversion | CVR DAB,2025-04-27,73381.31,280430.87,169045.0,0,0,0,0,0,1,0,0,0,0,0,0,0,0,0,0,0,0,0,0,0,0,0,0,0,0,0,0,0,0,0,0,0,0,0,0,0,0,0,0,1,0,0
banana republic factory,Social | Conversion | CVR DAB,2025-05-04,53888.26,249593.71000000002,135719.0,0,0,0,0,0,2,0,0,0,0,0,0,0,0,0,0,0,0,0,0,0,0,0,0,0,0,0,0,0,0,0,0,0,0,0,0,0,0,0,0,2,0,0
banana republic factory,Social | Conversion | CVR DAB,2025-05-11,59919.8,306929.22,141092.0,0,0,0,0,0,0,1,0,0,0,0,0,0,0,0,0,0,0,0,0,0,1,0,0,0,0,0,0,0,0,0,0,0,0,0,0,0,1,0,0,0,0,0
banana republic factory,Social | Conversion | CVR DAB,2025-05-18,60798.26,319782.86,134578.0,0,0,0,0,0,0,1,2,0,0,0,0,0,0,0,0,0,0,0,0,0,0,0,0,0,0,0,0,0,0,0,0,0,0,0,0,0,1,0,2,0,0,0
banana republic factory,Social | Conversion | CVR DAB,2025-05-25,75574.17,365946.99,155192.0,0,0,0,0,0,0,0,2,0,0,0,0,0,0,0,0,0,0,0,0,0,0,0,0,0,0,0,0,0,0,0,0,0,0,0,0,0,0,0,2,0,0,0
banana republic factory,Social | Conversion | CVR DAB,2025-06-01,44925.32,208050.89,101263.0,0,0,0,0,0,0,0,1,0,0,0,0,0,0,0,0,0,0,0,0,0,0,0,0,0,0,0,0,0,0,0,0,0,0,0,0,0,0,0,1,0,0,0
banana republic factory,Social | Conversion | CVR DAB,2025-06-08,39914.229999999996,192895.8,91860.0,0,0,0,0,0,0,0,0,0,0,0,0,0,0,0,0,0,0,0,0,0,0,0,0,0,0,0,0,0,0,0,0,0,0,0,0,0,0,0,0,0,0,0
banana republic factory,Social | Conversion | CVR DAB,2025-06-15,46196.08,246707.01,123412.0,0,0,0,0,0,0,0,0,1,0,0,0,0,0,0,0,0,0,0,0,0,0,0,0,0,0,0,0,0,0,0,0,0,0,0,0,0,1,0,0,0,0,0
banana republic factory,Social | Conversion | CVR DAB,2025-06-22,62554.45,287023.5,154411.0,0,0,0,0,0,0,0,0,2,1,0,0,0,0,0,0,0,0,0,0,0,0,0,0,0,0,0,0,0,0,0,0,0,0,0,0,0,2,0,1,0,0,0
banana republic factory,Social | Conversion | CVR DAB,2025-06-29,87136.4,348867.13,183330.0,0,0,0,0,0,0,0,0,0,2,0,0,0,0,0,0,0,0,0,0,0,0,0,0,0,0,0,0,0,0,0,0,0,0,0,0,0,0,0,2,0,0,0
banana republic factory,Social | Conversion | CVR DAB,2025-07-06,48624.37,195755.33,107015.0,0,0,0,0,0,0,0,0,0,1,2,0,0,0,0,0,0,0,0,0,0,0,0,0,0,0,0,0,0,0,0,0,0,0,0,0,0,0,0,1,2,0,0
banana republic factory,Social | Conversion | CVR DAB,2025-07-13,49905.35,180135.37,100989.0,0,0,0,0,0,0,0,0,0,0,1,0,0,0,0,0,0,0,0,0,0,0,0,0,0,0,0,0,0,0,0,0,0,0,0,0,0,0,0,0,1,0,0
banana republic factory,Social | Conversion | CVR DAB,2025-07-20,48086.26,95823.2,71396.0,0,0,0,0,0,0,0,0,0,0,0,0,0,0,0,0,0,0,0,0,0,0,0,0,0,0,0,0,0,0,0,0,0,0,0,0,0,0,0,0,0,0,0
banana republic factory,Social | Conversion | CVR DAB,2025-07-27,50703.98,238196.34,129236.0,0,0,0,0,0,0,0,0,0,0,0,0,0,0,0,0,0,0,0,0,0,1,0,0,0,0,0,0,0,0,0,0,0,0,0,0,0,1,0,0,0,0,0
banana republic factory,Social | Conversion | CVR DAB,2025-08-03,38454.08,212405.90000000002,99221.0,0,0,0,0,0,0,0,0,0,0,0,0,0,0,0,0,0,0,0,0,0,0,0,0,0,0,0,0,0,0,0,0,0,0,0,0,0,0,0,0,0,0,0
banana republic factory,Social | Conversion | CVR DAB,2025-08-10,25493.89,135512.07,68251.0,0,0,0,0,0,0,0,0,0,0,0,0,0,0,0,0,0,0,0,0,0,0,0,0,0,0,0,0,0,0,0,0,0,0,0,0,0,0,0,0,0,0,0
banana republic factory,Social | Conversion | CVR DPA,2024-07-28,1014.9,0.0,0.0,0,0,0,0,0,0,0,0,0,0,0,0,0,0,0,0,0,0,0,0,0,0,0,0,0,0,0,0,0,0,0,0,0,0,0,0,0,0,0,0,0,0,0
banana republic factory,Social | Conversion | CVR DPA,2024-08-04,24598.72,0.0,0.0,0,0,0,0,0,0,0,0,0,0,0,0,0,0,0,0,0,0,0,0,0,0,0,0,0,0,0,0,0,0,0,0,0,0,0,0,0,0,0,0,0,0,0
banana republic factory,Social | Conversion | CVR DPA,2024-08-11,34279.55,0.0,0.0,0,0,0,0,0,0,0,0,0,0,0,0,0,0,0,0,0,0,0,0,0,0,0,0,0,0,0,0,0,0,0,0,0,0,0,0,0,0,0,0,0,0,0
banana republic factory,Social | Conversion | CVR DPA,2024-08-18,48514.26,0.0,0.0,0,0,0,0,0,0,0,0,0,0,0,2,0,0,0,0,0,0,0,0,0,0,0,0,0,0,0,0,0,0,0,0,0,0,0,0,0,2,0,0,0,0,0
banana republic factory,Social | Conversion | CVR DPA,2024-08-25,53536.16,146215.55,50839.0,0,0,0,0,0,0,0,0,0,0,0,1,2,0,0,0,0,0,0,0,0,0,0,0,0,0,0,0,0,0,0,0,0,0,0,0,0,2,0,0,0,0,0
banana republic factory,Social | Conversion | CVR DPA,2024-09-01,40191.97,236423.26,99556.0,0,0,0,0,0,0,0,0,0,0,0,0,1,0,0,0,0,0,0,0,0,0,0,0,0,0,0,0,0,0,0,0,0,0,0,0,0,1,0,0,0,0,0
banana republic factory,Social | Conversion | CVR DPA,2024-09-08,29253.73,151987.34,76998.0,0,0,0,0,0,0,0,0,0,0,0,0,0,0,0,0,0,0,0,0,0,0,0,0,0,0,0,0,0,0,0,0,0,0,0,0,0,0,0,0,0,0,0
banana republic factory,Social | Conversion | CVR DPA,2024-09-15,77549.35,391619.74,149447.0,0,2,0,0,0,0,0,0,0,0,0,0,0,0,0,0,0,0,0,0,0,0,0,0,0,0,0,0,0,0,0,0,0,0,0,0,0,2,0,0,0,0,0
banana republic factory,Social | Conversion | CVR DPA,2024-09-22,47422.369999999995,226844.34,82257.0,0,1,0,0,0,0,0,0,0,0,0,0,0,1,0,0,0,0,0,0,0,0,0,0,0,0,0,0,0,0,0,0,0,0,0,0,0,1,0,0,0,0,0
banana republic factory,Social | Conversion | CVR DPA,2024-09-29,51699.4,265449.17,91763.0,0,0,0,0,0,0,0,0,0,0,0,0,0,2,0,0,0,0,0,0,0,0,0,0,0,0,0,0,0,0,0,0,0,0,0,0,0,2,0,0,0,0,0
banana republic factory,Social | Conversion | CVR DPA,2024-10-06,49837.12,211048.61,87895.0,0,0,0,0,0,0,0,0,0,0,0,0,0,1,0,0,0,0,0,0,0,0,0,0,0,0,0,0,0,0,0,0,0,0,0,0,0,1,0,0,0,0,0
banana republic factory,Social | Conversion | CVR DPA,2024-10-13,55460.61,296386.27999999997,124509.0,0,0,0,0,0,0,0,0,0,0,0,0,0,0,0,0,0,0,0,0,0,0,0,0,0,0,0,0,0,0,0,0,0,0,0,0,0,0,0,0,0,0,0
banana republic factory,Social | Conversion | CVR DPA,2024-10-20,56437.729999999996,275392.55,114059.0,0,0,0,0,0,1,0,0,0,0,0,0,0,0,0,0,0,0,0,0,0,0,0,0,0,0,0,0,0,0,0,0,0,0,0,0,0,0,0,0,1,0,0
banana republic factory,Social | Conversion | CVR DPA,2024-10-27,77392.67,357098.29000000004,160149.0,0,0,0,0,0,2,0,0,0,0,0,0,0,0,1,0,0,0,0,0,0,0,0,0,0,0,0,0,0,0,0,0,0,0,0,0,0,1,0,0,2,0,0
banana republic factory,Social | Conversion | CVR DPA,2024-11-03,39429.6,220492.89,92233.0,0,0,0,0,0,0,0,0,0,0,0,0,0,0,2,0,0,0,0,0,0,0,0,0,0,0,0,0,0,0,0,0,0,0,0,0,0,2,0,0,0,0,0
banana republic factory,Social | Conversion | CVR DPA,2024-11-10,31631.2,166695.75,73820.0,0,0,0,0,0,0,0,0,0,0,0,0,0,0,1,0,0,0,0,0,0,0,0,0,0,0,0,0,0,0,0,0,0,0,0,0,0,1,0,0,0,0,0
banana republic factory,Social | Conversion | CVR DPA,2024-11-17,59668.020000000004,306796.42,114764.0,0,0,0,0,0,0,0,0,0,0,0,0,0,0,0,2,0,0,0,0,0,0,0,0,0,0,0,0,0,0,0,0,0,0,0,0,0,0,0,0,2,0,0
banana republic factory,Social | Conversion | CVR DPA,2024-11-24,138504.22999999998,481717.98,171734.0,0,0,0,0,0,0,0,0,0,0,0,0,0,0,0,1,2,0,0,0,0,0,0,0,0,0,0,0,0,0,0,0,0,0,0,0,0,0,0,0,2,0,0
banana republic factory,Social | Conversion | CVR DPA,2024-12-01,139891.8,435904.97,167745.0,0,0,0,0,0,0,0,0,0,0,0,0,0,0,0,0,0,2,0,0,0,0,0,0,0,0,0,0,0,0,0,0,0,0,0,0,0,0,0,0,2,0,0
banana republic factory,Social | Conversion | CVR DPA,2024-12-08,66564.8,292704.8,129633.0,0,0,0,0,0,0,0,0,0,0,0,0,0,0,0,0,0,0,2,0,0,0,0,0,0,0,0,0,0,0,0,0,0,0,0,0,0,0,0,2,0,0,0
banana republic factory,Social | Conversion | CVR DPA,2024-12-15,35666.05,71154.54000000001,30574.0,0,0,0,0,0,0,0,0,0,0,0,0,0,0,0,0,0,0,2,1,0,0,0,0,0,0,0,0,0,0,0,0,0,0,0,0,0,1,0,2,0,0,0
banana republic factory,Social | Conversion | CVR DPA,2024-12-22,31950.99,122989.3,44080.0,0,0,0,0,0,0,0,0,0,0,0,0,0,0,0,0,0,0,0,2,1,0,0,0,0,0,0,0,0,0,0,0,0,0,0,0,0,2,0,0,0,0,0
banana republic factory,Social | Conversion | CVR DPA,2024-12-29,30532.96,228866.74,92769.0,0,0,0,0,0,0,0,0,0,0,0,0,0,0,0,0,0,0,0,0,2,0,0,0,0,0,0,0,0,0,0,0,0,0,0,0,0,2,0,0,0,0,0
banana republic factory,Social | Conversion | CVR DPA,2025-01-05,16665.98,132048.23,60180.0,0,0,0,0,0,0,0,0,0,0,0,0,0,0,0,0,0,0,0,0,0,0,0,0,0,0,0,0,0,0,0,0,0,0,0,0,0,0,0,0,0,0,0
banana republic factory,Social | Conversion | CVR DPA,2025-01-12,16758.25,167449.22999999998,69511.0,0,0,0,0,0,0,0,0,0,0,0,0,0,0,0,0,0,0,0,0,0,0,0,0,0,0,0,0,0,0,0,0,0,0,0,0,0,0,0,0,0,0,0
banana republic factory,Social | Conversion | CVR DPA,2025-01-19,17962.07,182844.82,71443.0,0,0,0,0,0,0,0,0,0,0,0,0,0,0,0,0,0,0,0,0,0,0,0,0,0,0,0,0,0,0,0,0,0,0,0,0,0,0,0,0,0,0,0
banana republic factory,Social | Conversion | CVR DPA,2025-01-26,21107.62,228820.36,86967.0,0,0,0,0,0,0,0,0,0,0,0,0,0,0,0,0,0,0,0,0,0,0,0,0,0,0,0,0,0,0,0,0,0,0,0,0,0,0,0,0,0,0,0
banana republic factory,Social | Conversion | CVR DPA,2025-02-02,35233.97,240878.45,107174.0,0,0,0,0,0,0,0,0,0,0,0,0,0,0,0,0,0,0,0,0,0,0,0,0,0,0,0,0,0,0,0,0,0,0,0,0,0,0,0,0,0,0,0
banana republic factory,Social | Conversion | CVR DPA,2025-02-09,50315.6,339499.31,129605.0,2,0,0,0,0,0,0,0,0,0,0,0,0,0,0,0,0,0,0,0,0,0,0,0,0,0,0,0,0,0,0,0,0,0,0,0,0,2,0,0,0,0,0
banana republic factory,Social | Conversion | CVR DPA,2025-02-16,47874.380000000005,293841.6,113753.0,1,0,0,0,0,0,0,0,0,0,0,0,0,0,0,0,0,0,0,0,0,0,0,0,0,0,0,0,0,0,0,0,0,0,0,0,0,1,0,0,0,0,0
banana republic factory,Social | Conversion | CVR DPA,2025-02-23,39097.63,311745.57,122927.0,0,0,0,0,0,0,0,0,0,0,0,0,0,0,0,0,0,0,0,0,0,0,0,0,0,0,0,0,0,0,0,0,0,0,0,0,0,0,0,0,0,0,0
banana republic factory,Social | Conversion | CVR DPA,2025-03-02,47182.090000000004,347678.09,132291.0,0,0,0,0,0,0,0,0,0,0,0,0,0,0,0,0,0,0,0,0,0,0,0,0,0,0,0,0,0,0,0,0,0,0,0,0,0,0,0,0,0,0,0
banana republic factory,Social | Conversion | CVR DPA,2025-03-09,53506.22,333305.81,135528.0,0,0,0,0,0,0,0,0,0,0,0,0,0,0,0,0,0,0,0,0,0,0,0,0,0,0,0,0,0,0,0,0,0,0,0,0,0,0,0,0,0,0,0
banana republic factory,Social | Conversion | CVR DPA,2025-03-16,67924.63,357908.18,150657.0,0,0,0,0,0,0,0,0,0,0,0,0,0,0,0,0,0,0,0,0,0,0,0,0,0,0,0,0,0,0,0,0,0,0,0,0,0,0,0,0,0,0,0
banana republic factory,Social | Conversion | CVR DPA,2025-03-23,95338.77,535143.94,200357.0,0,2,0,0,0,0,0,0,0,0,0,0,0,0,0,0,0,0,0,0,0,0,0,0,0,0,0,0,0,0,0,0,0,0,0,0,0,2,0,0,0,0,0
banana republic factory,Social | Conversion | CVR DPA,2025-03-30,68566.01,416593.04,162765.0,0,1,0,0,0,0,0,0,0,0,0,0,0,0,0,0,0,0,0,0,0,0,0,0,0,0,0,0,0,0,0,0,0,0,0,0,0,1,0,0,0,0,0
banana republic factory,Social | Conversion | CVR DPA,2025-04-06,98606.01999999999,618059.31,218352.0,0,0,2,1,0,0,0,0,0,0,0,0,0,0,0,0,0,0,0,0,0,0,0,0,0,0,0,0,0,0,0,0,0,0,0,0,0,2,0,1,0,0,0
banana republic factory,Social | Conversion | CVR DPA,2025-04-13,87412.3,495019.54,207710.0,0,0,0,2,0,0,0,0,0,0,0,0,0,0,0,0,0,0,0,0,0,0,0,0,0,0,0,0,0,0,0,0,0,0,0,0,0,0,0,2,0,0,0
banana republic factory,Social | Conversion | CVR DPA,2025-04-20,53884.16,331811.37,137274.0,0,0,0,1,0,0,0,0,0,0,0,0,0,0,0,0,0,0,0,0,0,0,0,0,0,0,0,0,0,0,0,0,0,0,0,0,0,0,0,1,0,0,0
banana republic factory,Social | Conversion | CVR DPA,2025-04-27,125026.93,576141.59,205908.0,0,0,0,0,0,1,0,0,0,0,0,0,0,0,0,0,0,0,0,0,0,0,0,0,0,0,0,0,0,0,0,0,0,0,0,0,0,0,0,0,1,0,0
banana republic factory,Social | Conversion | CVR DPA,2025-05-04,44013.06,259163.1,99755.0,0,0,0,0,0,2,0,0,0,0,0,0,0,0,0,0,0,0,0,0,0,0,0,0,0,0,0,0,0,0,0,0,0,0,0,0,0,0,0,0,2,0,0
banana republic factory,Social | Conversion | CVR DPA,2025-05-11,60174.0,365429.53,119159.0,0,0,0,0,0,0,1,0,0,0,0,0,0,0,0,0,0,0,0,0,0,1,0,0,0,0,0,0,0,0,0,0,0,0,0,0,0,1,0,0,0,0,0
banana republic factory,Social | Conversion | CVR DPA,2025-05-18,66546.87,387183.87,126169.0,0,0,0,0,0,0,1,2,0,0,0,0,0,0,0,0,0,0,0,0,0,0,0,0,0,0,0,0,0,0,0,0,0,0,0,0,0,1,0,2,0,0,0
banana republic factory,Social | Conversion | CVR DPA,2025-05-25,45805.86,281207.49,94377.0,0,0,0,0,0,0,0,2,0,0,0,0,0,0,0,0,0,0,0,0,0,0,0,0,0,0,0,0,0,0,0,0,0,0,0,0,0,0,0,2,0,0,0
banana republic factory,Social | Conversion | CVR DPA,2025-06-01,28275.35,169526.85,65616.0,0,0,0,0,0,0,0,1,0,0,0,0,0,0,0,0,0,0,0,0,0,0,0,0,0,0,0,0,0,0,0,0,0,0,0,0,0,0,0,1,0,0,0
banana republic factory,Social | Conversion | CVR DPA,2025-06-08,21494.7,169782.75,59415.0,0,0,0,0,0,0,0,0,0,0,0,0,0,0,0,0,0,0,0,0,0,0,0,0,0,0,0,0,0,0,0,0,0,0,0,0,0,0,0,0,0,0,0
banana republic factory,Social | Conversion | CVR DPA,2025-06-15,24692.28,267472.83999999997,99687.0,0,0,0,0,0,0,0,0,1,0,0,0,0,0,0,0,0,0,0,0,0,0,0,0,0,0,0,0,0,0,0,0,0,0,0,0,0,1,0,0,0,0,0
banana republic factory,Social | Conversion | CVR DPA,2025-06-22,33659.97,253326.47,91298.0,0,0,0,0,0,0,0,0,2,1,0,0,0,0,0,0,0,0,0,0,0,0,0,0,0,0,0,0,0,0,0,0,0,0,0,0,0,2,0,1,0,0,0
banana republic factory,Social | Conversion | CVR DPA,2025-06-29,41400.57,253162.22999999998,88768.0,0,0,0,0,0,0,0,0,0,2,0,0,0,0,0,0,0,0,0,0,0,0,0,0,0,0,0,0,0,0,0,0,0,0,0,0,0,0,0,2,0,0,0
banana republic factory,Social | Conversion | CVR DPA,2025-07-06,20509.67,127651.03,48199.0,0,0,0,0,0,0,0,0,0,1,2,0,0,0,0,0,0,0,0,0,0,0,0,0,0,0,0,0,0,0,0,0,0,0,0,0,0,0,0,1,2,0,0
banana republic factory,Social | Conversion | CVR DPA,2025-07-13,18619.8,113393.83,44392.0,0,0,0,0,0,0,0,0,0,0,1,0,0,0,0,0,0,0,0,0,0,0,0,0,0,0,0,0,0,0,0,0,0,0,0,0,0,0,0,0,1,0,0
banana republic factory,Social | Conversion | CVR DPA,2025-07-20,18341.7,71631.02,34100.0,0,0,0,0,0,0,0,0,0,0,0,0,0,0,0,0,0,0,0,0,0,0,0,0,0,0,0,0,0,0,0,0,0,0,0,0,0,0,0,0,0,0,0
banana republic factory,Social | Conversion | CVR DPA,2025-07-27,23994.5,254139.97,86415.0,0,0,0,0,0,0,0,0,0,0,0,0,0,0,0,0,0,0,0,0,0,1,0,0,0,0,0,0,0,0,0,0,0,0,0,0,0,1,0,0,0,0,0
banana republic factory,Social | Conversion | CVR DPA,2025-08-03,13523.9,139097.03,49369.0,0,0,0,0,0,0,0,0,0,0,0,0,0,0,0,0,0,0,0,0,0,0,0,0,0,0,0,0,0,0,0,0,0,0,0,0,0,0,0,0,0,0,0
banana republic factory,Social | Conversion | CVR DPA,2025-08-10,8991.08,92850.04000000001,34329.0,0,0,0,0,0,0,0,0,0,0,0,0,0,0,0,0,0,0,0,0,0,0,0,0,0,0,0,0,0,0,0,0,0,0,0,0,0,0,0,0,0,0,0
